,0,27,183,273,343,491,621,653,707,768,864,961,987,1062,1093,1127,1153,1263,1445,1568,1663,1736,1804,1884,2023,2087,2171,2328,2353,2431,2570,2664,2709,2723,2761,2843,2936,2966,3019,3076,3116,3148,3209,3292,3412,3481,3518,3622,3821,3938,4020,4120,4164,4290,4308,4373,4410,4451,4513,4560,4781,4868,4997,5240,5367,5397,5449,5500,5532,5626,5672,5806,5851,5922,5956,6025,6049,6109,6172,6275,6292,9101,9493,9640,9672,9767
0,-0.2457578928965803,-0.1896676709643178,-0.21121136268719015,-0.1782191981538739,-0.2640420417775179,-0.23455825081972573,-0.21075988034479118,-0.2154455896534105,-0.19010721159806965,-0.14911669718294887,-0.24939674386982727,-0.1642412714381411,-0.192077743967436,-0.19941998487142287,-0.19164994173426403,-0.30960862644720794,-0.1957118111313959,-0.27069986802735385,-0.20603113711311907,-0.2838242755082507,-0.20888780857975925,-0.22560952488814262,-0.3274090392760514,-0.25573280025933115,-0.22050794684211453,-0.3005786294854102,-0.2655077047550663,-0.19504181824341693,-0.21011252275790127,-0.2361747864662634,-0.3336805509253613,-0.20098569965194615,-0.2044236771024171,-0.28127480302284474,-0.18380027972727073,-0.24197886961245216,-0.22819935253580562,-0.20177562260811907,-0.19334432396032003,-0.22052046374788226,-0.5588399212416814,-0.255639156078517,-0.22594856731392726,-0.28427205486779245,-0.20117024155223448,-0.20744698504874795,-0.20438050792999513,-0.21765932980364433,-0.20639448715915104,-0.38767158569850607,-0.19696321385899235,-0.20296689580482868,-0.2809154510544147,-0.2580738298690589,-0.2202077276644234,-0.1939434395217639,-0.2726472658826624,-0.3394386514877142,-0.24121549132634412,-0.18136047992182056,-0.34905341887912406,-0.17542023413180252,-0.26363809547279204,-0.22637676740826093,-0.33006679036222963,-0.2618307724235309,-0.17504419286966194,-0.4332860678731819,-0.24320190949256912,-0.2539914391128025,-0.19109441783688305,-0.19552131972053574,-0.19964135478755882,-0.21344554767553647,-0.20398086941564578,-0.1534866887719807,-0.1949922337790336,-0.21117841441209598,-0.22346572505400247,-0.20074350945650668,-0.2129264442707835,-0.21453976831213006,-0.224931758664518,-0.22302440340910007,-0.21148334012732706,-0.18656524812885716
1,-0.3483735321496493,-0.24247618990567307,-0.27461556409238064,-0.23573462719983332,-0.3216847419598981,-0.2943660255111418,-0.2733770150107602,-0.2825421525322409,-0.26451556242573465,-0.20214336339104805,-0.30698079332571887,-0.21365160715716552,-0.2604085140865243,-0.2536045247666659,-0.2674340309879231,-0.37688041387641413,-0.24768072250303141,-0.3242843630764205,-0.2666297935262949,-0.3382605909254734,-0.26026424321320046,-0.28608778756019915,-0.37801020233123206,-0.31859082864704397,-0.287163301227928,-0.361537735071945,-0.323404435556933,-0.2833612790201831,-0.27844268410659284,-0.2976701641620879,-0.38070250517996485,-0.2845773300273147,-0.3097783409090187,-0.3324818595684415,-0.23913302011745513,-0.3064094689568525,-0.28970933694744033,-0.27608745391298706,-0.27581868599696074,-0.30036495614068887,-0.6055361881659491,-0.33495006468423516,-0.29631731769286507,-0.3368795035246264,-0.2605325962339867,-0.2658623467432112,-0.28192214108899344,-0.28013693478216883,-0.29432614199825347,-0.4318081812639292,-0.2597175015503531,-0.25487828323035483,-0.34160488595816735,-0.3320314139673625,-0.27477693351535665,-0.26108579543508287,-0.3406287337268038,-0.40675121855367763,-0.3215867800643664,-0.23397194756492365,-0.4016260134206732,-0.2432309744298944,-0.324388889687236,-0.3028961319580633,-0.3852253793098083,-0.3282636125794931,-0.24246850405778808,-0.478551478421237,-0.30147052675961544,-0.31703987527905103,-0.24607782826792118,-0.2589106264024917,-0.27400308149448854,-0.30876013654314394,-0.2763707560696706,-0.22527483153088976,-0.26659737225351376,-0.27597395679290365,-0.28602284749066187,-0.2584530292594697,-0.27240825127710516,-0.27660852305324224,-0.2825999634629488,-0.3193031741391541,-0.26939665200064355,-0.2692708298599399
2,-0.44691056006139723,-0.2954163612861469,-0.33540110494227826,-0.29330791521414534,-0.37769719498023435,-0.3543895782306524,-0.3323028449915179,-0.3607041934078128,-0.3269646363759337,-0.25811870235961554,-0.3579589942693318,-0.2609449708490739,-0.32177024884077454,-0.31049131750447034,-0.3434441164887178,-0.4360808011543076,-0.2986422648190942,-0.38088304160359604,-0.32191746590853537,-0.39174856846027334,-0.31055307769754137,-0.34708141291616396,-0.4343715430354959,-0.3819102004947374,-0.3424467370399234,-0.4196410672657633,-0.38397458519482475,-0.3835091012646996,-0.3441094486841918,-0.3567791555069371,-0.4298327860225319,-0.34914723060135455,-0.38072505894855974,-0.3822199714496797,-0.2962157421605941,-0.37151315885781505,-0.3488938610962179,-0.34743015238067504,-0.350326666541869,-0.36860259028456344,-0.6399827295807098,-0.4110341724879968,-0.3641294466646149,-0.3819752882647758,-0.3130564595274056,-0.32191919337871183,-0.36623730799567994,-0.34754225017119206,-0.3694841705098588,-0.47374507691921025,-0.3239506572197905,-0.30755512554643466,-0.40869325664609707,-0.39385158710296286,-0.3300180075772035,-0.33098833779920217,-0.4084723318546475,-0.45771029651823375,-0.39601607889432244,-0.28575268661576153,-0.45684505211283327,-0.3015340609506052,-0.3903915202134732,-0.36896121565003914,-0.435946745263894,-0.39010877416174083,-0.3066469080531084,-0.5170092150319455,-0.3591293451850313,-0.37709366527047217,-0.30288541672598707,-0.3174188839768097,-0.34891731160531153,-0.39011284081290154,-0.34199724626949557,-0.2854212854532021,-0.33188866500610625,-0.3397969855769727,-0.35549733190628563,-0.32496174067544026,-0.3336431952623017,-0.336853993003287,-0.34630853651503485,-0.4051294234595394,-0.32761704551000476,-0.3271290784418798
3,-0.22923048589678124,-0.1809947780594269,-0.20204785577967554,-0.16958944610779692,-0.25779672205991055,-0.2290017497426732,-0.20217435907163112,-0.20079240640520135,-0.17973910092934095,-0.14269407440302032,-0.24486370904220228,-0.1702215440897712,-0.18319754411205444,-0.19268239418023325,-0.17473662240483084,-0.3005068594977022,-0.1881244677600903,-0.2639940019365852,-0.19791690888610247,-0.2758320287310297,-0.2034174445683975,-0.21632423534176948,-0.32105981963696956,-0.24216607678817087,-0.21265232200309245,-0.2916399464182318,-0.2548591494800579,-0.16741132061486985,-0.1981472128348267,-0.22683889140087168,-0.33050997535801163,-0.1897824728365562,-0.1943464870140604,-0.2723783356358447,-0.1751083971246041,-0.2369465977493036,-0.21947560224251658,-0.18950555157353893,-0.17834507131646588,-0.21058792176807878,-0.5537758913621773,-0.2513889996561277,-0.2152494996317031,-0.27982396924775754,-0.194818329843795,-0.20045661701176734,-0.18386766966091522,-0.20640767330585705,-0.19403981141989723,-0.38166937471268503,-0.18726566122486346,-0.19977589685125313,-0.26787324081603375,-0.255659579489429,-0.21065903714255965,-0.17734500003623282,-0.2597022001347384,-0.33866306447719713,-0.23196041749397486,-0.17553329890850808,-0.3357366574862883,-0.16479693076272697,-0.25339358379282156,-0.22536832744872945,-0.32421464566737196,-0.2539717433257941,-0.1639557526519847,-0.4264350156715063,-0.24117262461456548,-0.24293319793237733,-0.18412943655196873,-0.1845098680128736,-0.1838257358128341,-0.19379701475868116,-0.19821370106301753,-0.1497372179886394,-0.17963018401483097,-0.20437589054212713,-0.21206080955203643,-0.18822990870861783,-0.20655176301221015,-0.20384647384110335,-0.21300202682154915,-0.20816378763795002,-0.2020913289012243,-0.1798205190364521
4,-0.3418995658246269,-0.23566446268796462,-0.2618484551045843,-0.2300603458497512,-0.31190768150257675,-0.284277742169625,-0.25949131891619026,-0.27933413980649935,-0.24942723269805706,-0.1940474092605245,-0.29439524670888045,-0.20287725735742132,-0.24727487595132444,-0.2472240754877365,-0.26079682936612997,-0.36418168377038124,-0.2383474758000748,-0.3156744400933222,-0.25539512894179234,-0.3274707918489245,-0.25433715109972377,-0.27708935820576786,-0.36972567977221216,-0.3097112015388052,-0.2728190212647593,-0.35221639062664023,-0.31665319614268844,-0.28888479677485496,-0.26692767854426647,-0.2854610725073898,-0.3734073673514966,-0.2642996027006596,-0.2767014809948599,-0.32200038243245316,-0.232142740313604,-0.2947303641573463,-0.2792866421915727,-0.2650779906736437,-0.2653324146258279,-0.2837642526688404,-0.5933381660169691,-0.32081667598437724,-0.28608331773010603,-0.32556810642778145,-0.2480693111819596,-0.2592652398415602,-0.279238587939682,-0.2765915154890941,-0.2783498498851076,-0.4239334135793228,-0.2510763279007235,-0.24752977541523397,-0.33894264565961624,-0.313678721226567,-0.26529135241726515,-0.2524812732510704,-0.3331162436152756,-0.38578131545985483,-0.3068572486882657,-0.22635983347751926,-0.3969769016206488,-0.22684569360643786,-0.3201846678315131,-0.2825939127863126,-0.3735557592790862,-0.31255957920975463,-0.22919189125166067,-0.4677844948416339,-0.2904997308251847,-0.30325170091522513,-0.2393117051286823,-0.25074059009558214,-0.26316940784997117,-0.2924342148241759,-0.26197142842273446,-0.20882098763091878,-0.2527236009153512,-0.2643646305573285,-0.2820943569405917,-0.2522276438001847,-0.2639896723325085,-0.2641334591905989,-0.2788597682670796,-0.3063270936652636,-0.26212483462562886,-0.24267625980730392
5,-0.21482250309963213,-0.22012919946802176,-0.1981379933288882,-0.16449469859973012,-0.2582882861644191,-0.22653676532285238,-0.25173176630797905,-0.19886112752018428,-0.17543477983828146,-0.27857968137125666,-0.27757372171759076,-0.3242364891551215,-0.2136848173629085,-0.18613701618387787,-0.19138938017258378,-0.29749332624302305,-0.267954717560222,-0.272775804979425,-0.22081069565602565,-0.3078167877441354,-0.1979701173507855,-0.21746320105794456,-0.3258719728545425,-0.24049534710261197,-0.21330548006525354,-0.28856000419572814,-0.2576539922187363,-0.1558108138798943,-0.19848478401924372,-0.2319259235405041,-0.3454638202926111,-0.18078900097763465,-0.1833807437594348,-0.3397548952754566,-0.17794808116787875,-0.2360369591311146,-0.21611853179597743,-0.19445980466704538,-0.170305082630302,-0.2122414517167922,-0.5938572980845777,-0.2549410576336134,-0.21440242555255828,-0.37517268356973843,-0.20194509076838896,-0.20099510182832622,-0.17501281672804495,-0.1987848539850105,-0.1839936493450749,-0.40381599491008635,-0.18510532196103135,-0.20436598702674738,-0.26763432917060676,-0.3079543824081434,-0.229919250992535,-0.16957877057909734,-0.2597315169490801,-0.35556608203067214,-0.2287267665655258,-0.18131617472038097,-0.3374827338534323,-0.16304733191906312,-0.2783121265329845,-0.22600762847051387,-0.33642263756271773,-0.2714041417280661,-0.22241409755844593,-0.44196252156563165,-0.25540408403445936,-0.25023655910186926,-0.17771236998159204,-0.17679154922153267,-0.1792907029949427,-0.18037842006140298,-0.22085522508558794,-0.30106003394958386,-0.17327393695082988,-0.2046588332228616,-0.2099442628193092,-0.18819288566387782,-0.21536462260999678,-0.21336582804465123,-0.22081660635753536,-0.19428566752864468,-0.2016439203030954,-0.1842933210341711
6,-0.941038617302201,-0.9384564927118338,-0.9404332669277673,-0.9327581659756524,-0.9435461517053522,-0.9422469907917398,-0.9466614921968384,-0.940640572181735,-0.936495101596711,-0.9363862943028638,-0.9449854743505158,-0.95112793491173,-0.9401105301959147,-0.9353209406702705,-0.9376618827307335,-0.9475842113514352,-0.9330594738614902,-0.9467642160980017,-0.9381353469669858,-0.9464562945543373,-0.934667068319354,-0.9409120553218722,-0.9515289193430756,-0.9442276528508051,-0.9404828745886602,-0.9463031113972192,-0.9447026551614789,-0.9324466068976467,-0.9408885524574484,-0.9445134564281364,-0.9507651276888959,-0.9374608385085097,-0.9396240407290225,-0.9512476006699895,-0.9361946500228516,-0.9443635289270045,-0.9403499108671196,-0.9454563514849778,-0.9358025315846644,-0.9441710722061749,-0.9748517507790954,-0.950865277702811,-0.9433544802667729,-0.9387781123604295,-0.9388352497791856,-0.9379072747914189,-0.936975649217193,-0.9374102777267551,-0.9373278211601652,-0.9549223657963549,-0.9380592365764344,-0.9376786963127607,-0.9445633398787509,-0.9536601762144687,-0.9444656020371439,-0.9357918312905549,-0.9428230839320375,-0.9533016403450646,-0.9487683611174171,-0.9355103860057405,-0.9499572781882225,-0.937374592299559,-0.9469496607374331,-0.9437265547903608,-0.9523937409052732,-0.9440685486112335,-0.9410151645056023,-0.9623437485583864,-0.9449239973038133,-0.9464447206758253,-0.9344934915553881,-0.9348375810161478,-0.9382562104312574,-0.9366022627438739,-0.9445872005773807,-0.9479078446557951,-0.9377754915722337,-0.9416225278780224,-0.9396849909386296,-0.9402330756629957,-0.9418678681517517,-0.9441359139431428,-0.9416352009925032,-0.9382180004159615,-0.938442402641858,-0.9416632189009924
7,-0.39385146112926145,-0.325902572070959,-0.310194490929573,-0.2643928285401609,-0.36986937880918785,-0.3406050838976552,-0.3878146037374439,-0.35134255128679936,-0.29900755132270135,-0.39094539593864025,-0.3991710098096954,-0.42203098325905836,-0.3415237600330885,-0.28520482128456826,-0.3342380709547639,-0.4240202817290553,-0.3708801136042557,-0.39478223627164927,-0.3335845324030845,-0.42107246809976634,-0.28385675766115703,-0.33470071856397665,-0.43855600681529383,-0.37196984695386986,-0.3452869035780813,-0.40682411626042253,-0.3808870898421532,-0.3344101714868074,-0.3459057478623204,-0.3608958991631901,-0.4394810658210176,-0.3172600594608016,-0.34972045534315677,-0.48042698841883585,-0.2926973481487829,-0.3484609419164937,-0.3250839907985155,-0.37903658570492915,-0.32093629713270294,-0.3715368705406021,-0.7193727309377942,-0.4156839326862149,-0.3655161401249552,-0.4640577019627776,-0.3177716234098565,-0.3269709242212767,-0.3335317161937241,-0.32077752920201036,-0.32639267314503956,-0.49817459443467277,-0.3079358656556435,-0.30587725793779835,-0.40157434897856326,-0.45276014809861764,-0.36852905548567466,-0.2980110734152878,-0.39878005191275834,-0.46837075515091614,-0.3887836301843673,-0.28426332641555374,-0.45335541332074597,-0.3078303135067677,-0.42184279414324094,-0.3511762184420459,-0.465462801168402,-0.3991843548097969,-0.3609039880246882,-0.5799061607969955,-0.36327782803267233,-0.3921630621185819,-0.2742584204641343,-0.28328059243132037,-0.32134779419318155,-0.3293861917799361,-0.3795362201494434,-0.43117433080163237,-0.29501360752016326,-0.32874654832317884,-0.3458849765016274,-0.3292787495196628,-0.34607007301798803,-0.36065120126991485,-0.36343953700808335,-0.3479830860144201,-0.31744818641300104,-0.36572165891741254
8,-0.7807582145532644,-0.8154987203104528,-0.8001394812391609,-0.8000086970540072,-0.820834610102424,-0.8070878515036725,-0.8219113714055982,-0.7895916504915309,-0.8081762917239846,-0.8108321377468778,-0.8348906014093685,-0.8307698945112303,-0.8124241317598954,-0.8037485135396846,-0.7947860696193245,-0.8338900190470884,-0.8137915984260362,-0.8222646206060704,-0.8173579508539087,-0.8302500606255747,-0.8125642510887096,-0.8073951770611312,-0.8288068748709381,-0.8125646397909728,-0.8261509511300829,-0.8276453088017537,-0.8156807939999315,-0.771019884437469,-0.810201289330623,-0.8135977174816693,-0.8378264956950042,-0.8172662285767397,-0.8312078109355505,-0.8477444094056332,-0.8060791910371427,-0.7980656278048749,-0.8071188187598999,-0.8010114172389882,-0.8012877571929667,-0.8120871441245586,-0.9155333497070791,-0.794686550431958,-0.8055661769883142,-0.8422386876920476,-0.8196814199663535,-0.8160750723486544,-0.7841862751535231,-0.7980002911860626,-0.8037254099200848,-0.8584632123383477,-0.7996415614010572,-0.8115867899656051,-0.8135414469067642,-0.8263140501797288,-0.8204528122259916,-0.7978297230940681,-0.822996492888724,-0.8496991046608837,-0.7932501490662582,-0.8105780611718961,-0.8380319077195927,-0.8168859116632081,-0.8183806224653232,-0.8102421002856024,-0.8475257292242132,-0.813651393121873,-0.8149415998708139,-0.8853800980235492,-0.8117708417313814,-0.8248656214700671,-0.802336800992765,-0.8025311730677535,-0.7956538602895402,-0.801168362538507,-0.8157782359786399,-0.827029415382746,-0.7982656600457381,-0.800487383430036,-0.8017942267287573,-0.7996067309361643,-0.8080463487966,-0.8158303411924793,-0.8109353510612953,-0.7930701465462571,-0.8086617730756595,-0.8367128855917434
9,-0.6746356988745018,-0.5492442360285316,-0.5623089064655062,-0.5026760520567201,-0.5980875045616314,-0.5853483525007188,-0.6268541342375082,-0.6179669213729116,-0.5483253367301073,-0.6161792356710722,-0.6156977226087982,-0.6344315757697495,-0.583513277386068,-0.5259999388129842,-0.5922819076960055,-0.6474912142789189,-0.5873535265376296,-0.6239544915683443,-0.5653438313937197,-0.6387505747519906,-0.5073100255457682,-0.5783017872038009,-0.6643398952965507,-0.609869667225126,-0.5755602117458549,-0.6293179285464391,-0.6117995947983367,-0.6114626107602178,-0.5955602087353667,-0.5996925234789672,-0.6449811610958698,-0.5718923014693177,-0.6229822064187516,-0.6793055750709664,-0.5333448089442031,-0.6058935219635023,-0.5653294262194956,-0.6312182560750339,-0.5796076240194395,-0.6244893853564347,-0.8409204269592006,-0.682772671308563,-0.6130322939571541,-0.6519814706590173,-0.5489076834380123,-0.552912653819696,-0.6037197072683955,-0.567438903345423,-0.5937405697178408,-0.6733771235523883,-0.5616727799369475,-0.5385849904301865,-0.633393921269855,-0.686155113200446,-0.5987937304316968,-0.5624530864039323,-0.6351317723513965,-0.6833090043856433,-0.6493755160394764,-0.5154106850582253,-0.654381245447194,-0.5555590446262705,-0.6530586706884351,-0.620768630592051,-0.6702273298016505,-0.6432830456602214,-0.6114541621868631,-0.7355918626193955,-0.6029238793803383,-0.630720223159277,-0.5175336414579362,-0.5182832430318773,-0.5924786101621888,-0.6025181274512029,-0.6300078181736225,-0.6615190204890731,-0.5516230658979627,-0.5849980667512973,-0.5975204009247906,-0.5866054423482762,-0.5904131208650428,-0.6035167442805455,-0.5986050924821054,-0.6240990371240882,-0.553377739829156,-0.6095174679846411
10,-0.20224631462472373,-0.21306695186709323,-0.18894678430208148,-0.1562103152292123,-0.24977202870584705,-0.21628297393954043,-0.2439946119069918,-0.19207887042262264,-0.16723264045043681,-0.26999412956608115,-0.26914619817958907,-0.30880307083949715,-0.20561892754077338,-0.17782172618273687,-0.1848025208866135,-0.28998080633244483,-0.2602836104947549,-0.26498441045375576,-0.2132872845446641,-0.30108014266142796,-0.18941361090184233,-0.20945638236469138,-0.31862145935465386,-0.23408922636398355,-0.20548160285210396,-0.28084609273882255,-0.2507676062108517,-0.1521839281400942,-0.1922729905284547,-0.22392605288530226,-0.3366890009452106,-0.17344450445483098,-0.17629970050431837,-0.33493814655300513,-0.17070376679615665,-0.22396054818061897,-0.20755267517894,-0.1846150598799622,-0.1627515067866549,-0.20247312595799252,-0.5888507050269766,-0.23831484727209196,-0.20508375987945773,-0.36732128748584847,-0.19393879569565659,-0.19238707834005744,-0.16937449074534638,-0.19092466118126822,-0.17582628376289725,-0.39748825558815515,-0.17709154560565962,-0.19437105656932682,-0.2613466507968281,-0.2941048270619092,-0.22319224251447745,-0.1660099061055565,-0.255288331747527,-0.3447732846846224,-0.21556126335534645,-0.17300413083144783,-0.33333513945802073,-0.15787521520840145,-0.2708447233396322,-0.21366611593275903,-0.32928678558239655,-0.2621827845574217,-0.21645081756396828,-0.4383120437317963,-0.24333438219360815,-0.2450249354884623,-0.1694883797253038,-0.16819104424581774,-0.174185749031187,-0.17522949052121878,-0.21055555242848623,-0.28917988826531577,-0.16708906557951958,-0.19428254365234027,-0.20274869191078204,-0.18290033092896713,-0.20561042560806767,-0.20690435245047376,-0.21471797162444572,-0.18453857679182345,-0.19412482210206475,-0.1773704514094617
11,-0.7511954653894471,-0.7356864148882921,-0.7293611062535854,-0.7122221081484241,-0.7517892612931969,-0.7413080926812731,-0.7576270677807537,-0.740936407876583,-0.7216973039744724,-0.7538974119169456,-0.7621093068538043,-0.7768992811673658,-0.7380191963029864,-0.720421674486238,-0.732955852837981,-0.7696082534492098,-0.7460376242831357,-0.7616321315993267,-0.7360273393024191,-0.7696063155456151,-0.7210590363863716,-0.7377706170380233,-0.7781314275661761,-0.7521600587625941,-0.7406960177587639,-0.7648656642505182,-0.7551607901438205,-0.7271869142909083,-0.739105383750487,-0.7485181758399069,-0.7804216057290625,-0.7259302617170486,-0.7323288819709481,-0.7921161127777886,-0.7226094055655736,-0.74386138924323,-0.7346495046407177,-0.7528069432449294,-0.7270924199730808,-0.7486197814290784,-0.8856024688840276,-0.7683814975298303,-0.7481741078247499,-0.7797071410473727,-0.7319773872290636,-0.7355138442535776,-0.7315884882903715,-0.7313249796362083,-0.7276096637360981,-0.8025843204189083,-0.7269027526009544,-0.7294828902793861,-0.761324070269741,-0.7827675423249657,-0.7517242115675647,-0.7196865719216884,-0.7572035653309338,-0.7875377295686546,-0.7575072976568729,-0.720898014895788,-0.7830191512731685,-0.7245186147498893,-0.7692382674183205,-0.7409250449069081,-0.7878775022808202,-0.7591107830076615,-0.7435023981215911,-0.8322827333180213,-0.7507435091243435,-0.7579391926752216,-0.7159769152984684,-0.7192072918131917,-0.7274610452699827,-0.7261240868421754,-0.7524134781025804,-0.7719776313410855,-0.7206229867782186,-0.7354511184451552,-0.7400164077720893,-0.734177849357396,-0.7427546253340443,-0.7476566422643524,-0.7480107117270525,-0.7343833298184714,-0.7316782831396518,-0.7430962105417799
12,-0.26040947967059175,-0.24365678987183564,-0.22482328569243554,-0.18968143410818142,-0.2824068786392407,-0.2515776614523632,-0.27834595177924437,-0.23462265341418026,-0.20430811402759533,-0.30235296636955816,-0.2996449458144876,-0.3394807393487064,-0.2410340588534669,-0.21051102999306648,-0.22776057433848096,-0.32485961209053704,-0.2903888647806352,-0.29709405048938375,-0.2456020767509186,-0.3317568914431307,-0.21914929759166513,-0.24436311571623712,-0.34968062527099913,-0.27033619819782406,-0.23872961077352836,-0.3149271882701509,-0.2847258332731404,-0.20574024027577031,-0.2290105531799358,-0.2582854962054841,-0.3652548186268819,-0.21198620153910405,-0.2189235187117742,-0.3627438842270438,-0.20311403786427928,-0.26246310522982197,-0.24203729152971618,-0.22648374108990393,-0.20620009433663644,-0.24322654947809313,-0.610174813233577,-0.2857835491207147,-0.24480431580911619,-0.39490618216283174,-0.22507013019775465,-0.22546761548035815,-0.21594426316764992,-0.2288318209949151,-0.21929110354311973,-0.422100014584677,-0.2135032816823607,-0.22573968528048977,-0.2984135621733733,-0.3332109758917271,-0.25491941569921034,-0.20350733381730698,-0.29208183331427734,-0.37677543689961535,-0.2600719194946888,-0.2032633812273832,-0.36400578820843765,-0.19065643120207862,-0.30764652001934883,-0.2527300526762297,-0.3588709451059324,-0.2987688564635404,-0.25246167968018635,-0.460067701136982,-0.27804842254727796,-0.27840879154618514,-0.20197776564220404,-0.20355223095623262,-0.21499044901210457,-0.22141681143986103,-0.24918444040634335,-0.3263679663294429,-0.20450473597673316,-0.23153078526478146,-0.24125104598105818,-0.21835408888131225,-0.24137579075250315,-0.24101845638034897,-0.2498713785161106,-0.23467719708773827,-0.22746446369275708,-0.21166443688731612
13,-0.9810301090929915,-0.9916534262253303,-0.9890584412659109,-0.9918684331252604,-0.9913900002632453,-0.9897079415675779,-0.991127914362214,-0.9855897368231962,-0.9922532984585724,-0.9787145851642135,-0.992579664875726,-0.9907465899004628,-0.989992645094369,-0.9921873708939013,-0.9870771002663161,-0.9922700503487305,-0.9789027342702024,-0.9907958674561254,-0.9910581199860148,-0.9885643218312512,-0.9940011149703635,-0.9901186042220594,-0.9901459990953951,-0.9890659086490606,-0.9945785550465558,-0.9914265066292218,-0.9894716597387394,-0.9821848716476949,-0.9906540300519697,-0.9897719646874382,-0.9919320201693747,-0.9942816141083872,-0.9974543400335805,-0.9892961412410789,-0.9923062482213767,-0.986758025575338,-0.9900791009508703,-0.9854235274690643,-0.9901322118529071,-0.989315777930641,-0.9951737337428347,-0.9821608129788041,-0.9877786939428665,-0.9798923920965346,-0.9941879327847771,-0.9928509014062201,-0.9851185846873716,-0.9887560149518748,-0.9905947716068387,-0.9923598123240914,-0.9899028538955282,-0.9930422012893063,-0.9882975703665707,-0.987811288721106,-0.9915594476585915,-0.9906837443510043,-0.9917857549271174,-0.9927552542164361,-0.9819308540637324,-0.9935931441648836,-0.9909534551740087,-0.9940759040642348,-0.9886056141834495,-0.9910901354573524,-0.9931215838035887,-0.9839157378944069,-0.9902190739219175,-0.9956900002854616,-0.9895848008661587,-0.9917641871317932,-0.9923932551701679,-0.9909303109794408,-0.9887782205180018,-0.9897929067244784,-0.9905299162808281,-0.987654640309275,-0.9893251980965998,-0.9886985225888187,-0.9890614990405494,-0.9891260534685246,-0.9900429726654785,-0.9908280594407225,-0.9897522327587608,-0.9867388084314644,-0.9912486650818673,-0.9955310986607029
14,-0.5230827144713712,-0.3995331755880195,-0.39589034570090537,-0.3440279972421831,-0.44894674184278693,-0.42411765769744403,-0.47241397456675216,-0.4487830928517161,-0.3925886826177158,-0.4667865332224781,-0.4756882633266558,-0.49168328872844025,-0.430296699152604,-0.36342320797807176,-0.43474364903708623,-0.5104814328553664,-0.44269600912621376,-0.47189687433440863,-0.4145029226681209,-0.49605595072914743,-0.3558022956633246,-0.41868148314201387,-0.5138292135308411,-0.4573844904676457,-0.43021859265595697,-0.48846142436061657,-0.461753202494839,-0.4540667952448164,-0.4373881802423933,-0.44380960437215183,-0.5074853761967784,-0.41882414062081685,-0.4708175548701275,-0.5503470579745062,-0.3717401741540386,-0.4378240009012992,-0.4079892708737399,-0.47585147754757584,-0.42587705614007165,-0.47168858554948334,-0.7733163260854371,-0.5199407905435735,-0.4585421303753606,-0.5322528345186054,-0.3966686106863964,-0.4063045284362933,-0.43974691360141077,-0.40877984772120135,-0.43611502460243173,-0.557756949874543,-0.3956739813416953,-0.38074783157023173,-0.48722698358480393,-0.5447458771542394,-0.4454689869861931,-0.39191181880796966,-0.49057638076001914,-0.5512371584314867,-0.49054290931556954,-0.3584184910894636,-0.5257403523679225,-0.3960399958812751,-0.5076447209896451,-0.4515955686948888,-0.5392790296115204,-0.48749886792872593,-0.4521272301768654,-0.6375496222602317,-0.4446498528314208,-0.47733381966432087,-0.35325337417749697,-0.36599862404753536,-0.42231232130340546,-0.4461708882032739,-0.47476538844887123,-0.5214079764130228,-0.38745326057960067,-0.41793923090992974,-0.436190251886456,-0.4153452400975942,-0.43025710040133053,-0.445360169171885,-0.4461384012422461,-0.4678596432279047,-0.3977421672250797,-0.4636160732083813
15,-0.27516065557304803,-0.2763802858103334,-0.25512835474350565,-0.2081718228022219,-0.3189284271363271,-0.287629819250685,-0.33544165828999684,-0.27598978797048085,-0.23397011107142246,-0.34244171984187904,-0.35298304353355964,-0.38571995162255757,-0.28113780197311744,-0.23522684769259555,-0.2518111623554746,-0.3633495740693978,-0.3252532110983203,-0.3468394377839115,-0.28102235790428126,-0.37416328070264326,-0.2369758841829725,-0.27811094418412424,-0.3933852503914447,-0.3096732671413424,-0.2898060231910806,-0.34931158813888763,-0.3228601130511961,-0.2145338889095741,-0.2825487347962537,-0.30692129781115335,-0.39830616550893033,-0.24843727401317992,-0.27371285717982796,-0.43609437503891835,-0.24119070018930527,-0.2912438379466862,-0.26924347056868325,-0.3044724362640012,-0.23712145705890225,-0.3002424987922354,-0.680274103319624,-0.34108263731914834,-0.29649800007988214,-0.420681642061833,-0.26970148534861915,-0.2708998399587101,-0.2418750019425727,-0.2532372202136268,-0.24492308741607777,-0.45907456660398044,-0.2484832559173495,-0.26110309528085746,-0.3330745252722395,-0.3921521337999677,-0.3197443834280449,-0.231519506991476,-0.3298641386495912,-0.42209205769688063,-0.311542748553256,-0.23823648329463878,-0.3970992559421011,-0.254063741959277,-0.35636819884051374,-0.29455591321912256,-0.41940775616915826,-0.3440329463400395,-0.30191408162886296,-0.5428709095864769,-0.31432322080363406,-0.33867912412105095,-0.22382500084906498,-0.2212308194791513,-0.24851167587914252,-0.23626196588214468,-0.3168645725137383,-0.3711557531420087,-0.22917636743750158,-0.2711253882793786,-0.27903408937650537,-0.27185191244933976,-0.29099857491455644,-0.30651326071918134,-0.3017186119886191,-0.24944443534171068,-0.2619220349413113,-0.30901657079914746
16,-0.7936251135904364,-0.7513392085067201,-0.7506627919278955,-0.727352806627041,-0.7715586554414836,-0.7636148447447505,-0.782425954620541,-0.7782155343247814,-0.740806405560138,-0.7765543828779167,-0.779478602354006,-0.7906943343327022,-0.7592864214987174,-0.738523808546559,-0.7637713362014092,-0.7928671646545915,-0.7630448240702656,-0.7855234738914812,-0.7542294873791204,-0.791052735307306,-0.7322156999116435,-0.7612683629985812,-0.8060595878585874,-0.7765561130278182,-0.7577492801508711,-0.7870687383799913,-0.7797652268174456,-0.7727592453914591,-0.765790865174621,-0.7700620638141102,-0.7994679791623084,-0.7476468060121688,-0.7594210809023125,-0.812829452235184,-0.7422739971379222,-0.7702926783076524,-0.75412258674005,-0.781439306202057,-0.7550030203989171,-0.7747511872339611,-0.8979673262227913,-0.8011441481534459,-0.7742538353408164,-0.7941279625870798,-0.7470379759878613,-0.7517583770345052,-0.7696333684458031,-0.7570392402524431,-0.7567974749517903,-0.8158814284596291,-0.7518829679192482,-0.7454290284063786,-0.7907362521831309,-0.8049759719730537,-0.7739655371501407,-0.7511159756494916,-0.7869503165984956,-0.8057363293353509,-0.7852810546561656,-0.7345475538596826,-0.8048234552685973,-0.7452849317403321,-0.799369268684089,-0.7696880191658054,-0.8080503644416495,-0.784927057528177,-0.7723634455409147,-0.8461011082480088,-0.771985567310499,-0.7840476853039723,-0.7343587218971658,-0.7331245340782917,-0.7614540383972759,-0.7593243229066311,-0.7795999853671582,-0.7941546168353173,-0.7433631655888256,-0.7610530765941845,-0.7710562899650013,-0.765851256145087,-0.7671094988846388,-0.7717149323874285,-0.7742131917451418,-0.769488530810598,-0.7513041936079283,-0.7624491321111674
17,-0.22542932146472147,-0.22316027194017835,-0.20674359124834912,-0.17157191129438204,-0.26069922825825637,-0.23202973488838433,-0.25098157367715646,-0.2069183903362167,-0.18051149471681516,-0.2649701768215688,-0.273743444512114,-0.16934575329737878,-0.21475395382005136,-0.19638920840647694,-0.1775040034377268,-0.3014433426474805,-0.2671326280683381,-0.26866806905583523,-0.21866438296861226,-0.3141297874436699,-0.20464299639093197,-0.2201325192089511,-0.32714106678712,-0.2473225341623999,-0.21395268597315414,-0.2940307209364396,-0.25936619782009596,-0.16951929465345156,-0.20350072959239898,-0.23335151650771588,-0.3339930123207607,-0.18980870310763698,-0.19264673420994588,-0.33824407396661543,-0.1786386903265642,-0.24204331675167134,-0.22406208979451941,-0.19301458672062452,-0.17836092383185306,-0.21230882450040264,-0.5531518471108415,-0.2518232671897628,-0.21795381509002287,-0.37726962241330736,-0.20235751692480355,-0.20155769422710307,-0.18806240345845046,-0.2090018931711729,-0.19383863905243529,-0.4069365116486935,-0.19124823026143323,-0.2019674042170572,-0.27115452745991475,-0.2590059450772266,-0.2154474364222858,-0.1839753352117519,-0.2625278682257177,-0.3589096254071793,-0.23400250435307463,-0.17784071381665334,-0.34004802181772215,-0.16938002221885748,-0.2568287839580183,-0.22646940163044235,-0.3282292131474527,-0.2803999256623068,-0.22816272780570024,-0.4293943768999067,-0.24444180256911305,-0.2499740719337442,-0.187083082015158,-0.18607094605527388,-0.18990789823410129,-0.19482409368603265,-0.21316331648727216,-0.299477306612959,-0.18466293199013703,-0.20766614565609187,-0.21597417897167762,-0.1958636856747693,-0.20981577917685845,-0.2152301626228055,-0.21705439718395927,-0.206395768672151,-0.2062279495759998,-0.18051143306755904
18,-0.5492415521575386,-0.4534872026959177,-0.47437190977583993,-0.40543409384494533,-0.501394983689287,-0.4942614071036568,-0.520865910451473,-0.5107147417591779,-0.4443345891665084,-0.5072504402856546,-0.5098258094068525,-0.39082243034167685,-0.47582177171508067,-0.4358954773751209,-0.46538832169807737,-0.5570460712348377,-0.4956516482956475,-0.520438294891952,-0.4600964721894413,-0.5523087838293832,-0.4166694621492675,-0.478298490248027,-0.5800426471918283,-0.5192859803214619,-0.4635243212190447,-0.538843891837227,-0.5151724338191731,-0.4878341909571022,-0.48101841524859784,-0.5013971543661793,-0.551392092469022,-0.4618686156652885,-0.4905767229451784,-0.5756947227326689,-0.42534397083934783,-0.5198257058756284,-0.47416711233420406,-0.5110291124171145,-0.46462243962409117,-0.5044329017478075,-0.7222290191412248,-0.577033091572374,-0.4973327075957676,-0.5725564190545194,-0.44222633692388547,-0.4393349482244527,-0.49357483518257717,-0.46982343057736387,-0.4817867115976832,-0.5974871761151856,-0.46421064384923083,-0.43598531918815214,-0.5309450262871374,-0.5351004561069717,-0.48349413934113433,-0.468729786967424,-0.5223475851030684,-0.594571520582692,-0.5505136496286496,-0.40746340792553465,-0.5647145063231717,-0.44181309523325824,-0.5242024738549084,-0.5185393025370332,-0.5600190552671466,-0.5578373117044111,-0.502206086653086,-0.6167154940570162,-0.4975158276103572,-0.5230011020051241,-0.42862551379633923,-0.4238340549496466,-0.4882626037086255,-0.49664064445007633,-0.5080672317388345,-0.5554155459961945,-0.4597385080792748,-0.48393726855551505,-0.4927497446242671,-0.48842072583588286,-0.4819486166523999,-0.4927017402825883,-0.4804268498335529,-0.5118156816290349,-0.4568551123667733,-0.4638691174909567
19,-0.34542519447595066,-0.2898572393431266,-0.27656188150815325,-0.23667618164212137,-0.32652634789878177,-0.30125879581411386,-0.32841765798416905,-0.29865156294801504,-0.264646186022364,-0.32736415634621924,-0.34511279327634153,-0.21869526779355514,-0.2948660588989702,-0.2562554205558616,-0.27543759906300536,-0.389003499620337,-0.32852556245977826,-0.3368833032529044,-0.2880153438494251,-0.37917883522257495,-0.25976061197030725,-0.29045313007720874,-0.3918635605752548,-0.33196405578223936,-0.2960390928332892,-0.36993453056658504,-0.3374950445746285,-0.295876290925794,-0.29015004546984435,-0.3124983386457483,-0.389130921894554,-0.277945484334034,-0.29011537313321234,-0.4157442358613298,-0.245370205716789,-0.31080817741702027,-0.2923761148552782,-0.3148015594331971,-0.2803305794545626,-0.3105563008721804,-0.6317248043737356,-0.35407464665081306,-0.3069110655011679,-0.4318567791852934,-0.27188789598369506,-0.2787179654215307,-0.29100577507118364,-0.2872315598017856,-0.2874508838305341,-0.46520166634762566,-0.2690889649724928,-0.26131238574668864,-0.35571218562929774,-0.34745609491180296,-0.301931208500582,-0.2659658848769034,-0.3471465335844859,-0.4246127138098741,-0.34158520814938537,-0.23886777768064693,-0.41393146154671095,-0.2557461370645484,-0.34554821647091555,-0.30116267451201356,-0.3998620787272216,-0.35599772072585134,-0.30536877842747684,-0.4998881586802844,-0.3064249364619967,-0.3316725716665278,-0.24806096328809057,-0.2591332913468441,-0.2778638030435252,-0.3006169048383481,-0.31216142194448565,-0.376428378895495,-0.26648115190975996,-0.28112783840801187,-0.29877639562779557,-0.2822299732349205,-0.2903854874621691,-0.29769392686020274,-0.30150758612999407,-0.311763821899436,-0.2820047864328432,-0.28302484443092063
20,-0.258213805004416,-0.1916234640301063,-0.21573695815547173,-0.18058620047519705,-0.2729251561213203,-0.2417828419719955,-0.22115572816767795,-0.21477200348106168,-0.205401475551302,-0.15282249730904596,-0.26387265506189833,-0.1773429900892353,-0.20530227941023374,-0.20355988314487886,-0.19495250519239354,-0.32414379286424916,-0.19861269667881648,-0.2763986996966213,-0.21593362121130022,-0.2908059196771506,-0.2132587958501576,-0.23015747995838062,-0.33248793549767386,-0.2567458050891073,-0.23680338844842624,-0.3085281626972233,-0.26721232319989374,-0.1890878994824862,-0.2206096302219284,-0.24219419009118542,-0.33979659619823266,-0.22630395127146047,-0.2556827130486384,-0.2887790819903956,-0.18706716152350406,-0.24928640355949672,-0.23372219536401673,-0.20653448162454727,-0.20605248385899883,-0.23777282428100097,-0.5741425133203891,-0.2668334962750818,-0.23277890763794254,-0.2966525621831286,-0.21322789394610842,-0.21472937153283622,-0.20214590011275255,-0.21869998295919457,-0.22920980153666012,-0.3917748091458344,-0.2022513107097402,-0.2097262158576611,-0.2805800898439666,-0.2781243125272169,-0.22294223401041424,-0.1982864403482148,-0.28546051329929023,-0.3671028092754414,-0.2494092317316799,-0.1866450833582524,-0.347749985373918,-0.19250424935835828,-0.2673397670601455,-0.2555579129802383,-0.34269515396554917,-0.27347174979261035,-0.18821796267387206,-0.4449121226464949,-0.2530210826601154,-0.2653845267704902,-0.19544687396755978,-0.1972603732262252,-0.20844098079297863,-0.2333840476898265,-0.22308436243317273,-0.17354001009364425,-0.19991639919833604,-0.21922808460937782,-0.2262928223400111,-0.20117045636244904,-0.21921473176283554,-0.2220335276039473,-0.2251719130532049,-0.24249011426579475,-0.21470138415245144,-0.22439158645387916
21,-0.4274441066631163,-0.28603528822993374,-0.32231550469410924,-0.28340588134481276,-0.36614956004989485,-0.3406017096556491,-0.3195062876974644,-0.346692561758173,-0.3162483381107188,-0.2455024034518646,-0.34690736831845537,-0.2445818897216308,-0.3110518183764192,-0.29946919882754486,-0.33121221903514897,-0.42468634975201425,-0.2877715048235798,-0.36884345988839934,-0.3117886619001145,-0.38081534985230314,-0.30136699146424223,-0.33530510242765943,-0.422310293688973,-0.37008898863972,-0.33212205488694324,-0.40796352320644974,-0.37321185373577526,-0.3717595613494202,-0.33327352095366825,-0.3446743440968348,-0.41842993816621754,-0.338418193633909,-0.3690672006903147,-0.37323890811569727,-0.28605034283693337,-0.35533559386778657,-0.3374518277044825,-0.332798838243634,-0.33801728865202346,-0.3547259116840285,-0.632962476449459,-0.38851884524080527,-0.35035984682645543,-0.3719507204642986,-0.30306879147741744,-0.31149774241708433,-0.3530047524201924,-0.3358624537148922,-0.35720195044084907,-0.46551009173826,-0.31191543953907286,-0.29555559297413897,-0.3974591394441639,-0.37661242276618173,-0.31886905648874164,-0.32132512527064994,-0.39898225247751845,-0.4444569277954103,-0.37908456385734185,-0.27603069580918904,-0.4483703617910314,-0.29302467612298366,-0.3781547193325227,-0.3530918138576901,-0.42533335936955546,-0.37544074878708267,-0.2951270141380164,-0.5112578122484983,-0.34410413907906867,-0.36657914097736455,-0.2923709714178114,-0.3067383685081498,-0.3374235414086796,-0.3790946057043457,-0.32765675210844625,-0.270582151036183,-0.3215182615920054,-0.3256454303420285,-0.34290335976391734,-0.313845551918638,-0.3198313758329339,-0.32551667212019414,-0.33564786076627523,-0.38995590924639784,-0.3173211431641367,-0.31774062053743557
22,-0.20224631462472373,-0.21306695186709323,-0.18894678430208148,-0.1562103152292123,-0.24977202870584705,-0.21628297393954043,-0.2439946119069918,-0.19207887042262264,-0.16723264045043681,-0.26999412956608115,-0.26914619817958907,-0.30880307083949715,-0.20561892754077338,-0.17782172618273687,-0.1848025208866135,-0.28998080633244483,-0.2602836104947549,-0.26498441045375576,-0.2132872845446641,-0.30108014266142796,-0.18941361090184233,-0.20945638236469138,-0.31862145935465386,-0.23408922636398355,-0.20548160285210396,-0.28084609273882255,-0.2507676062108517,-0.1521839281400942,-0.1922729905284547,-0.22392605288530226,-0.3366890009452106,-0.17344450445483098,-0.17629970050431837,-0.33493814655300513,-0.17070376679615665,-0.22396054818061897,-0.20755267517894,-0.1846150598799622,-0.1627515067866549,-0.20247312595799252,-0.5888507050269766,-0.23831484727209196,-0.20508375987945773,-0.36732128748584847,-0.19393879569565659,-0.19238707834005744,-0.16937449074534638,-0.19092466118126822,-0.17582628376289725,-0.39748825558815515,-0.17709154560565962,-0.19437105656932682,-0.2613466507968281,-0.2941048270619092,-0.22319224251447745,-0.1660099061055565,-0.255288331747527,-0.3447732846846224,-0.21556126335534645,-0.17300413083144783,-0.33333513945802073,-0.15787521520840145,-0.2708447233396322,-0.21366611593275903,-0.32928678558239655,-0.2621827845574217,-0.21645081756396828,-0.4383120437317963,-0.24333438219360815,-0.2450249354884623,-0.1694883797253038,-0.16819104424581774,-0.174185749031187,-0.17522949052121878,-0.21055555242848623,-0.28917988826531577,-0.16708906557951958,-0.19428254365234027,-0.20274869191078204,-0.18290033092896713,-0.20561042560806767,-0.20690435245047376,-0.21471797162444572,-0.18453857679182345,-0.19412482210206475,-0.1773704514094617
23,-0.7511954653894471,-0.7356864148882921,-0.7293611062535854,-0.7122221081484241,-0.7517892612931969,-0.7413080926812731,-0.7576270677807537,-0.740936407876583,-0.7216973039744724,-0.7538974119169456,-0.7621093068538043,-0.7768992811673658,-0.7380191963029864,-0.720421674486238,-0.732955852837981,-0.7696082534492098,-0.7460376242831357,-0.7616321315993267,-0.7360273393024191,-0.7696063155456151,-0.7210590363863716,-0.7377706170380233,-0.7781314275661761,-0.7521600587625941,-0.7406960177587639,-0.7648656642505182,-0.7551607901438205,-0.7271869142909083,-0.739105383750487,-0.7485181758399069,-0.7804216057290625,-0.7259302617170486,-0.7323288819709481,-0.7921161127777886,-0.7226094055655736,-0.74386138924323,-0.7346495046407177,-0.7528069432449294,-0.7270924199730808,-0.7486197814290784,-0.8856024688840276,-0.7683814975298303,-0.7481741078247499,-0.7797071410473727,-0.7319773872290636,-0.7355138442535776,-0.7315884882903715,-0.7313249796362083,-0.7276096637360981,-0.8025843204189083,-0.7269027526009544,-0.7294828902793861,-0.761324070269741,-0.7827675423249657,-0.7517242115675647,-0.7196865719216884,-0.7572035653309338,-0.7875377295686546,-0.7575072976568729,-0.720898014895788,-0.7830191512731685,-0.7245186147498893,-0.7692382674183205,-0.7409250449069081,-0.7878775022808202,-0.7591107830076615,-0.7435023981215911,-0.8322827333180213,-0.7507435091243435,-0.7579391926752216,-0.7159769152984684,-0.7192072918131917,-0.7274610452699827,-0.7261240868421754,-0.7524134781025804,-0.7719776313410855,-0.7206229867782186,-0.7354511184451552,-0.7400164077720893,-0.734177849357396,-0.7427546253340443,-0.7476566422643524,-0.7480107117270525,-0.7343833298184714,-0.7316782831396518,-0.7430962105417799
24,-0.26040947967059175,-0.24365678987183564,-0.22482328569243554,-0.18968143410818142,-0.2824068786392407,-0.2515776614523632,-0.27834595177924437,-0.23462265341418026,-0.20430811402759533,-0.30235296636955816,-0.2996449458144876,-0.3394807393487064,-0.2410340588534669,-0.21051102999306648,-0.22776057433848096,-0.32485961209053704,-0.2903888647806352,-0.29709405048938375,-0.2456020767509186,-0.3317568914431307,-0.21914929759166513,-0.24436311571623712,-0.34968062527099913,-0.27033619819782406,-0.23872961077352836,-0.3149271882701509,-0.2847258332731404,-0.20574024027577031,-0.2290105531799358,-0.2582854962054841,-0.3652548186268819,-0.21198620153910405,-0.2189235187117742,-0.3627438842270438,-0.20311403786427928,-0.26246310522982197,-0.24203729152971618,-0.22648374108990393,-0.20620009433663644,-0.24322654947809313,-0.610174813233577,-0.2857835491207147,-0.24480431580911619,-0.39490618216283174,-0.22507013019775465,-0.22546761548035815,-0.21594426316764992,-0.2288318209949151,-0.21929110354311973,-0.422100014584677,-0.2135032816823607,-0.22573968528048977,-0.2984135621733733,-0.3332109758917271,-0.25491941569921034,-0.20350733381730698,-0.29208183331427734,-0.37677543689961535,-0.2600719194946888,-0.2032633812273832,-0.36400578820843765,-0.19065643120207862,-0.30764652001934883,-0.2527300526762297,-0.3588709451059324,-0.2987688564635404,-0.25246167968018635,-0.460067701136982,-0.27804842254727796,-0.27840879154618514,-0.20197776564220404,-0.20355223095623262,-0.21499044901210457,-0.22141681143986103,-0.24918444040634335,-0.3263679663294429,-0.20450473597673316,-0.23153078526478146,-0.24125104598105818,-0.21835408888131225,-0.24137579075250315,-0.24101845638034897,-0.2498713785161106,-0.23467719708773827,-0.22746446369275708,-0.21166443688731612
25,-0.9810301090929915,-0.9916534262253303,-0.9890584412659109,-0.9918684331252604,-0.9913900002632453,-0.9897079415675779,-0.991127914362214,-0.9855897368231962,-0.9922532984585724,-0.9787145851642135,-0.992579664875726,-0.9907465899004628,-0.989992645094369,-0.9921873708939013,-0.9870771002663161,-0.9922700503487305,-0.9789027342702024,-0.9907958674561254,-0.9910581199860148,-0.9885643218312512,-0.9940011149703635,-0.9901186042220594,-0.9901459990953951,-0.9890659086490606,-0.9945785550465558,-0.9914265066292218,-0.9894716597387394,-0.9821848716476949,-0.9906540300519697,-0.9897719646874382,-0.9919320201693747,-0.9942816141083872,-0.9974543400335805,-0.9892961412410789,-0.9923062482213767,-0.986758025575338,-0.9900791009508703,-0.9854235274690643,-0.9901322118529071,-0.989315777930641,-0.9951737337428347,-0.9821608129788041,-0.9877786939428665,-0.9798923920965346,-0.9941879327847771,-0.9928509014062201,-0.9851185846873716,-0.9887560149518748,-0.9905947716068387,-0.9923598123240914,-0.9899028538955282,-0.9930422012893063,-0.9882975703665707,-0.987811288721106,-0.9915594476585915,-0.9906837443510043,-0.9917857549271174,-0.9927552542164361,-0.9819308540637324,-0.9935931441648836,-0.9909534551740087,-0.9940759040642348,-0.9886056141834495,-0.9910901354573524,-0.9931215838035887,-0.9839157378944069,-0.9902190739219175,-0.9956900002854616,-0.9895848008661587,-0.9917641871317932,-0.9923932551701679,-0.9909303109794408,-0.9887782205180018,-0.9897929067244784,-0.9905299162808281,-0.987654640309275,-0.9893251980965998,-0.9886985225888187,-0.9890614990405494,-0.9891260534685246,-0.9900429726654785,-0.9908280594407225,-0.9897522327587608,-0.9867388084314644,-0.9912486650818673,-0.9955310986607029
26,-0.5230827144713712,-0.3995331755880195,-0.39589034570090537,-0.3440279972421831,-0.44894674184278693,-0.42411765769744403,-0.47241397456675216,-0.4487830928517161,-0.3925886826177158,-0.4667865332224781,-0.4756882633266558,-0.49168328872844025,-0.430296699152604,-0.36342320797807176,-0.43474364903708623,-0.5104814328553664,-0.44269600912621376,-0.47189687433440863,-0.4145029226681209,-0.49605595072914743,-0.3558022956633246,-0.41868148314201387,-0.5138292135308411,-0.4573844904676457,-0.43021859265595697,-0.48846142436061657,-0.461753202494839,-0.4540667952448164,-0.4373881802423933,-0.44380960437215183,-0.5074853761967784,-0.41882414062081685,-0.4708175548701275,-0.5503470579745062,-0.3717401741540386,-0.4378240009012992,-0.4079892708737399,-0.47585147754757584,-0.42587705614007165,-0.47168858554948334,-0.7733163260854371,-0.5199407905435735,-0.4585421303753606,-0.5322528345186054,-0.3966686106863964,-0.4063045284362933,-0.43974691360141077,-0.40877984772120135,-0.43611502460243173,-0.557756949874543,-0.3956739813416953,-0.38074783157023173,-0.48722698358480393,-0.5447458771542394,-0.4454689869861931,-0.39191181880796966,-0.49057638076001914,-0.5512371584314867,-0.49054290931556954,-0.3584184910894636,-0.5257403523679225,-0.3960399958812751,-0.5076447209896451,-0.4515955686948888,-0.5392790296115204,-0.48749886792872593,-0.4521272301768654,-0.6375496222602317,-0.4446498528314208,-0.47733381966432087,-0.35325337417749697,-0.36599862404753536,-0.42231232130340546,-0.4461708882032739,-0.47476538844887123,-0.5214079764130228,-0.38745326057960067,-0.41793923090992974,-0.436190251886456,-0.4153452400975942,-0.43025710040133053,-0.445360169171885,-0.4461384012422461,-0.4678596432279047,-0.3977421672250797,-0.4636160732083813
27,-0.27516065557304803,-0.2763802858103334,-0.25512835474350565,-0.2081718228022219,-0.3189284271363271,-0.287629819250685,-0.33544165828999684,-0.27598978797048085,-0.23397011107142246,-0.34244171984187904,-0.35298304353355964,-0.38571995162255757,-0.28113780197311744,-0.23522684769259555,-0.2518111623554746,-0.3633495740693978,-0.3252532110983203,-0.3468394377839115,-0.28102235790428126,-0.37416328070264326,-0.2369758841829725,-0.27811094418412424,-0.3933852503914447,-0.3096732671413424,-0.2898060231910806,-0.34931158813888763,-0.3228601130511961,-0.2145338889095741,-0.2825487347962537,-0.30692129781115335,-0.39830616550893033,-0.24843727401317992,-0.27371285717982796,-0.43609437503891835,-0.24119070018930527,-0.2912438379466862,-0.26924347056868325,-0.3044724362640012,-0.23712145705890225,-0.3002424987922354,-0.680274103319624,-0.34108263731914834,-0.29649800007988214,-0.420681642061833,-0.26970148534861915,-0.2708998399587101,-0.2418750019425727,-0.2532372202136268,-0.24492308741607777,-0.45907456660398044,-0.2484832559173495,-0.26110309528085746,-0.3330745252722395,-0.3921521337999677,-0.3197443834280449,-0.231519506991476,-0.3298641386495912,-0.42209205769688063,-0.311542748553256,-0.23823648329463878,-0.3970992559421011,-0.254063741959277,-0.35636819884051374,-0.29455591321912256,-0.41940775616915826,-0.3440329463400395,-0.30191408162886296,-0.5428709095864769,-0.31432322080363406,-0.33867912412105095,-0.22382500084906498,-0.2212308194791513,-0.24851167587914252,-0.23626196588214468,-0.3168645725137383,-0.3711557531420087,-0.22917636743750158,-0.2711253882793786,-0.27903408937650537,-0.27185191244933976,-0.29099857491455644,-0.30651326071918134,-0.3017186119886191,-0.24944443534171068,-0.2619220349413113,-0.30901657079914746
28,-0.7936251135904364,-0.7513392085067201,-0.7506627919278955,-0.727352806627041,-0.7715586554414836,-0.7636148447447505,-0.782425954620541,-0.7782155343247814,-0.740806405560138,-0.7765543828779167,-0.779478602354006,-0.7906943343327022,-0.7592864214987174,-0.738523808546559,-0.7637713362014092,-0.7928671646545915,-0.7630448240702656,-0.7855234738914812,-0.7542294873791204,-0.791052735307306,-0.7322156999116435,-0.7612683629985812,-0.8060595878585874,-0.7765561130278182,-0.7577492801508711,-0.7870687383799913,-0.7797652268174456,-0.7727592453914591,-0.765790865174621,-0.7700620638141102,-0.7994679791623084,-0.7476468060121688,-0.7594210809023125,-0.812829452235184,-0.7422739971379222,-0.7702926783076524,-0.75412258674005,-0.781439306202057,-0.7550030203989171,-0.7747511872339611,-0.8979673262227913,-0.8011441481534459,-0.7742538353408164,-0.7941279625870798,-0.7470379759878613,-0.7517583770345052,-0.7696333684458031,-0.7570392402524431,-0.7567974749517903,-0.8158814284596291,-0.7518829679192482,-0.7454290284063786,-0.7907362521831309,-0.8049759719730537,-0.7739655371501407,-0.7511159756494916,-0.7869503165984956,-0.8057363293353509,-0.7852810546561656,-0.7345475538596826,-0.8048234552685973,-0.7452849317403321,-0.799369268684089,-0.7696880191658054,-0.8080503644416495,-0.784927057528177,-0.7723634455409147,-0.8461011082480088,-0.771985567310499,-0.7840476853039723,-0.7343587218971658,-0.7331245340782917,-0.7614540383972759,-0.7593243229066311,-0.7795999853671582,-0.7941546168353173,-0.7433631655888256,-0.7610530765941845,-0.7710562899650013,-0.765851256145087,-0.7671094988846388,-0.7717149323874285,-0.7742131917451418,-0.769488530810598,-0.7513041936079283,-0.7624491321111674
29,-0.21482250309963213,-0.22012919946802176,-0.1981379933288882,-0.16449469859973012,-0.2582882861644191,-0.22653676532285238,-0.25173176630797905,-0.19886112752018428,-0.17543477983828146,-0.27857968137125666,-0.27757372171759076,-0.3242364891551215,-0.2136848173629085,-0.18613701618387787,-0.19138938017258378,-0.29749332624302305,-0.267954717560222,-0.272775804979425,-0.22081069565602565,-0.3078167877441354,-0.1979701173507855,-0.21746320105794456,-0.3258719728545425,-0.24049534710261197,-0.21330548006525354,-0.28856000419572814,-0.2576539922187363,-0.1558108138798943,-0.19848478401924372,-0.2319259235405041,-0.3454638202926111,-0.18078900097763465,-0.1833807437594348,-0.3397548952754566,-0.17794808116787875,-0.2360369591311146,-0.21611853179597743,-0.19445980466704538,-0.170305082630302,-0.2122414517167922,-0.5938572980845777,-0.2549410576336134,-0.21440242555255828,-0.37517268356973843,-0.20194509076838896,-0.20099510182832622,-0.17501281672804495,-0.1987848539850105,-0.1839936493450749,-0.40381599491008635,-0.18510532196103135,-0.20436598702674738,-0.26763432917060676,-0.3079543824081434,-0.229919250992535,-0.16957877057909734,-0.2597315169490801,-0.35556608203067214,-0.2287267665655258,-0.18131617472038097,-0.3374827338534323,-0.16304733191906312,-0.2783121265329845,-0.22600762847051387,-0.33642263756271773,-0.2714041417280661,-0.22241409755844593,-0.44196252156563165,-0.25540408403445936,-0.25023655910186926,-0.17771236998159204,-0.17679154922153267,-0.1792907029949427,-0.18037842006140298,-0.22085522508558794,-0.30106003394958386,-0.17327393695082988,-0.2046588332228616,-0.2099442628193092,-0.18819288566387782,-0.21536462260999678,-0.21336582804465123,-0.22081660635753536,-0.19428566752864468,-0.2016439203030954,-0.1842933210341711
30,-0.941038617302201,-0.9384564927118338,-0.9404332669277673,-0.9327581659756524,-0.9435461517053522,-0.9422469907917398,-0.9466614921968384,-0.940640572181735,-0.936495101596711,-0.9363862943028638,-0.9449854743505158,-0.95112793491173,-0.9401105301959147,-0.9353209406702705,-0.9376618827307335,-0.9475842113514352,-0.9330594738614902,-0.9467642160980017,-0.9381353469669858,-0.9464562945543373,-0.934667068319354,-0.9409120553218722,-0.9515289193430756,-0.9442276528508051,-0.9404828745886602,-0.9463031113972192,-0.9447026551614789,-0.9324466068976467,-0.9408885524574484,-0.9445134564281364,-0.9507651276888959,-0.9374608385085097,-0.9396240407290225,-0.9512476006699895,-0.9361946500228516,-0.9443635289270045,-0.9403499108671196,-0.9454563514849778,-0.9358025315846644,-0.9441710722061749,-0.9748517507790954,-0.950865277702811,-0.9433544802667729,-0.9387781123604295,-0.9388352497791856,-0.9379072747914189,-0.936975649217193,-0.9374102777267551,-0.9373278211601652,-0.9549223657963549,-0.9380592365764344,-0.9376786963127607,-0.9445633398787509,-0.9536601762144687,-0.9444656020371439,-0.9357918312905549,-0.9428230839320375,-0.9533016403450646,-0.9487683611174171,-0.9355103860057405,-0.9499572781882225,-0.937374592299559,-0.9469496607374331,-0.9437265547903608,-0.9523937409052732,-0.9440685486112335,-0.9410151645056023,-0.9623437485583864,-0.9449239973038133,-0.9464447206758253,-0.9344934915553881,-0.9348375810161478,-0.9382562104312574,-0.9366022627438739,-0.9445872005773807,-0.9479078446557951,-0.9377754915722337,-0.9416225278780224,-0.9396849909386296,-0.9402330756629957,-0.9418678681517517,-0.9441359139431428,-0.9416352009925032,-0.9382180004159615,-0.938442402641858,-0.9416632189009924
31,-0.39385146112926145,-0.325902572070959,-0.310194490929573,-0.2643928285401609,-0.36986937880918785,-0.3406050838976552,-0.3878146037374439,-0.35134255128679936,-0.29900755132270135,-0.39094539593864025,-0.3991710098096954,-0.42203098325905836,-0.3415237600330885,-0.28520482128456826,-0.3342380709547639,-0.4240202817290553,-0.3708801136042557,-0.39478223627164927,-0.3335845324030845,-0.42107246809976634,-0.28385675766115703,-0.33470071856397665,-0.43855600681529383,-0.37196984695386986,-0.3452869035780813,-0.40682411626042253,-0.3808870898421532,-0.3344101714868074,-0.3459057478623204,-0.3608958991631901,-0.4394810658210176,-0.3172600594608016,-0.34972045534315677,-0.48042698841883585,-0.2926973481487829,-0.3484609419164937,-0.3250839907985155,-0.37903658570492915,-0.32093629713270294,-0.3715368705406021,-0.7193727309377942,-0.4156839326862149,-0.3655161401249552,-0.4640577019627776,-0.3177716234098565,-0.3269709242212767,-0.3335317161937241,-0.32077752920201036,-0.32639267314503956,-0.49817459443467277,-0.3079358656556435,-0.30587725793779835,-0.40157434897856326,-0.45276014809861764,-0.36852905548567466,-0.2980110734152878,-0.39878005191275834,-0.46837075515091614,-0.3887836301843673,-0.28426332641555374,-0.45335541332074597,-0.3078303135067677,-0.42184279414324094,-0.3511762184420459,-0.465462801168402,-0.3991843548097969,-0.3609039880246882,-0.5799061607969955,-0.36327782803267233,-0.3921630621185819,-0.2742584204641343,-0.28328059243132037,-0.32134779419318155,-0.3293861917799361,-0.3795362201494434,-0.43117433080163237,-0.29501360752016326,-0.32874654832317884,-0.3458849765016274,-0.3292787495196628,-0.34607007301798803,-0.36065120126991485,-0.36343953700808335,-0.3479830860144201,-0.31744818641300104,-0.36572165891741254
32,-0.7807582145532644,-0.8154987203104528,-0.8001394812391609,-0.8000086970540072,-0.820834610102424,-0.8070878515036725,-0.8219113714055982,-0.7895916504915309,-0.8081762917239846,-0.8108321377468778,-0.8348906014093685,-0.8307698945112303,-0.8124241317598954,-0.8037485135396846,-0.7947860696193245,-0.8338900190470884,-0.8137915984260362,-0.8222646206060704,-0.8173579508539087,-0.8302500606255747,-0.8125642510887096,-0.8073951770611312,-0.8288068748709381,-0.8125646397909728,-0.8261509511300829,-0.8276453088017537,-0.8156807939999315,-0.771019884437469,-0.810201289330623,-0.8135977174816693,-0.8378264956950042,-0.8172662285767397,-0.8312078109355505,-0.8477444094056332,-0.8060791910371427,-0.7980656278048749,-0.8071188187598999,-0.8010114172389882,-0.8012877571929667,-0.8120871441245586,-0.9155333497070791,-0.794686550431958,-0.8055661769883142,-0.8422386876920476,-0.8196814199663535,-0.8160750723486544,-0.7841862751535231,-0.7980002911860626,-0.8037254099200848,-0.8584632123383477,-0.7996415614010572,-0.8115867899656051,-0.8135414469067642,-0.8263140501797288,-0.8204528122259916,-0.7978297230940681,-0.822996492888724,-0.8496991046608837,-0.7932501490662582,-0.8105780611718961,-0.8380319077195927,-0.8168859116632081,-0.8183806224653232,-0.8102421002856024,-0.8475257292242132,-0.813651393121873,-0.8149415998708139,-0.8853800980235492,-0.8117708417313814,-0.8248656214700671,-0.802336800992765,-0.8025311730677535,-0.7956538602895402,-0.801168362538507,-0.8157782359786399,-0.827029415382746,-0.7982656600457381,-0.800487383430036,-0.8017942267287573,-0.7996067309361643,-0.8080463487966,-0.8158303411924793,-0.8109353510612953,-0.7930701465462571,-0.8086617730756595,-0.8367128855917434
33,-0.6746356988745018,-0.5492442360285316,-0.5623089064655062,-0.5026760520567201,-0.5980875045616314,-0.5853483525007188,-0.6268541342375082,-0.6179669213729116,-0.5483253367301073,-0.6161792356710722,-0.6156977226087982,-0.6344315757697495,-0.583513277386068,-0.5259999388129842,-0.5922819076960055,-0.6474912142789189,-0.5873535265376296,-0.6239544915683443,-0.5653438313937197,-0.6387505747519906,-0.5073100255457682,-0.5783017872038009,-0.6643398952965507,-0.609869667225126,-0.5755602117458549,-0.6293179285464391,-0.6117995947983367,-0.6114626107602178,-0.5955602087353667,-0.5996925234789672,-0.6449811610958698,-0.5718923014693177,-0.6229822064187516,-0.6793055750709664,-0.5333448089442031,-0.6058935219635023,-0.5653294262194956,-0.6312182560750339,-0.5796076240194395,-0.6244893853564347,-0.8409204269592006,-0.682772671308563,-0.6130322939571541,-0.6519814706590173,-0.5489076834380123,-0.552912653819696,-0.6037197072683955,-0.567438903345423,-0.5937405697178408,-0.6733771235523883,-0.5616727799369475,-0.5385849904301865,-0.633393921269855,-0.686155113200446,-0.5987937304316968,-0.5624530864039323,-0.6351317723513965,-0.6833090043856433,-0.6493755160394764,-0.5154106850582253,-0.654381245447194,-0.5555590446262705,-0.6530586706884351,-0.620768630592051,-0.6702273298016505,-0.6432830456602214,-0.6114541621868631,-0.7355918626193955,-0.6029238793803383,-0.630720223159277,-0.5175336414579362,-0.5182832430318773,-0.5924786101621888,-0.6025181274512029,-0.6300078181736225,-0.6615190204890731,-0.5516230658979627,-0.5849980667512973,-0.5975204009247906,-0.5866054423482762,-0.5904131208650428,-0.6035167442805455,-0.5986050924821054,-0.6240990371240882,-0.553377739829156,-0.6095174679846411
34,-0.2061004794842471,-0.21118475706284215,-0.1914292823811967,-0.15853080191498714,-0.24691001358291603,-0.21629161453358675,-0.23680980644980545,-0.19235053788068834,-0.16651452175478915,-0.25095813735296346,-0.260461828521306,-0.1510544668510975,-0.20082435239298865,-0.1828034818870028,-0.16390892771828466,-0.2883697192786132,-0.254439449547412,-0.255055018091972,-0.20586973800407793,-0.3015565179347267,-0.1921523305409006,-0.20626472214531755,-0.31380585691293983,-0.2344059364275439,-0.2009618460518662,-0.28097312080522213,-0.24669334541198615,-0.15741696017677687,-0.1903052787908298,-0.2191882332702281,-0.32083059831074634,-0.17593567457313825,-0.17725492252843492,-0.3276601190264961,-0.16594248280815488,-0.22411368059945186,-0.2099048138135414,-0.17693604545249633,-0.1643511698926653,-0.19634110134747249,-0.5449173831499922,-0.2294730269593498,-0.20261083849305195,-0.3654178972202854,-0.18926853043077538,-0.18856614419288276,-0.17451131577387508,-0.19537278499822755,-0.17867908171360852,-0.3966709142906346,-0.1770031043963127,-0.18758065889900652,-0.258818922999714,-0.2401162148203756,-0.20287631710114448,-0.1723543395079198,-0.2510654321725416,-0.3431969450445653,-0.21475109424221106,-0.16496442646058967,-0.33030940970154465,-0.15733046033774503,-0.24354654285301228,-0.20770476098602944,-0.31591136592708474,-0.2645239999199838,-0.21493204923396003,-0.42137274678193837,-0.22746768962970448,-0.2375057765990322,-0.17370743550898607,-0.17274834561284552,-0.17644152906991267,-0.1814096777378323,-0.19686475419376948,-0.28267466438610434,-0.1714557963422873,-0.19140441445294518,-0.20231225235320674,-0.18308114841880735,-0.19455272684803815,-0.20200954805371882,-0.20487225885989752,-0.18954451254294746,-0.19337963075339,-0.1667753373418312
35,-0.4583069523190362,-0.3734195487028557,-0.3777676265869856,-0.3229048692905105,-0.41550782058743874,-0.4003851068612327,-0.42688893775323505,-0.4125334744010208,-0.35491483457595874,-0.4202803027535011,-0.4274576838867125,-0.30544649405108915,-0.3861758782941511,-0.347619877774979,-0.37668954885178113,-0.47505447153000174,-0.4141380148935253,-0.4311402412671689,-0.37498414727757623,-0.46758365981835653,-0.33866713717985514,-0.38735329989436135,-0.48892809443421786,-0.43174710801171995,-0.3798850362162813,-0.45758417317767835,-0.43023152523845815,-0.40498814820674084,-0.3877840108732917,-0.40965151137327505,-0.47197742269768866,-0.3691457502651484,-0.385145887353915,-0.4980934792636857,-0.337416721555452,-0.4184883582014886,-0.38505069285548194,-0.41869682810499503,-0.37717111574263296,-0.410401376720985,-0.6770201216516187,-0.4724805404981906,-0.40689249554000223,-0.5025905482985972,-0.3564395765783429,-0.36099043288407556,-0.40175689355094546,-0.38346403408549334,-0.38613228205840167,-0.5324399047967043,-0.36973057295842776,-0.34959619309191686,-0.4495121877829409,-0.4429877443310147,-0.3956973184026421,-0.37109496896850713,-0.437692824006785,-0.5073033089255408,-0.4516364078717864,-0.32369692844314546,-0.493889582965338,-0.3475334211166163,-0.4404885699776525,-0.40833450266584126,-0.48087294349851895,-0.45995463111309953,-0.40561740918281697,-0.55766283152444,-0.40362340217028553,-0.429151129885864,-0.33976867355788526,-0.3442664107838187,-0.3868316160853926,-0.4019032138378787,-0.4119901814351203,-0.4671671411612607,-0.36553447664353417,-0.3852165617596122,-0.40155731536559736,-0.38949494930201195,-0.3895592885555191,-0.3985995067880124,-0.39612713162364627,-0.4170490025783859,-0.37184366088182613,-0.36821147893657213
36,-0.2457578928965803,-0.1896676709643178,-0.21121136268719015,-0.1782191981538739,-0.2640420417775179,-0.23455825081972573,-0.21075988034479118,-0.2154455896534105,-0.19010721159806965,-0.14911669718294887,-0.24939674386982727,-0.1642412714381411,-0.192077743967436,-0.19941998487142287,-0.19164994173426403,-0.30960862644720794,-0.1957118111313959,-0.27069986802735385,-0.20603113711311907,-0.2838242755082507,-0.20888780857975925,-0.22560952488814262,-0.3274090392760514,-0.25573280025933115,-0.22050794684211453,-0.3005786294854102,-0.2655077047550663,-0.19504181824341693,-0.21011252275790127,-0.2361747864662634,-0.3336805509253613,-0.20098569965194615,-0.2044236771024171,-0.28127480302284474,-0.18380027972727073,-0.24197886961245216,-0.22819935253580562,-0.20177562260811907,-0.19334432396032003,-0.22052046374788226,-0.5588399212416814,-0.255639156078517,-0.22594856731392726,-0.28427205486779245,-0.20117024155223448,-0.20744698504874795,-0.20438050792999513,-0.21765932980364433,-0.20639448715915104,-0.38767158569850607,-0.19696321385899235,-0.20296689580482868,-0.2809154510544147,-0.2580738298690589,-0.2202077276644234,-0.1939434395217639,-0.2726472658826624,-0.3394386514877142,-0.24121549132634412,-0.18136047992182056,-0.34905341887912406,-0.17542023413180252,-0.26363809547279204,-0.22637676740826093,-0.33006679036222963,-0.2618307724235309,-0.17504419286966194,-0.4332860678731819,-0.24320190949256912,-0.2539914391128025,-0.19109441783688305,-0.19552131972053574,-0.19964135478755882,-0.21344554767553647,-0.20398086941564578,-0.1534866887719807,-0.1949922337790336,-0.21117841441209598,-0.22346572505400247,-0.20074350945650668,-0.2129264442707835,-0.21453976831213006,-0.224931758664518,-0.22302440340910007,-0.21148334012732706,-0.18656524812885716
37,-0.3483735321496493,-0.24247618990567307,-0.27461556409238064,-0.23573462719983332,-0.3216847419598981,-0.2943660255111418,-0.2733770150107602,-0.2825421525322409,-0.26451556242573465,-0.20214336339104805,-0.30698079332571887,-0.21365160715716552,-0.2604085140865243,-0.2536045247666659,-0.2674340309879231,-0.37688041387641413,-0.24768072250303141,-0.3242843630764205,-0.2666297935262949,-0.3382605909254734,-0.26026424321320046,-0.28608778756019915,-0.37801020233123206,-0.31859082864704397,-0.287163301227928,-0.361537735071945,-0.323404435556933,-0.2833612790201831,-0.27844268410659284,-0.2976701641620879,-0.38070250517996485,-0.2845773300273147,-0.3097783409090187,-0.3324818595684415,-0.23913302011745513,-0.3064094689568525,-0.28970933694744033,-0.27608745391298706,-0.27581868599696074,-0.30036495614068887,-0.6055361881659491,-0.33495006468423516,-0.29631731769286507,-0.3368795035246264,-0.2605325962339867,-0.2658623467432112,-0.28192214108899344,-0.28013693478216883,-0.29432614199825347,-0.4318081812639292,-0.2597175015503531,-0.25487828323035483,-0.34160488595816735,-0.3320314139673625,-0.27477693351535665,-0.26108579543508287,-0.3406287337268038,-0.40675121855367763,-0.3215867800643664,-0.23397194756492365,-0.4016260134206732,-0.2432309744298944,-0.324388889687236,-0.3028961319580633,-0.3852253793098083,-0.3282636125794931,-0.24246850405778808,-0.478551478421237,-0.30147052675961544,-0.31703987527905103,-0.24607782826792118,-0.2589106264024917,-0.27400308149448854,-0.30876013654314394,-0.2763707560696706,-0.22527483153088976,-0.26659737225351376,-0.27597395679290365,-0.28602284749066187,-0.2584530292594697,-0.27240825127710516,-0.27660852305324224,-0.2825999634629488,-0.3193031741391541,-0.26939665200064355,-0.2692708298599399
38,-0.44691056006139723,-0.2954163612861469,-0.33540110494227826,-0.29330791521414534,-0.37769719498023435,-0.3543895782306524,-0.3323028449915179,-0.3607041934078128,-0.3269646363759337,-0.25811870235961554,-0.3579589942693318,-0.2609449708490739,-0.32177024884077454,-0.31049131750447034,-0.3434441164887178,-0.4360808011543076,-0.2986422648190942,-0.38088304160359604,-0.32191746590853537,-0.39174856846027334,-0.31055307769754137,-0.34708141291616396,-0.4343715430354959,-0.3819102004947374,-0.3424467370399234,-0.4196410672657633,-0.38397458519482475,-0.3835091012646996,-0.3441094486841918,-0.3567791555069371,-0.4298327860225319,-0.34914723060135455,-0.38072505894855974,-0.3822199714496797,-0.2962157421605941,-0.37151315885781505,-0.3488938610962179,-0.34743015238067504,-0.350326666541869,-0.36860259028456344,-0.6399827295807098,-0.4110341724879968,-0.3641294466646149,-0.3819752882647758,-0.3130564595274056,-0.32191919337871183,-0.36623730799567994,-0.34754225017119206,-0.3694841705098588,-0.47374507691921025,-0.3239506572197905,-0.30755512554643466,-0.40869325664609707,-0.39385158710296286,-0.3300180075772035,-0.33098833779920217,-0.4084723318546475,-0.45771029651823375,-0.39601607889432244,-0.28575268661576153,-0.45684505211283327,-0.3015340609506052,-0.3903915202134732,-0.36896121565003914,-0.435946745263894,-0.39010877416174083,-0.3066469080531084,-0.5170092150319455,-0.3591293451850313,-0.37709366527047217,-0.30288541672598707,-0.3174188839768097,-0.34891731160531153,-0.39011284081290154,-0.34199724626949557,-0.2854212854532021,-0.33188866500610625,-0.3397969855769727,-0.35549733190628563,-0.32496174067544026,-0.3336431952623017,-0.336853993003287,-0.34630853651503485,-0.4051294234595394,-0.32761704551000476,-0.3271290784418798
39,-0.27516065557304803,-0.2763802858103334,-0.25512835474350565,-0.2081718228022219,-0.3189284271363271,-0.287629819250685,-0.33544165828999684,-0.27598978797048085,-0.23397011107142246,-0.34244171984187904,-0.35298304353355964,-0.38571995162255757,-0.28113780197311744,-0.23522684769259555,-0.2518111623554746,-0.3633495740693978,-0.3252532110983203,-0.3468394377839115,-0.28102235790428126,-0.37416328070264326,-0.2369758841829725,-0.27811094418412424,-0.3933852503914447,-0.3096732671413424,-0.2898060231910806,-0.34931158813888763,-0.3228601130511961,-0.2145338889095741,-0.2825487347962537,-0.30692129781115335,-0.39830616550893033,-0.24843727401317992,-0.27371285717982796,-0.43609437503891835,-0.24119070018930527,-0.2912438379466862,-0.26924347056868325,-0.3044724362640012,-0.23712145705890225,-0.3002424987922354,-0.680274103319624,-0.34108263731914834,-0.29649800007988214,-0.420681642061833,-0.26970148534861915,-0.2708998399587101,-0.2418750019425727,-0.2532372202136268,-0.24492308741607777,-0.45907456660398044,-0.2484832559173495,-0.26110309528085746,-0.3330745252722395,-0.3921521337999677,-0.3197443834280449,-0.231519506991476,-0.3298641386495912,-0.42209205769688063,-0.311542748553256,-0.23823648329463878,-0.3970992559421011,-0.254063741959277,-0.35636819884051374,-0.29455591321912256,-0.41940775616915826,-0.3440329463400395,-0.30191408162886296,-0.5428709095864769,-0.31432322080363406,-0.33867912412105095,-0.22382500084906498,-0.2212308194791513,-0.24851167587914252,-0.23626196588214468,-0.3168645725137383,-0.3711557531420087,-0.22917636743750158,-0.2711253882793786,-0.27903408937650537,-0.27185191244933976,-0.29099857491455644,-0.30651326071918134,-0.3017186119886191,-0.24944443534171068,-0.2619220349413113,-0.30901657079914746
40,-0.7936251135904364,-0.7513392085067201,-0.7506627919278955,-0.727352806627041,-0.7715586554414836,-0.7636148447447505,-0.782425954620541,-0.7782155343247814,-0.740806405560138,-0.7765543828779167,-0.779478602354006,-0.7906943343327022,-0.7592864214987174,-0.738523808546559,-0.7637713362014092,-0.7928671646545915,-0.7630448240702656,-0.7855234738914812,-0.7542294873791204,-0.791052735307306,-0.7322156999116435,-0.7612683629985812,-0.8060595878585874,-0.7765561130278182,-0.7577492801508711,-0.7870687383799913,-0.7797652268174456,-0.7727592453914591,-0.765790865174621,-0.7700620638141102,-0.7994679791623084,-0.7476468060121688,-0.7594210809023125,-0.812829452235184,-0.7422739971379222,-0.7702926783076524,-0.75412258674005,-0.781439306202057,-0.7550030203989171,-0.7747511872339611,-0.8979673262227913,-0.8011441481534459,-0.7742538353408164,-0.7941279625870798,-0.7470379759878613,-0.7517583770345052,-0.7696333684458031,-0.7570392402524431,-0.7567974749517903,-0.8158814284596291,-0.7518829679192482,-0.7454290284063786,-0.7907362521831309,-0.8049759719730537,-0.7739655371501407,-0.7511159756494916,-0.7869503165984956,-0.8057363293353509,-0.7852810546561656,-0.7345475538596826,-0.8048234552685973,-0.7452849317403321,-0.799369268684089,-0.7696880191658054,-0.8080503644416495,-0.784927057528177,-0.7723634455409147,-0.8461011082480088,-0.771985567310499,-0.7840476853039723,-0.7343587218971658,-0.7331245340782917,-0.7614540383972759,-0.7593243229066311,-0.7795999853671582,-0.7941546168353173,-0.7433631655888256,-0.7610530765941845,-0.7710562899650013,-0.765851256145087,-0.7671094988846388,-0.7717149323874285,-0.7742131917451418,-0.769488530810598,-0.7513041936079283,-0.7624491321111674
41,-0.21482250309963213,-0.22012919946802176,-0.1981379933288882,-0.16449469859973012,-0.2582882861644191,-0.22653676532285238,-0.25173176630797905,-0.19886112752018428,-0.17543477983828146,-0.27857968137125666,-0.27757372171759076,-0.3242364891551215,-0.2136848173629085,-0.18613701618387787,-0.19138938017258378,-0.29749332624302305,-0.267954717560222,-0.272775804979425,-0.22081069565602565,-0.3078167877441354,-0.1979701173507855,-0.21746320105794456,-0.3258719728545425,-0.24049534710261197,-0.21330548006525354,-0.28856000419572814,-0.2576539922187363,-0.1558108138798943,-0.19848478401924372,-0.2319259235405041,-0.3454638202926111,-0.18078900097763465,-0.1833807437594348,-0.3397548952754566,-0.17794808116787875,-0.2360369591311146,-0.21611853179597743,-0.19445980466704538,-0.170305082630302,-0.2122414517167922,-0.5938572980845777,-0.2549410576336134,-0.21440242555255828,-0.37517268356973843,-0.20194509076838896,-0.20099510182832622,-0.17501281672804495,-0.1987848539850105,-0.1839936493450749,-0.40381599491008635,-0.18510532196103135,-0.20436598702674738,-0.26763432917060676,-0.3079543824081434,-0.229919250992535,-0.16957877057909734,-0.2597315169490801,-0.35556608203067214,-0.2287267665655258,-0.18131617472038097,-0.3374827338534323,-0.16304733191906312,-0.2783121265329845,-0.22600762847051387,-0.33642263756271773,-0.2714041417280661,-0.22241409755844593,-0.44196252156563165,-0.25540408403445936,-0.25023655910186926,-0.17771236998159204,-0.17679154922153267,-0.1792907029949427,-0.18037842006140298,-0.22085522508558794,-0.30106003394958386,-0.17327393695082988,-0.2046588332228616,-0.2099442628193092,-0.18819288566387782,-0.21536462260999678,-0.21336582804465123,-0.22081660635753536,-0.19428566752864468,-0.2016439203030954,-0.1842933210341711
42,-0.941038617302201,-0.9384564927118338,-0.9404332669277673,-0.9327581659756524,-0.9435461517053522,-0.9422469907917398,-0.9466614921968384,-0.940640572181735,-0.936495101596711,-0.9363862943028638,-0.9449854743505158,-0.95112793491173,-0.9401105301959147,-0.9353209406702705,-0.9376618827307335,-0.9475842113514352,-0.9330594738614902,-0.9467642160980017,-0.9381353469669858,-0.9464562945543373,-0.934667068319354,-0.9409120553218722,-0.9515289193430756,-0.9442276528508051,-0.9404828745886602,-0.9463031113972192,-0.9447026551614789,-0.9324466068976467,-0.9408885524574484,-0.9445134564281364,-0.9507651276888959,-0.9374608385085097,-0.9396240407290225,-0.9512476006699895,-0.9361946500228516,-0.9443635289270045,-0.9403499108671196,-0.9454563514849778,-0.9358025315846644,-0.9441710722061749,-0.9748517507790954,-0.950865277702811,-0.9433544802667729,-0.9387781123604295,-0.9388352497791856,-0.9379072747914189,-0.936975649217193,-0.9374102777267551,-0.9373278211601652,-0.9549223657963549,-0.9380592365764344,-0.9376786963127607,-0.9445633398787509,-0.9536601762144687,-0.9444656020371439,-0.9357918312905549,-0.9428230839320375,-0.9533016403450646,-0.9487683611174171,-0.9355103860057405,-0.9499572781882225,-0.937374592299559,-0.9469496607374331,-0.9437265547903608,-0.9523937409052732,-0.9440685486112335,-0.9410151645056023,-0.9623437485583864,-0.9449239973038133,-0.9464447206758253,-0.9344934915553881,-0.9348375810161478,-0.9382562104312574,-0.9366022627438739,-0.9445872005773807,-0.9479078446557951,-0.9377754915722337,-0.9416225278780224,-0.9396849909386296,-0.9402330756629957,-0.9418678681517517,-0.9441359139431428,-0.9416352009925032,-0.9382180004159615,-0.938442402641858,-0.9416632189009924
43,-0.39385146112926145,-0.325902572070959,-0.310194490929573,-0.2643928285401609,-0.36986937880918785,-0.3406050838976552,-0.3878146037374439,-0.35134255128679936,-0.29900755132270135,-0.39094539593864025,-0.3991710098096954,-0.42203098325905836,-0.3415237600330885,-0.28520482128456826,-0.3342380709547639,-0.4240202817290553,-0.3708801136042557,-0.39478223627164927,-0.3335845324030845,-0.42107246809976634,-0.28385675766115703,-0.33470071856397665,-0.43855600681529383,-0.37196984695386986,-0.3452869035780813,-0.40682411626042253,-0.3808870898421532,-0.3344101714868074,-0.3459057478623204,-0.3608958991631901,-0.4394810658210176,-0.3172600594608016,-0.34972045534315677,-0.48042698841883585,-0.2926973481487829,-0.3484609419164937,-0.3250839907985155,-0.37903658570492915,-0.32093629713270294,-0.3715368705406021,-0.7193727309377942,-0.4156839326862149,-0.3655161401249552,-0.4640577019627776,-0.3177716234098565,-0.3269709242212767,-0.3335317161937241,-0.32077752920201036,-0.32639267314503956,-0.49817459443467277,-0.3079358656556435,-0.30587725793779835,-0.40157434897856326,-0.45276014809861764,-0.36852905548567466,-0.2980110734152878,-0.39878005191275834,-0.46837075515091614,-0.3887836301843673,-0.28426332641555374,-0.45335541332074597,-0.3078303135067677,-0.42184279414324094,-0.3511762184420459,-0.465462801168402,-0.3991843548097969,-0.3609039880246882,-0.5799061607969955,-0.36327782803267233,-0.3921630621185819,-0.2742584204641343,-0.28328059243132037,-0.32134779419318155,-0.3293861917799361,-0.3795362201494434,-0.43117433080163237,-0.29501360752016326,-0.32874654832317884,-0.3458849765016274,-0.3292787495196628,-0.34607007301798803,-0.36065120126991485,-0.36343953700808335,-0.3479830860144201,-0.31744818641300104,-0.36572165891741254
44,-0.7807582145532644,-0.8154987203104528,-0.8001394812391609,-0.8000086970540072,-0.820834610102424,-0.8070878515036725,-0.8219113714055982,-0.7895916504915309,-0.8081762917239846,-0.8108321377468778,-0.8348906014093685,-0.8307698945112303,-0.8124241317598954,-0.8037485135396846,-0.7947860696193245,-0.8338900190470884,-0.8137915984260362,-0.8222646206060704,-0.8173579508539087,-0.8302500606255747,-0.8125642510887096,-0.8073951770611312,-0.8288068748709381,-0.8125646397909728,-0.8261509511300829,-0.8276453088017537,-0.8156807939999315,-0.771019884437469,-0.810201289330623,-0.8135977174816693,-0.8378264956950042,-0.8172662285767397,-0.8312078109355505,-0.8477444094056332,-0.8060791910371427,-0.7980656278048749,-0.8071188187598999,-0.8010114172389882,-0.8012877571929667,-0.8120871441245586,-0.9155333497070791,-0.794686550431958,-0.8055661769883142,-0.8422386876920476,-0.8196814199663535,-0.8160750723486544,-0.7841862751535231,-0.7980002911860626,-0.8037254099200848,-0.8584632123383477,-0.7996415614010572,-0.8115867899656051,-0.8135414469067642,-0.8263140501797288,-0.8204528122259916,-0.7978297230940681,-0.822996492888724,-0.8496991046608837,-0.7932501490662582,-0.8105780611718961,-0.8380319077195927,-0.8168859116632081,-0.8183806224653232,-0.8102421002856024,-0.8475257292242132,-0.813651393121873,-0.8149415998708139,-0.8853800980235492,-0.8117708417313814,-0.8248656214700671,-0.802336800992765,-0.8025311730677535,-0.7956538602895402,-0.801168362538507,-0.8157782359786399,-0.827029415382746,-0.7982656600457381,-0.800487383430036,-0.8017942267287573,-0.7996067309361643,-0.8080463487966,-0.8158303411924793,-0.8109353510612953,-0.7930701465462571,-0.8086617730756595,-0.8367128855917434
45,-0.6746356988745018,-0.5492442360285316,-0.5623089064655062,-0.5026760520567201,-0.5980875045616314,-0.5853483525007188,-0.6268541342375082,-0.6179669213729116,-0.5483253367301073,-0.6161792356710722,-0.6156977226087982,-0.6344315757697495,-0.583513277386068,-0.5259999388129842,-0.5922819076960055,-0.6474912142789189,-0.5873535265376296,-0.6239544915683443,-0.5653438313937197,-0.6387505747519906,-0.5073100255457682,-0.5783017872038009,-0.6643398952965507,-0.609869667225126,-0.5755602117458549,-0.6293179285464391,-0.6117995947983367,-0.6114626107602178,-0.5955602087353667,-0.5996925234789672,-0.6449811610958698,-0.5718923014693177,-0.6229822064187516,-0.6793055750709664,-0.5333448089442031,-0.6058935219635023,-0.5653294262194956,-0.6312182560750339,-0.5796076240194395,-0.6244893853564347,-0.8409204269592006,-0.682772671308563,-0.6130322939571541,-0.6519814706590173,-0.5489076834380123,-0.552912653819696,-0.6037197072683955,-0.567438903345423,-0.5937405697178408,-0.6733771235523883,-0.5616727799369475,-0.5385849904301865,-0.633393921269855,-0.686155113200446,-0.5987937304316968,-0.5624530864039323,-0.6351317723513965,-0.6833090043856433,-0.6493755160394764,-0.5154106850582253,-0.654381245447194,-0.5555590446262705,-0.6530586706884351,-0.620768630592051,-0.6702273298016505,-0.6432830456602214,-0.6114541621868631,-0.7355918626193955,-0.6029238793803383,-0.630720223159277,-0.5175336414579362,-0.5182832430318773,-0.5924786101621888,-0.6025181274512029,-0.6300078181736225,-0.6615190204890731,-0.5516230658979627,-0.5849980667512973,-0.5975204009247906,-0.5866054423482762,-0.5904131208650428,-0.6035167442805455,-0.5986050924821054,-0.6240990371240882,-0.553377739829156,-0.6095174679846411
46,-0.20224631462472373,-0.21306695186709323,-0.18894678430208148,-0.1562103152292123,-0.24977202870584705,-0.21628297393954043,-0.2439946119069918,-0.19207887042262264,-0.16723264045043681,-0.26999412956608115,-0.26914619817958907,-0.30880307083949715,-0.20561892754077338,-0.17782172618273687,-0.1848025208866135,-0.28998080633244483,-0.2602836104947549,-0.26498441045375576,-0.2132872845446641,-0.30108014266142796,-0.18941361090184233,-0.20945638236469138,-0.31862145935465386,-0.23408922636398355,-0.20548160285210396,-0.28084609273882255,-0.2507676062108517,-0.1521839281400942,-0.1922729905284547,-0.22392605288530226,-0.3366890009452106,-0.17344450445483098,-0.17629970050431837,-0.33493814655300513,-0.17070376679615665,-0.22396054818061897,-0.20755267517894,-0.1846150598799622,-0.1627515067866549,-0.20247312595799252,-0.5888507050269766,-0.23831484727209196,-0.20508375987945773,-0.36732128748584847,-0.19393879569565659,-0.19238707834005744,-0.16937449074534638,-0.19092466118126822,-0.17582628376289725,-0.39748825558815515,-0.17709154560565962,-0.19437105656932682,-0.2613466507968281,-0.2941048270619092,-0.22319224251447745,-0.1660099061055565,-0.255288331747527,-0.3447732846846224,-0.21556126335534645,-0.17300413083144783,-0.33333513945802073,-0.15787521520840145,-0.2708447233396322,-0.21366611593275903,-0.32928678558239655,-0.2621827845574217,-0.21645081756396828,-0.4383120437317963,-0.24333438219360815,-0.2450249354884623,-0.1694883797253038,-0.16819104424581774,-0.174185749031187,-0.17522949052121878,-0.21055555242848623,-0.28917988826531577,-0.16708906557951958,-0.19428254365234027,-0.20274869191078204,-0.18290033092896713,-0.20561042560806767,-0.20690435245047376,-0.21471797162444572,-0.18453857679182345,-0.19412482210206475,-0.1773704514094617
47,-0.7511954653894471,-0.7356864148882921,-0.7293611062535854,-0.7122221081484241,-0.7517892612931969,-0.7413080926812731,-0.7576270677807537,-0.740936407876583,-0.7216973039744724,-0.7538974119169456,-0.7621093068538043,-0.7768992811673658,-0.7380191963029864,-0.720421674486238,-0.732955852837981,-0.7696082534492098,-0.7460376242831357,-0.7616321315993267,-0.7360273393024191,-0.7696063155456151,-0.7210590363863716,-0.7377706170380233,-0.7781314275661761,-0.7521600587625941,-0.7406960177587639,-0.7648656642505182,-0.7551607901438205,-0.7271869142909083,-0.739105383750487,-0.7485181758399069,-0.7804216057290625,-0.7259302617170486,-0.7323288819709481,-0.7921161127777886,-0.7226094055655736,-0.74386138924323,-0.7346495046407177,-0.7528069432449294,-0.7270924199730808,-0.7486197814290784,-0.8856024688840276,-0.7683814975298303,-0.7481741078247499,-0.7797071410473727,-0.7319773872290636,-0.7355138442535776,-0.7315884882903715,-0.7313249796362083,-0.7276096637360981,-0.8025843204189083,-0.7269027526009544,-0.7294828902793861,-0.761324070269741,-0.7827675423249657,-0.7517242115675647,-0.7196865719216884,-0.7572035653309338,-0.7875377295686546,-0.7575072976568729,-0.720898014895788,-0.7830191512731685,-0.7245186147498893,-0.7692382674183205,-0.7409250449069081,-0.7878775022808202,-0.7591107830076615,-0.7435023981215911,-0.8322827333180213,-0.7507435091243435,-0.7579391926752216,-0.7159769152984684,-0.7192072918131917,-0.7274610452699827,-0.7261240868421754,-0.7524134781025804,-0.7719776313410855,-0.7206229867782186,-0.7354511184451552,-0.7400164077720893,-0.734177849357396,-0.7427546253340443,-0.7476566422643524,-0.7480107117270525,-0.7343833298184714,-0.7316782831396518,-0.7430962105417799
48,-0.26040947967059175,-0.24365678987183564,-0.22482328569243554,-0.18968143410818142,-0.2824068786392407,-0.2515776614523632,-0.27834595177924437,-0.23462265341418026,-0.20430811402759533,-0.30235296636955816,-0.2996449458144876,-0.3394807393487064,-0.2410340588534669,-0.21051102999306648,-0.22776057433848096,-0.32485961209053704,-0.2903888647806352,-0.29709405048938375,-0.2456020767509186,-0.3317568914431307,-0.21914929759166513,-0.24436311571623712,-0.34968062527099913,-0.27033619819782406,-0.23872961077352836,-0.3149271882701509,-0.2847258332731404,-0.20574024027577031,-0.2290105531799358,-0.2582854962054841,-0.3652548186268819,-0.21198620153910405,-0.2189235187117742,-0.3627438842270438,-0.20311403786427928,-0.26246310522982197,-0.24203729152971618,-0.22648374108990393,-0.20620009433663644,-0.24322654947809313,-0.610174813233577,-0.2857835491207147,-0.24480431580911619,-0.39490618216283174,-0.22507013019775465,-0.22546761548035815,-0.21594426316764992,-0.2288318209949151,-0.21929110354311973,-0.422100014584677,-0.2135032816823607,-0.22573968528048977,-0.2984135621733733,-0.3332109758917271,-0.25491941569921034,-0.20350733381730698,-0.29208183331427734,-0.37677543689961535,-0.2600719194946888,-0.2032633812273832,-0.36400578820843765,-0.19065643120207862,-0.30764652001934883,-0.2527300526762297,-0.3588709451059324,-0.2987688564635404,-0.25246167968018635,-0.460067701136982,-0.27804842254727796,-0.27840879154618514,-0.20197776564220404,-0.20355223095623262,-0.21499044901210457,-0.22141681143986103,-0.24918444040634335,-0.3263679663294429,-0.20450473597673316,-0.23153078526478146,-0.24125104598105818,-0.21835408888131225,-0.24137579075250315,-0.24101845638034897,-0.2498713785161106,-0.23467719708773827,-0.22746446369275708,-0.21166443688731612
49,-0.9810301090929915,-0.9916534262253303,-0.9890584412659109,-0.9918684331252604,-0.9913900002632453,-0.9897079415675779,-0.991127914362214,-0.9855897368231962,-0.9922532984585724,-0.9787145851642135,-0.992579664875726,-0.9907465899004628,-0.989992645094369,-0.9921873708939013,-0.9870771002663161,-0.9922700503487305,-0.9789027342702024,-0.9907958674561254,-0.9910581199860148,-0.9885643218312512,-0.9940011149703635,-0.9901186042220594,-0.9901459990953951,-0.9890659086490606,-0.9945785550465558,-0.9914265066292218,-0.9894716597387394,-0.9821848716476949,-0.9906540300519697,-0.9897719646874382,-0.9919320201693747,-0.9942816141083872,-0.9974543400335805,-0.9892961412410789,-0.9923062482213767,-0.986758025575338,-0.9900791009508703,-0.9854235274690643,-0.9901322118529071,-0.989315777930641,-0.9951737337428347,-0.9821608129788041,-0.9877786939428665,-0.9798923920965346,-0.9941879327847771,-0.9928509014062201,-0.9851185846873716,-0.9887560149518748,-0.9905947716068387,-0.9923598123240914,-0.9899028538955282,-0.9930422012893063,-0.9882975703665707,-0.987811288721106,-0.9915594476585915,-0.9906837443510043,-0.9917857549271174,-0.9927552542164361,-0.9819308540637324,-0.9935931441648836,-0.9909534551740087,-0.9940759040642348,-0.9886056141834495,-0.9910901354573524,-0.9931215838035887,-0.9839157378944069,-0.9902190739219175,-0.9956900002854616,-0.9895848008661587,-0.9917641871317932,-0.9923932551701679,-0.9909303109794408,-0.9887782205180018,-0.9897929067244784,-0.9905299162808281,-0.987654640309275,-0.9893251980965998,-0.9886985225888187,-0.9890614990405494,-0.9891260534685246,-0.9900429726654785,-0.9908280594407225,-0.9897522327587608,-0.9867388084314644,-0.9912486650818673,-0.9955310986607029
