,1,10,11,12,13,14,15,16,17,18,19,2,20,21,22,23,24,25,26,27,28,29,3,30,31,32,33,34,35,36,37,38,39,4,40,41,42,43,43761,43762,43763,43764,43765,43767,43770,43771,43772,43773,43774,44,45,46,47,48,49,5,50,51,52,53,54,55,56,57,58,59,6,60,61,62,63,64,65,66,67,68,69,7,70,71,72,73,74,75,76,77,78,79,8,80,81,82,83,84,85,9
0,-0.826508874409968,-1.1218784728795586,-0.5296201031006783,-1.1843907318259028,-0.41225644626136126,-0.3622290367421447,-0.36609398674721205,-1.07745177977912,-1.1528509851893456,0.027586684178155886,-0.4352086970641695,-1.0395832076876854,-0.12387351095947816,-1.001398617099521,-0.10842379817817668,-1.1267646377860427,-0.36797444334853546,0.9255201668945344,-1.086183794684542,0.19512826164254116,-0.8928052247377004,-0.08635389130206966,0.2590302020233598,0.6878359911756906,-0.9639559721853195,0.2893931472381668,-1.1299657465608144,-0.6504831946439157,-0.9084485347494018,-1.106158157789758,-1.0717384720462995,-1.0123183854875026,-0.9745248078377675,-0.8926182498340918,-0.47736029660554496,-0.581712685224913,-0.10738982586610651,-0.5688324616099893,-1.0939890444702816,-1.708297394143623,-1.1497106635491328,-0.9770051946665076,1.1957351692293945,-1.4315706902239147,-1.2644239393862173,-1.1263131091399683,2.0999996734231186,-0.36014921441391146,1.3977456549985061,-1.1125373246241979,-0.4844385287110062,-1.108781722770779,0.1279468818948252,-0.8226722820109277,-0.13617929246730348,0.4347647539979434,-1.1275434516616905,0.7367241297560542,0.4196963058336266,-0.9502258241372964,-0.7471590475991453,0.19001425980232825,-0.41551271490797076,-0.3152880593217625,0.23218733381528184,-1.182161929792906,-1.1066962261889364,-0.33627531036247127,-0.3649738808001716,-1.0543554711001377,-1.061806787957852,-1.141699229464759,-0.8926318907563573,-0.601404782951553,-1.0003122314621011,-0.23339410514253833,-0.6397347189832043,0.054082208710880764,-1.0375084250696185,0.3331396470402962,-1.0387232832955013,-1.1528524852399367,-0.07695366695836398,0.33739244607988367,-0.07065586035623599,-0.994460280300872,0.12783940479225306,0.6337249426305478,0.5545352725787368,0.24043830694173463,-0.5438144207786307,-1.0774233123436279,-0.9424949645622731,-0.4994277320845849,0.033993992019557724,-0.2318812414074579
1,-0.4831434070985273,-0.8637041841248887,-0.1209205733645441,-1.1670526425376218,-0.2847663102174172,0.008790658471784812,0.042605551644398616,-0.6432849197009983,-0.9764547930130131,0.014395162190275243,-0.30534389735151174,-0.9023420207201114,0.26625694444951387,-0.7300752491612891,0.0734400593662323,-0.7655526972272088,-0.0008450009318319053,1.0448767468855549,-0.9233772480429129,0.09394057510164806,-0.8752336200731579,0.0798370002665725,0.5747883127439174,0.8072279083464954,-0.9113986202710286,0.6563686352137457,-0.8309114761979537,-0.6129546360137169,-0.8988587852496497,-0.8957631074274507,-1.0488455658741327,-0.6571169786192453,-0.5238735721682263,-0.8750411213268333,-0.043988154720504095,-0.5175817215600482,0.2325315084000632,-0.2576179331913305,-0.45811694887441023,-1.7957230270295506,-0.9551090615120862,-0.21768914910531717,1.3202385380094848,-1.7335164611559768,-1.2459506115231704,-1.2137369326810594,1.9636235072950265,0.3991665239489189,1.3977455286857172,-1.0269687144097255,-0.4292270221212866,-0.6862701968750337,0.1603658480546584,-0.795749150112228,-0.0341504530104276,0.557839742005279,-0.6532401721513742,0.8545622026099835,0.683831552639742,-0.9152996587931707,-0.5918651260134675,0.5744418709841452,0.05038157759676931,-0.3149806156757037,0.627849221304896,-1.1564870730594792,-0.6191446577580547,-0.2635739753313968,0.032589565249183425,-0.6202790401775329,-0.4876474437922759,-0.9488119857825558,-0.875049745324439,-0.24136472558520977,-0.8604814199163403,0.18535834482109975,-0.3106577879945328,0.5637642388851122,-0.892924420947396,0.44188381417086714,-0.8941392790667402,-0.9764584177389216,0.06905923164198591,0.5806241390534503,0.24510163826948192,-0.9250552401788943,0.5239597887540246,0.7526274063631594,0.6723731604783654,0.3017890176780173,-0.2003545901021001,-0.6434078046185293,-0.9247102284573783,-0.1272620182665613,0.42700227968573906,-0.10050714621595488
2,-1.088435216249616,-1.5014826939508092,-0.7270685061250065,-1.5178161334449476,-0.7518318606079699,-0.6286988425741522,-0.5635425313617995,-1.326702662059698,-1.446978992041718,0.2081529011453162,-0.8237224312818581,-1.4395184550987934,-0.39777377411849335,-1.3244051372160692,-0.4693742709301403,-1.4682482540884156,-0.6339418651527386,0.372175234827056,-1.4736841649497217,0.02454840866296126,-1.3208659729904102,-0.47566347794291824,-0.08210634614794751,0.2591088701863459,-1.3842829409945336,0.04642448984848513,-1.4512039479996441,-1.0296275269225952,-1.3311641881978762,-1.5021382644854226,-1.4455505662965478,-1.2879071749292823,-1.1325213657537683,-1.3206650211273028,-0.65216466851929,-0.9909620477720069,-0.38921822354707325,-0.8651679118102078,-1.1714542806621555,-1.814962417863054,-1.401335227727256,-0.6921945402748134,0.29414726552650716,-1.4828710540844923,-1.579537379161739,-1.4156597193447982,2.0033559111943653,-0.07533871522864097,1.3977506437125131,-1.4932153500289924,-0.815400468492812,-1.401078944221747,0.05021139934283857,-1.2479385425024447,-0.5085116447317946,0.09082799624373364,-1.4347349447106454,0.2974905526424412,0.10520003818794733,-1.3752885004690052,-1.1306220287310573,-0.04313130971717444,-0.5427278047219881,-0.5349839925282535,-0.014665598978082246,-1.5180900828717683,-1.3751871391333894,-0.72116995600063,-0.5912911050950896,-1.2811226339269708,-1.1818380939336648,-1.5172309771640669,-1.32068561179349,-0.8466587161635574,-1.4052631337425923,-0.45877611020953585,-0.9015831588069065,-0.06960289587324839,-1.434525904590984,0.008401398315554346,-1.4357680830377517,-1.4469856611825553,-0.44556925152957755,0.01990626388845594,-0.3725582590092983,-1.4089798989710638,-0.1169151324370058,0.43786433920684287,0.2683778753458687,0.02613886517190392,-0.8136953142354163,-1.326797420986669,-1.3638323343799192,-0.7459341643517365,-0.2816026604289166,-0.6102553138885439
3,-1.264093717167247,-1.5611615940172725,-0.9666992612455085,-1.4933189897089751,-0.7418488444871563,-0.8120125461492037,-0.8031732997446794,-1.5512543817740057,-1.5731940642210838,0.20711149068870763,-0.80969584189484,-1.419345654136602,-0.5943681311512505,-1.411377053966369,-0.49481745210676786,-1.589962779681549,-0.8159096063008305,0.6312502225199548,-1.4841809873800786,0.0617430409870106,-1.2543273413077047,-0.4926325976532424,-0.3276495551741827,0.3079031242230015,-1.3296749010374207,-0.10835165365129559,-1.5784078609690457,-0.9846305831037208,-1.2681189970252347,-1.5267489937086145,-1.3938384018241783,-1.45026465340345,-1.4354383272193165,-1.2541284787724278,-0.9146351980052531,-0.939613152060083,-0.5644514196260473,-0.9915770085030475,-1.5976133261343204,-1.883297367347473,-1.5733359545116108,-1.4101470159992089,0.9607916629734587,-1.6518078672338143,-1.5459182351431484,-1.4507036431679095,1.4191120064146296,-0.7932923259045122,1.0463772726436522,-1.4489871442038837,-0.7962395063713815,-1.5865622438578928,0.133457930181114,-1.182176427747891,-0.46527134367877676,0.1761733261494759,-1.601830096968754,0.4596780437509817,0.034033926788381935,-1.3136301184219186,-1.1309097790150606,-0.23205240845990255,-0.8525570554379481,-0.5349783773830405,-0.18997832821329633,-1.4791382922664644,-1.595280285687141,-0.6893259728311034,-0.8149034798863612,-1.5310517451008825,-1.565811216812219,-1.5697823156578403,-1.254146980110838,-1.036989635281665,-1.3759352950567416,-0.6780825146050781,-1.0734114582331016,-0.4234869625728567,-1.418334096399468,0.08857666394283827,-1.419576277708487,-1.5731954824500343,-0.4326831522456258,-0.2771422894949759,-0.528473509703405,-1.3611189433264959,-0.32328958301429966,0.5400113549171529,0.37426404012003095,0.11286979554989751,-0.9764599050308314,-1.5511771501780331,-1.2988262890293336,-0.9354021941276545,-0.5328887961376509,-0.5961464290372469
4,-1.0193945419506365,-1.3137625270866244,-0.7466805662696911,-1.3270182238030166,-0.5573049406845829,-0.6644041339183123,-0.6326587059572234,-1.2560296190194213,-1.2977138624809912,0.17138063957230437,-0.775232763425585,-1.2398600927335195,-0.5013789807743365,-1.182091589088086,-0.5284781130326164,-1.3203242584616293,-0.6684713818331255,-0.13550264475227872,-1.2767471311710585,-0.004901756103246316,-1.122004922527949,-0.5391634522694787,-0.3152157253973361,-0.13142287711929565,-1.1805977260119858,-0.2056387800093365,-1.3119163074257139,-0.8592445783756318,-1.140874428687501,-1.3020166766019596,-1.2439888109247856,-1.1784399717733236,-1.101712082635214,-1.1218302339721025,-0.6947627303525887,-0.8754153814217235,-0.49566141290149307,-0.8235484717514497,-1.2822191868135673,-1.6770663441251066,-1.2794933738773866,-0.8548232960277264,-0.4675368326704358,-1.4041442216016964,-1.386705175032758,-1.4507171333656665,1.0197452239047913,-0.2979412719745575,0.5773567106512728,-1.2873995093366613,-0.675932242834096,-1.3025437809968694,0.022559146173368523,-1.0530776650648215,-0.5234904231052386,-0.16292798174265288,-1.327708400397302,-0.10271491102812014,-0.16916991707564014,-1.1681260232169564,-1.0056230209808503,-0.26248047763626,-0.6205535382275833,-0.5349856408981327,-0.24111050693228908,-1.3208398835444293,-1.3123926668187984,-0.5211428771061786,-0.6453468642401458,-1.2219379122286267,-1.2496429388306347,-1.3206509999013893,-1.121844826269636,-0.825987107634119,-1.2078602596413837,-0.5545010821201787,-0.8660477772287435,-0.28221921792731297,-1.2384667672206155,-0.19282204555095017,-1.2394631683904989,-1.297717400722139,-0.505359466893311,-0.2538879818707675,-0.4818596445794984,-1.2040729623977706,-0.3123152234837461,0.09109299043268797,-0.04270331442331073,-0.08818721550061714,-0.7943450453627898,-1.2559961573182228,-1.160443949114493,-0.7503434246024133,-0.4356212197452451,-0.6178388192481045
5,-0.3254092348035656,-0.6275832543026436,-0.07484454428833473,-0.7943882427953547,-0.3288890526275865,-0.06381528357450157,0.002246056286028737,-0.4923472134562893,-0.6910411922804363,0.07479846846890642,-0.29571201675427694,-0.6461986691391929,0.0896275798111536,-0.509499603679242,-0.08966941374643282,-0.5836869961047617,-0.0665341384993562,0.21286892852080255,-0.6578008860143321,0.0527456170808286,-0.7129559347243991,-0.12019168764453413,0.1452317823752458,0.19717296363925385,-0.7024651121149996,0.22589626540346933,-0.6284699592137797,-0.543370435519223,-0.7477666131146359,-0.6422312951383294,-0.77860292470962,-0.45440012622293063,-0.34322760554658205,-0.7128885467066663,-0.007427943074496077,-0.44963982534090036,0.04065189912004767,-0.20544668132558597,-0.5238835433434876,-1.4615596018517119,-0.6900991983172866,-0.03177005312411339,0.24898538943188386,-1.0056532714987678,-0.9160510275986673,-1.2852139014780757,1.6765825540451689,0.5850853000302852,1.260960193053357,-0.7136608767739991,-0.43157405107062363,-0.5285311348429216,0.07553002517502724,-0.6590090816192771,-0.17005617404495263,0.11154599393659893,-0.5778946515903414,0.18390952028909138,0.1851150287498446,-0.7132833860570955,-0.45295623189573536,0.21777236201467612,0.07177659703765144,-0.369482415107029,0.22793850436013452,-0.8263373941761488,-0.5235209167323016,-0.26741605059522494,-0.021911341074048397,-0.4529079756312524,-0.48097873215459835,-0.6761821791717636,-0.7128722155482003,-0.16261874834188889,-0.6108168704036997,0.052772784585620625,-0.2054526140183926,0.3348780316174662,-0.6393125805690854,0.07101679106687087,-0.6400873384885448,-0.691042082002299,-0.09958620320282827,0.17831307991475145,0.034162628057811985,-0.6955340454194693,0.20187986810794986,0.24345956808023492,0.17557081631134125,0.07447120169977883,-0.15872515999009684,-0.49235159533857664,-0.7294033278627846,-0.1049492727622075,0.10933132176848726,-0.1888208985512487
6,0.590303837887751,0.43980141296548153,0.7263746766397823,-0.012139771375718124,-0.034866873672873194,0.6578031134776009,0.7209095734997181,0.6669268828596183,0.47917793848868895,0.01949714525301129,0.20234494123526076,0.14458867554864321,0.7022043275786163,0.40254427431346895,0.31301799111810663,0.5599631488224813,0.6509291069385087,-0.14543087766385746,0.2708171143824233,0.007445632087067992,-0.12842601550532304,0.3053682648435811,0.5835009936211443,-0.006807229688673036,-0.05432698662996687,0.49938511206416647,0.5097636031357546,-0.1070029687734317,-0.16671170069514607,0.3541719360616636,-0.11097749357761416,0.5522100370960769,0.6976936446815182,-0.1284669347175447,0.759959599583794,0.04159487181950757,0.6036079262456268,0.5460600682002354,0.8234225996901693,-0.7086115936210211,0.5616889288085836,0.9940988142351386,-0.69311117003635,0.20703831555543684,-0.1930848372463961,-0.8134053907628704,0.05356580586740001,1.1805320427842938,-0.20527966934754144,0.06002059790451794,-0.09131662132541576,0.6393173048955122,0.05397591268577776,-0.10765304464349149,0.11405584235390097,0.09403991170142226,0.6737558640798236,-0.016802970787604156,0.3300171311481835,-0.08667317055334427,0.21362428280609957,0.6055092225665243,0.7986726834985518,-0.1530241464545391,0.6012999629474329,-0.10343717092345593,0.7914555843473424,-0.039247133010278504,0.7066767005122099,0.6688882425518299,0.8010425431491321,0.40240341222808607,-0.1284323696693755,0.6630730330391366,0.14561563402076574,0.7078452775611641,0.6384404243063567,0.8145587754244373,0.1640712030324986,0.09896899380073415,0.16467245028166935,0.4791678522795561,0.23953234588685757,0.5995792792227785,0.5601360911378162,-0.015228665458114335,0.6479534034983763,0.08640953525157027,0.0694318859254006,0.08617273266929498,0.6218609369170895,0.6668039975360597,-0.11652199879074887,0.6694240504845206,0.7399835652600661,0.20950017404257537
7,-0.18620776618285362,-0.40872636037858534,0.022092464341394544,-0.6709977502411697,-0.23731491819952932,0.03992290883493135,0.10404536654628288,-0.2889341902908078,-0.5093997730494464,0.04376652334222713,-0.16991436752034983,-0.4545568887265006,0.24263603946183526,-0.33283581186300265,0.00493509035227609,-0.3801511026275295,0.03929504464345358,0.10628362202229719,-0.4580671515116669,0.004763608308424774,-0.5071675429675261,0.0063195253678677895,0.23187843619578957,0.11544754265553116,-0.5052686347524241,0.2737799368437955,-0.43303365569015345,-0.40634518861737895,-0.5457972805696407,-0.4297520788011985,-0.6195965675881643,-0.27862512869497935,-0.2105202185834229,-0.5071211915021153,0.07160521331446464,-0.30212726778703475,0.1312886990313253,-0.09465995921917245,-0.41030690094378275,-1.5040894186534755,-0.5108813799542136,-0.037749169071676573,-0.16266008395172732,-0.9860687876392105,-0.8056552175236658,-1.2396764952408001,0.13891748008411658,0.26571219067265434,-0.34693986309895725,-0.5679631763210422,-0.3286560115959829,-0.3249591476206233,0.08917246668442165,-0.4673390927259704,-0.08818864367364788,0.1379718502254509,-0.3891983512439975,0.14835579050035036,0.23257512762317487,-0.5087801496866897,-0.3015156175450454,0.29407520120463304,0.10955062941206638,-0.3239450283605214,0.3016217043860178,-0.6986379234661941,-0.23352528685218432,-0.23069053933857542,0.07779417741463986,-0.27844650117234193,-0.356639576387894,-0.47465331989242265,-0.5071024075601422,-0.05064459229255858,-0.44125085134657865,0.18330218634274809,-0.08819782911438986,0.28778194608283647,-0.4491523193606573,0.10298853242245642,-0.4498297374082981,-0.5094011495657097,-0.010350869506628224,0.26584037487598855,0.13185743321266433,-0.5027447806009466,0.289573430384044,0.2522325181113656,0.17818910950148284,0.10262071459697439,-0.048954634722368454,-0.2888685685217393,-0.525753614217691,0.009557574735125671,0.27051656637548765,-0.08688112082870972
8,-1.5143965235558339,-1.743093706210163,-1.2409110382208257,-1.6340984444107733,-0.7130199729255462,-1.1627643042961686,-1.1036079345382865,-1.7372707858486673,-1.7442202329559506,0.2135375674184095,-1.1115504550158501,-1.609842440387806,-0.9128243461366092,-1.6255557969404324,-0.8619319735299199,-1.7949206085794371,-1.1595186422673327,-0.02610792661635515,-1.672216408435708,-0.027644177244974467,-1.3475729954542268,-0.8797759037467149,-0.7535356277280073,-0.25559181604572334,-1.455466603311532,-0.579070343517584,-1.7687650023207369,-1.0266033783846251,-1.3367989024860807,-1.7168201577207598,-1.4992007956392497,-1.660123693471156,-1.6288470889367352,-1.3473601965714979,-1.1794260200138151,-1.1623012428611226,-0.9438666321793566,-1.3122924536307252,-1.8221238093425984,-1.6743397728979041,-1.7391863754548806,-1.4351573191892262,-0.10638931070908728,-1.7535248688573675,-1.631610538375764,-1.226521661815887,-0.6439945552712543,-0.8647120611479574,-0.882684019449636,-1.6442100448689978,-0.7830610608860238,-1.8003167032024556,-0.03224374434463542,-1.2833614868572678,-0.7710210263873447,-0.28303376187968765,-1.8238384111997956,-0.10034717510352392,-0.43520269303780657,-1.42045355189285,-1.3873062428289165,-0.6716531719122321,-1.1100434423865204,-0.49249229020378676,-0.6433625834274176,-1.5887522891378287,-1.73534482803672,-0.7281531050683651,-1.1288297027075336,-1.7376000800479385,-1.7941919743837906,-1.7604453599993852,-1.3473996614207404,-1.324438280755716,-1.6049917128031739,-0.9962569165505979,-1.3656898921760068,-0.7760609540126793,-1.6139985788358326,-0.3363291610127186,-1.6149414989066377,-1.744222798579494,-0.7959180647630086,-0.7146964912621281,-0.905241316120421,-1.501901564360607,-0.7310568708093002,0.030121961700301545,-0.12016996302069084,-0.19373087415289703,-1.2925742982540744,-1.73716627437177,-1.3908284699842801,-1.2395775576863242,-0.90591477345618,-0.9253590169979178
9,-1.8706353720424644,-2.0055682876210903,-1.6804018489435626,-1.82667567577406,-0.7624330762888026,-1.5781573566091227,-1.5518080633490934,-2.0805485580877696,-1.9659711097595443,0.21910104459046456,-1.3299136705067467,-1.8182966963380538,-1.3832233042947513,-1.9126593946465746,-1.1055437963472077,-2.080531805920764,-1.5721374920090703,-0.0297354587485317,-1.8927079618233582,0.054572161507741065,-1.4804982551083572,-1.1672466462911277,-1.039349005335084,-0.3029789533711114,-1.6153921561264482,-0.7719065353588326,-2.030743437039572,-1.1004177103091426,-1.4767734298111894,-1.958769598434707,-1.6568942418624044,-1.9827543925860462,-1.9775818830440117,-1.480272479429608,-1.6544068702129215,-1.3165792514809656,-1.3045968349288708,-1.6780885134222596,-2.1485180397753685,-1.746202165321575,-1.959724374337502,-1.8361352945534726,-0.07224358168764822,-1.920537690427517,-1.8057397358445426,-1.3485000853423963,0.2918883004061491,-1.3391823558719151,-0.11787301887762659,-1.8442706676699876,-0.8350724153372605,-2.1121232080449297,-0.04944207163505371,-1.4068405954567735,-0.897416409692464,-0.3630785953693991,-2.117295728244551,-0.1287373359641483,-0.5680107305579121,-1.5659504324759828,-1.6198788170409582,-0.9447653131080573,-1.5754298311086279,-0.5246609493684883,-0.8985167563045111,-1.770895167904151,-2.053529496722762,-0.730269867915564,-1.566661889599401,-2.070308097087983,-2.123024113901281,-1.9921928987410304,-1.4803143803143384,-1.7329798425235545,-1.8112025493578587,-1.4571619093747739,-1.75601733178865,-1.1664800047894486,-1.826649953854231,-0.4100509143072864,-1.827659668006196,-1.9659732256891256,-0.9996238588543803,-0.9820088899707389,-1.2450632079455224,-1.6731922354401318,-1.0616067396702846,0.007136135406060818,-0.16498206802748552,-0.23072374331245157,-1.689048908401644,-2.0804731767403135,-1.5280632323914054,-1.6759923987171204,-1.333908636392808,-1.1259030971862563
10,-1.394607049065691,-1.5430093815682118,-1.2212064013810238,-1.4265705186657829,-0.6425308715728087,-1.0774697262946804,-1.0748369442743886,-1.5929298462444923,-1.5226773411004104,0.009092442095217722,-0.8520794804028092,-1.3868537408531079,-0.852203300641238,-1.447910675029849,-0.6154543547561988,-1.593696710009071,-1.0747480324567245,0.7015596525081046,-1.45513726235148,0.12523246184224274,-1.1299625044477453,-0.6520460534050374,-0.50856835829893,0.39243632739625883,-1.2329828177846416,-0.2336528166703849,-1.5589063126780294,-0.8568020778061434,-1.1139716327845783,-1.50522170262879,-1.271561828592573,-1.5078788066411408,-1.5475019408975486,-1.1297422635159318,-1.2021164193450524,-0.8975197795583081,-0.8072161060722998,-1.1994542346504051,-1.6370502745306845,-1.198592577692614,-1.5184579693248796,-1.6686001520350606,1.0874582478961112,-1.6512428696611339,-1.381463153272462,-0.8162775736198598,0.5272991684137739,-1.3017025128280169,-0.12311019834098237,-1.408778107822994,-0.6816693956501103,-1.6177814099258445,0.12631519051099682,-1.0748385967379552,-0.47483885895637573,0.15984746331699828,-1.6099897181037481,0.4907431645248237,-0.02985414593060709,-1.2033568079642785,-1.1600013906900628,-0.4073213302885735,-1.1633495959284441,-0.43869708033078975,-0.3498520593302551,-1.3631417272440807,-1.6269449190332967,-0.5769984091979957,-1.0850051491838015,-1.5937091753898036,-1.608310959386873,-1.5295949178024382,-1.1297821432581805,-1.2569325814006547,-1.3579023491107176,-0.947528553845935,-1.274697211432389,-0.7564977181283311,-1.391541150483945,0.06630419666231727,-1.392696519646851,-1.522678601590267,-0.514466157698317,-0.44420084734557924,-0.7415361490036771,-1.2768704725893114,-0.5306112617545299,0.513944555366547,0.3476197133046331,0.09972518374706624,-1.206061890473851,-1.5928537210191098,-1.1752246227645744,-1.1848098778587657,-0.7927249800639372,-0.6528299489923669
11,-1.189746970320022,-1.3083330980386434,-1.0944406600633432,-1.3623624408743513,-0.6179940685600264,-0.9514196529947074,-0.9846441853301602,-1.264518678535564,-1.3584257024689916,0.010041612232309698,-0.8354393108402719,-1.2701149142561448,-0.8300938239127509,-1.2548044730940986,-0.6382562996913084,-1.281061227857733,-0.9541225703296564,0.38264129292593957,-1.3083817795955128,0.09160392332589509,-1.0464340668574912,-0.7049163549034054,-0.4919664865115351,0.18861050053939118,-1.1402100911288116,-0.31298864360669687,-1.3001658949159474,-0.7909514705817889,-1.0261190194658507,-1.3138223371683104,-1.1840680166877642,-1.2552651546180962,-1.275253569178613,-1.0462137275256829,-1.1118410598528605,-0.8629107937133724,-0.7648396209670391,-1.0606497057512958,-1.2095470049565717,-0.9578587348032843,-1.3414645964028467,-1.4330155455486637,0.4835441004348763,-1.9232583793778466,-1.2872183512309048,-0.6291075257897462,0.13279178582338708,-1.3380432905007438,-0.3980228574329229,-1.299051395095592,-0.6294089208569871,-1.2870274960494936,0.0753740333134446,-0.9885595974121746,-0.5168040884411438,0.004365452785981015,-1.1956274027111364,0.25796601251567036,-0.15602504281321178,-1.1146966813992534,-1.076748103203206,-0.44571152870489883,-1.088416308227804,-0.3856134374111253,-0.40100157812782855,-1.279088298817944,-1.2378795577315929,-0.591850155521004,-0.9701134491283874,-1.279736411185611,-1.207660492252546,-1.3452538276537074,-1.0462537057544798,-1.1007735792565583,-1.2469737915735835,-0.895042932742868,-1.1071421505415837,-0.7336314752987428,-1.271269933673354,-0.06333825502277565,-1.2720377820516164,-1.3584276786267158,-0.559581757343995,-0.415467099012495,-0.7141021043234892,-1.176552005114584,-0.5487732264565708,0.35960969232193424,0.19585878602275308,0.004389775966406932,-1.0595269831670828,-1.2645540020483292,-1.0908837538120122,-1.0577567212386423,-0.7219507030205053,-0.6713847168236475
12,-0.820156573634461,-1.1281435775274857,-0.5148365197921133,-1.0713279934735904,-0.3228855109743119,-0.32566736319302014,-0.3513104374367243,-1.1055439021104054,-1.1950808171796303,0.026001971854653277,-0.434277098324773,-0.9788139160607987,-0.13895327753484896,-0.973201048981327,-0.14781797131732385,-1.1566955431676063,-0.33677690039390296,0.6829453800298895,-1.0624424855936578,0.2400661609661971,-0.7781702986865215,-0.17171817938956357,0.19695197188153948,0.5105619074518698,-0.8640303511146669,0.19212853262254448,-1.144613138995501,-0.5199784971723864,-0.7831844326148945,-1.0999706669301665,-0.9111843632044763,-1.0078611730595448,-0.9917774273056568,-0.7779631706826681,-0.46361029394447784,-0.5323690517828535,-0.11660189799933215,-0.5267570533442724,-1.1139124946278824,-1.1424366807475046,-1.207465687986665,-0.9622198223894385,0.8535675947038368,-1.5237213689953841,-1.0598645242916314,-0.6935907327356873,1.9944933742920299,-0.34536427658488955,1.3977472582911747,-0.9940945078603011,-0.3885456200435368,-1.1538013328341086,0.08679806626538158,-0.7059303536636541,-0.15640933755949263,0.29799973586861916,-1.1629977187618088,0.5378474969234576,0.29331900203140393,-0.8411950062256421,-0.7032155446615784,0.11549408064936602,-0.39878656561441234,-0.263650882451668,0.14785530110562523,-1.0116273448193611,-1.1601374931832757,-0.2202701404173958,-0.3411994852340371,-1.0897138061074174,-1.0939313288085504,-1.1615965643643869,-0.7779864239108136,-0.5864077785620434,-0.9260817723012653,-0.21740463438057048,-0.6359664670824591,0.009203236775296827,-0.9798773795390096,0.2200727519923372,-0.9812015317451138,-1.1950810594773198,-0.12315716055591902,0.32610746832594106,-0.0938426088224424,-0.8972440679260149,0.06614412270993625,0.4675355313496576,0.39769551961814864,0.16364201684375343,-0.5138050355317906,-1.1054875650979024,-0.8193595667792921,-0.47921955364638646,0.02324879761152924,-0.25520476513102985
13,-0.8142793411251199,-1.07736885466547,-0.48976265180747713,-1.08777693751383,-0.5619008479525675,-0.35123754702479915,-0.3262371320016045,-1.0377517084213543,-0.8745485089846355,0.13238138876550995,-0.6032530456990761,-1.1062637674798699,-0.1626181587979497,-1.008193660445373,-0.28860756711065216,-1.0956452443894413,-0.3598203664259402,0.8733103564607563,-1.0578454288159418,-0.023916935880369573,-1.1557497252787898,-0.35395895391854704,0.14784051948378188,0.48810861264024524,-1.159723600555139,0.2807863431245435,-0.9931578385787576,-0.8949139575573065,-1.1810766397957084,-1.081894563738406,-1.1362478148657549,-1.0065294750552156,-0.9148952837916614,-1.1556199965197074,-0.4343790087014554,-0.8075091980100871,-0.17330112837555633,-0.5701074659685021,-0.805968623302921,-1.3337777401541628,-0.7937204296857573,-0.6760541970568533,1.443329085736724,-0.6523210545484734,-1.187032173332971,-1.4507079765362456,1.706882336578201,-0.05919837971149706,1.3977507060738315,-1.0659502104607363,-0.6990208454684774,-1.1029254868121827,0.14943141417373013,-1.0807204631647414,-0.33436894579825754,0.28457857285786864,-1.0361318305448923,0.6225230307578887,0.31881134704943054,-1.1708635965004432,-0.8450092961366497,0.20325819825299882,-0.34019471938014434,-0.5349767297194828,0.23284885170407188,-1.1324153747795387,-1.0573557994946083,-0.5639188432888824,-0.33238627334270615,-1.0242889631208334,-0.8528056573686978,-1.000136318448898,-1.1556163719843993,-0.57592430684673,-1.065089445070693,-0.2214569713941887,-0.6200612037337311,0.1166986876599391,-1.0913340210596807,0.1769993693399801,-1.0914490576103224,-0.8745576964336015,-0.26880174109670113,0.2566032739988313,-0.15506918630569258,-1.1513296158835784,0.12631747835545667,0.6305241360630279,0.46801398048431037,0.1517070410274598,-0.5280215177335993,-1.0378659390245004,-1.1643697383127423,-0.4829081295388711,-0.018314981256492655,-0.42138286480591
14,0.4918891416545061,0.3352072676361528,0.7440161239458667,0.3022420050555159,-0.009719696516782214,0.7692789190385911,0.8134056053645283,0.34736157101365767,0.706377701283594,-0.029412861463477415,0.29374997980393197,0.18880607610978073,0.814747091154437,0.3278803240972765,0.4518694244970731,0.309064715476529,0.7591369698758466,0.4412072900515903,0.33022511444153796,-0.03245736129664508,-0.16395849486531272,0.4382735302336833,0.9132245805894706,0.35307523533398616,-0.057249683117392036,0.737735772585572,0.451788730548009,-0.0921641586540111,-0.19402074449492818,0.3194495516202492,0.04426296760205567,0.3480536824511906,0.49106642399025136,-0.16402354774251515,0.8021214138208832,0.06322582210105909,0.7793382231066586,0.6242570264759841,0.5508339566411216,0.0809385772170233,0.8278787528303588,0.929277880752161,0.6853136485026958,1.4592056605899655,0.11882998469295636,-0.4784798689057036,1.8682250277496122,1.546133198482778,1.3977524793873628,0.2753660897799713,-0.08073949155405487,0.30317709012685223,0.09004532442298639,-0.13062638244756872,0.21978850305419162,0.3006142985102599,0.33987376664791313,0.36538262829950435,0.5748730415395209,-0.1040557517118605,0.2867782034734725,0.8385015063728138,0.9032956492530735,-0.1124257681443193,0.8114891537494611,0.1644788667854112,0.3246163429038065,0.04602985180468354,0.8053733350152423,0.37750703868707575,0.5148301760754845,0.49371044036305883,-0.16398496820365868,0.6615850201635187,0.23066519344241954,0.8236311220169572,0.6231334717915928,1.1134096587505393,0.2123969549827305,0.263845716164016,0.21330268366526312,0.7063650877360883,0.3674950803823658,1.0113181062057535,0.7370050153059172,0.005706744464534158,0.8662460130270688,0.3311563906708326,0.31775109789512085,0.1635628628702243,0.6757963929198466,0.34724285400928584,-0.11908101153760639,0.7090992126762867,0.9534477770058559,0.3166814455119542
15,0.41165676181607724,0.27148756783403205,0.6248181478238748,0.0317270437894182,-0.17871372359887866,0.5301384391762013,0.6830469699170261,0.38178728253041466,0.4646185895497297,-0.03235370615552667,0.1551195780840962,0.04987010344984714,0.7238879112010149,0.25528889203455507,0.31321147149105977,0.32112978406128284,0.5344497817828634,0.8125685267020556,0.18128576437638955,-0.028006565020170113,-0.3106336157777105,0.25043063551100925,0.7181304977202358,0.5720189613238749,-0.19807705768320258,0.7387350186832323,0.3606765912170415,-0.27460663669731217,-0.3394443647353224,0.22319455801915167,-0.16678840055879335,0.33638489260766613,0.495974092540926,-0.31070872402510447,0.6976873286678296,-0.06831344952990408,0.590670137543953,0.40691590574904835,0.5739238169551306,-0.30628359478203504,0.5565051487559889,0.9405843154767961,1.2663376249385614,0.6944965358089945,-0.13437333133921642,-0.638451243724339,1.33853728734456,1.5574402565279233,0.6697808652619134,0.06539245868541403,-0.2376787122900365,0.3651847700530366,0.14349782504792133,-0.2922335080148366,0.14651395398166306,0.44792273939613625,0.3696070606094678,0.6429537334213292,0.6274808852554582,-0.248181263564438,0.12640535190489843,0.8067944421462913,0.802702236201239,-0.2148392662691736,0.7992533679088752,-0.08152458768500795,0.39707732523639255,-0.215138459249164,0.6288863565130925,0.41499386043767994,0.5505471921114622,0.33824524505052417,-0.3106684287125941,0.5169088003698202,0.05747820836511454,0.7175404611249177,0.4722831532120073,1.0663415643440446,0.07242873387537353,0.3690161835215325,0.07315041534160147,0.46460866034024073,0.2679054921313089,0.7667498532487368,0.5698330268631007,-0.14062241702810396,0.815306116931716,0.5665655040811647,0.5188145492979062,0.24685393432923833,0.4792013894786295,0.3816685653384085,-0.2782075331765128,0.5499023911426215,0.7648223039154638,0.19858241709416816
16,-1.45791276653031,-1.3142875399338625,-1.4763321298392755,-1.0285900539735127,-0.6280404067039703,-1.3696907565487908,-1.4469096619143929,-1.5117975569455389,-0.8493986554810671,0.2209012249333438,-1.1057657808868682,-1.2800270257755257,-1.4106510166042665,-1.3996842184485676,-1.0478713859260937,-1.4393806145609815,-1.366923888807646,-0.443893804988505,-1.1968256760726097,-0.013339392673044057,-1.1708312997574322,-1.1067999132306294,-1.1167969783009746,-0.5811861916517004,-1.2264107710920384,-1.069170135871911,-1.2110978858937986,-0.8782717332436489,-1.165448072425116,-1.2766021090452508,-1.1096198169650593,-1.4979708184615332,-1.5356231865965835,-1.1706668449013842,-1.5464083793846235,-1.0668641975171578,-1.2625638926572145,-1.3474075698353125,-1.293324565908997,-0.6651361362566485,-0.7221713451601147,-1.598185271493618,-0.5714755762342685,0.03380926066916833,-1.0688084125438078,-0.9486607933200497,1.3271857842867336,-1.9792410230972721,0.9472744019040534,-1.1488515830602963,-0.6649685387404061,-1.539682448857707,-0.11382125406712817,-1.1142834508959003,-0.8333317261737978,-0.5625311134900369,-1.4260534841265555,-0.4569715009693931,-0.833910472835693,-1.2140796470158524,-1.2219640474572613,-1.1910576084587041,-1.5604046673049554,-0.39010134742984154,-1.1695033716228143,-1.0685009090636624,-1.515099507160973,-0.6490910774786622,-1.4163976693156506,-1.5372281248715365,-1.3481833693755096,-1.093149870949899,-1.1706961641698943,-1.431066804415134,-1.2694358232917744,-1.4294702992042194,-1.4066225784874047,-1.478844411233777,-1.2747202935970923,-0.5535708840986965,-1.2739824789760383,-0.8494109393483513,-0.956309062529513,-1.071990021931767,-1.2220871975161944,-1.2391736997186074,-1.261290784114085,-0.2920727844818539,-0.41804011561577664,-0.3349023915145575,-1.385222643388439,-1.5118893499606372,-1.176096794300052,-1.4394168370133729,-1.32259913623701,-1.0108553646206573
17,-1.198470501549932,-1.376656008337477,-1.0084379526530494,-1.2458335768913331,-0.5927607508551251,-0.870626841265783,-0.8893550224261548,-1.429689449144901,-1.3395760750476389,0.21275547326844943,-0.8657735558305254,-1.2325253881123743,-0.7828246814992972,-1.2730676508152299,-0.7083718547706443,-1.435494649614162,-0.878092663484531,-0.3749670766394801,-1.2873245998420306,0.1257055386873762,-1.0533763574229185,-0.71598009506307,-0.6031996319509073,-0.43586597293707247,-1.129780232472274,-0.5937786872809074,-1.3863493098471475,-0.7701458784045591,-1.0639717408098939,-1.338341264410727,-1.1525742059272364,-1.3360340266220339,-1.3674607278426196,-1.0531935166909436,-0.9725090703170277,-0.8965357181079242,-0.7505452744141522,-0.9856184031877788,-1.4531535961646664,-1.3914952309580166,-1.3336219120329162,-1.4558329192326134,-0.5559419215824741,-1.2658956727823671,-1.2790026605362206,-1.214018660163686,0.6699373764179527,-0.947739081933774,-0.08671913817623296,-1.2099641473613545,-0.5917128970217005,-1.464116534849527,-0.14874000800601764,-0.9878294332806334,-0.651499390026107,-0.4356131052852308,-1.4518179247574028,-0.3837262082062183,-0.498737627058085,-1.1090279439359,-1.04956245992544,-0.6469727417508625,-0.9297695241785967,-0.37807605014866136,-0.6281852306984501,-1.230611527084914,-1.479898925568798,-0.5004109910825149,-0.8791922025020866,-1.4276659489940726,-1.4330774475392936,-1.356307226663083,-1.053216731619623,-1.0400960487463133,-1.1966919399341078,-0.820653650205786,-1.0595108044717791,-0.7427515082423642,-1.233856747375606,-0.43478994821837375,-1.2347005198818715,-1.3395771450522709,-0.6745198447077169,-0.5474398909226654,-0.7324461760413756,-1.1578509514040545,-0.6796242390358325,-0.36628926435596376,-0.3991930917764288,-0.28063439930923284,-0.9865949766161141,-1.4296166681766815,-1.086629436121886,-0.9688283769363508,-0.6734139902483325,-0.748422463151143
18,-0.4456660290007139,-0.4464117157646885,-0.3879054374161375,-0.4318592043570936,-0.2023911269929587,-0.14290653786337384,-0.2680497902766665,-0.5708436617993072,-0.2624767760559416,0.047100989789249384,-0.2262516111188859,-0.45070286800984755,-0.15769393403795257,-0.46001205693677794,-0.06714247601470788,-0.5067631437289826,-0.15985628670478252,0.0636551087714245,-0.40548328635834563,0.24005836104536887,-0.5386865092524555,-0.03937552359303197,0.18890625511715997,0.08465368573461919,-0.5213242510055035,0.07893385125315738,-0.4068714363272373,-0.33841545804060197,-0.5495833917477893,-0.4334546212153244,-0.4820557971073109,-0.5182886391266956,-0.5944950455279804,-0.5386115971131359,-0.42353399823737176,-0.3558080562251843,-0.03879980996098546,-0.2584431553424835,-0.49642459455577265,-0.42185492769607114,-0.1927783929904864,-0.8353007561671543,-0.4268053255662977,-0.2581734350821677,-0.4985716543932685,-0.6225337361623073,-0.20870506350494103,-0.9380456641101441,-0.4427546117282249,-0.3859527716218164,-0.250972838829213,-0.5882619861134862,0.02218330689620245,-0.4864228594948947,-0.11355625924139474,0.057079040649212945,-0.4498198690845226,0.10499628322713635,0.1265092165524785,-0.5352437889028312,-0.3389126172975281,0.04018358404513858,-0.4231790156694298,-0.18237106271374115,0.06899749092331038,-0.4616652370571506,-0.5862393597032547,-0.10147247117559745,-0.20947681275227475,-0.5967542866597042,-0.51583140512093,-0.3583866478828549,-0.5386106833235745,-0.35557147211001194,-0.3997882735967968,-0.19820350688912275,-0.3605736766707269,-0.20569960380468671,-0.44140401534759177,0.04522867323848242,-0.4411927123409721,-0.2624830130568928,-0.07302573673470492,0.3076065879187818,-0.02829763311773224,-0.500149065251262,-0.00955953703771379,0.16331321183961087,0.10642493220093559,0.04168946331500195,-0.27395503365954776,-0.5708213047141191,-0.5333284559774994,-0.3074759949104042,0.055743175344675405,-0.14513858384384737
19,-0.9067314403443156,-1.2721094282207646,-0.5893646874674929,-1.2869776073105625,-0.3992560624547906,-0.4080200805758173,-0.42583858760100224,-1.230865188841861,-1.3643139268660356,0.18840729176114304,-0.5458942428210624,-1.1358199637541138,-0.24667784123452977,-1.0860092189972026,-0.2473156056121268,-1.2944830472264652,-0.41950637027422266,0.7606835858570825,-1.2150686410368927,0.039067876623491746,-1.0036374615716246,-0.25189831756575864,0.06539836956902907,0.47494490804156364,-1.0664389348128882,0.09389127120180346,-1.2987752521596543,-0.7364654767362578,-1.027926033927099,-1.2459095906894504,-1.1441206695866832,-1.1133150934194087,-1.0912734045974135,-1.0034490321033152,-0.5472066916306125,-0.6838881593120268,-0.2285067802098463,-0.6110444618311389,-1.2975686450163815,-1.7903659094132238,-1.3774107213695943,-1.0367601866953016,0.9880384666365092,-1.8170782240003192,-1.3365697813623751,-1.38906533276731,1.6108616509305473,-0.5492025728798181,1.3972671828863519,-1.166517113221069,-0.5608525587673405,-1.2827732709188,0.06780458056272254,-0.9238859717637206,-0.2549394785031731,0.2862721895627724,-1.310751761631686,0.5837145002061276,0.2206292810097797,-1.0540688408196384,-0.8313700365786482,0.010707444314615747,-0.4933298310807762,-0.4733343202323118,0.04390046760371176,-1.2513168290876364,-1.2978834287621706,-0.34793861403574816,-0.4182227234548017,-1.20654936636839,-1.2592786427982487,-1.3183954567180036,-1.003457100929161,-0.6566174892006974,-1.0873227964009737,-0.31191114950836485,-0.6945380259772006,-0.12419829174067135,-1.134298754528623,0.19113790692550225,-1.135622907866916,-1.3643140841966428,-0.21480791782672104,0.18287747074961802,-0.2043155828816,-1.0898493825931306,-0.041605772099367465,0.6195352359474442,0.4533097890554908,0.12880550658737944,-0.5883633267397514,-1.230770953772394,-1.0449028990744702,-0.5525510990894149,-0.0876252825856285,-0.35697243927556815
20,-1.138044493195959,-1.4506410597783437,-0.8787901769742756,-1.4790048330036878,-0.7060434323644168,-0.685575859691986,-0.7245307712630453,-1.4148556265933079,-1.520919123932841,0.18788041017683865,-0.8055622644331539,-1.3438013591793145,-0.5564635304048373,-1.2924421364810328,-0.531863406360332,-1.4675990051017993,-0.6967301536682198,0.5102975122764053,-1.4061526013762375,0.09983600233960577,-1.2083354354605467,-0.5535565752844996,-0.33517266357488656,0.23769928999819084,-1.274590029062627,-0.21651148694488137,-1.4682779127835834,-0.9301056332191528,-1.2217590733544799,-1.430897246549011,-1.3645885099568213,-1.3170829479440482,-1.3116019071626313,-1.2081416991135507,-0.8629822567584843,-0.9320174510103,-0.5522296484846423,-0.8768544563278491,-1.4459105273435782,-1.8580743612123989,-1.5322058484420538,-1.3261839733414575,0.7534574913983064,-1.8364659325396664,-1.5357020366892256,-1.378061204716309,1.0992787705973592,-1.1440634480452339,0.657621103723669,-1.393505658940737,-0.7437437718159629,-1.4600530809447787,0.09974479709572927,-1.141380181643686,-0.5043048539829156,0.07189829036589587,-1.4693696850316869,0.3444079577713527,-0.07804185988140298,-1.2627296207870988,-1.0717414824700404,-0.3217906128678617,-0.8370317035814093,-0.48148544210965233,-0.2935137841857067,-1.460968722983642,-1.4646124582833289,-0.6686347702141103,-0.7054125898652178,-1.400000502717972,-1.4168613271529251,-1.4871511842268932,-1.2081621014737398,-0.921143550382939,-1.3131033687619724,-0.6128007218388448,-0.9487154699184006,-0.5263980353038233,-1.341570853115207,-0.004306347723141809,-1.342755755350978,-1.5209193848946747,-0.4820608671958723,-0.2729586654474471,-0.5221442624589565,-1.30211912393034,-0.3803001275825582,0.4050663352695615,0.2501853717090712,0.04954207650071342,-0.8528959795931111,-1.4147899849652563,-1.254292524751023,-0.8276671736441423,-0.3861824653339989,-0.6223951967210495
21,-1.4282574418183727,-1.5867185618573578,-1.2564812016971625,-1.5240779739655417,-0.601490511565205,-1.0997921223064762,-1.1369310426807298,-1.6339662397463224,-1.4819034024260271,0.2069561131361799,-0.9149742300351501,-1.4757854396858743,-0.9482307649428209,-1.504587967450847,-0.6468294171789286,-1.639477624230347,-1.0998832968651007,0.7750613759235008,-1.5064370089976704,0.08197054737178061,-1.2931232619778792,-0.6535467213961027,-0.5187505151534688,0.40041174374465677,-1.372450179942989,-0.2755260365217234,-1.5760225940429564,-0.9694464321829165,-1.3058882019430786,-1.5561881042432373,-1.4259740130281913,-1.5520199682693003,-1.5645778080326862,-1.2929200455953478,-1.2738198160547851,-0.9939846234892964,-0.8392515476416486,-1.2244387066685098,-1.6401796245184324,-1.8524021509076913,-1.4462958012931475,-1.5852366925410437,1.2735068459061523,-1.5568064864810813,-1.5766158647491941,-1.4507172564770523,1.9694696645955698,-1.5305135583501068,1.3977491634380486,-1.5080646565719127,-0.7360064629884836,-1.6676827368515623,0.11794047341861402,-1.2138237729985928,-0.5115339673771535,0.14808186461158393,-1.6510091287300614,0.5242218579181129,-0.05378264106419144,-1.3527431202933085,-1.2343245880214273,-0.4589667520090762,-1.2541207121999265,-0.5349857779696395,-0.4020115858032146,-1.506135084083157,-1.6758542739977302,-0.5638156175069259,-1.1312478369043297,-1.6284659534032881,-1.6229469934460174,-1.5364483852397137,-1.2929429007712596,-1.2824061170344956,-1.4499578554101693,-1.0304533819656603,-1.28829972444988,-0.8684582710438568,-1.476815062385243,0.0516402276471061,-1.4777325512427253,-1.4819079792798469,-0.5491581577118092,-0.4352289637493267,-0.7766110324479639,-1.4068072669102771,-0.5969054660089634,0.5146020678046421,0.3426569685867906,0.08449705337383007,-1.2280499176745985,-1.633913908999589,-1.3364689885637868,-1.226546048595984,-0.8599754230977237,-0.6997229587692011
22,-1.197861203580288,-1.1356990213014144,-1.1369344535671373,-1.0474431642979738,-0.5243888673214188,-1.0230614671194485,-1.035803250032378,-1.2712315256545939,-0.85942945789248,0.09679118550180145,-0.7269075096469249,-1.1016951055848632,-0.8427953409047306,-1.1809556348153019,-0.551508434049513,-1.217865366071751,-1.0151365443772387,0.7516453168417504,-1.0615190751119241,0.040037581517993526,-1.0218563918154815,-0.583177409124903,-0.49141704570687517,0.3938816552239159,-1.0662673922107977,-0.2451437275231757,-1.0836687114410137,-0.7871836258315873,-1.0409931784290496,-1.109534095531935,-1.06980547927898,-1.2458779680146426,-1.2836051389456118,-1.0217126387863287,-1.1652393782387898,-0.7909724425038845,-0.7708101264959827,-1.0782273850015318,-1.179482844125065,-1.3310057970395874,-0.7832575136562642,-1.3953616879032191,1.364040149650498,-0.42097225304822494,-1.1476779058434556,-1.2534013494699068,2.0257405668996062,-1.444903919315923,1.3977508599738002,-1.0927986096668216,-0.6159947029115744,-1.2807488706263508,0.08106969739808956,-0.9610192880583289,-0.4121256024878288,0.15828719652872708,-1.2181141792579775,0.5052055868186388,-0.04275001902920485,-1.0599993978226274,-0.9654510549014766,-0.4117855423461625,-1.1520454461044436,-0.44479909569304577,-0.35729604163125295,-1.0906272422121173,-1.276225515041616,-0.48252384008528854,-1.0419610609393881,-1.2867200637508343,-1.1934914728228214,-0.9997041976532507,-1.0217208802641913,-1.1406049498411757,-1.0847149595509331,-0.9288826808359922,-1.1415062281475525,-0.8095532579159882,-1.098344302342488,0.06594893006941767,-1.0984860853651088,-0.8594368336985698,-0.4542508793340185,-0.4342966362218454,-0.7024423693866515,-1.08211840618477,-0.5372223843664063,0.45557502254278587,0.3323020445118414,0.07353770091831013,-1.0983789797900965,-1.2712461043499128,-1.0438744869792274,-1.1075208797316138,-0.805738401008685,-0.5691485469125573
23,-1.506760303259685,-1.3670458537610621,-1.603531775367815,-1.1721831301509118,-0.6396724857428993,-1.481976231457871,-1.5840346889686472,-1.5379908807639031,-0.9603854937587791,0.1911500090931422,-1.1229804569240092,-1.3447689915770378,-1.5247443223070862,-1.430728852612602,-1.0581703775382496,-1.465032582522801,-1.4812097980775307,0.0809505524348646,-1.275135002884011,-0.07452192163913748,-1.1707705924451708,-1.1256401411538184,-1.1992386232039551,-0.264844733205312,-1.2475954155282223,-1.001035834129273,-1.2914524517538308,-0.8974321764020156,-1.155481470192744,-1.3381206961575272,-1.1979126542866856,-1.5028379169325674,-1.5809225840558732,-1.1705693973934006,-1.6894069989619032,-1.0794223162015262,-1.3538312518139506,-1.4635843291377357,-1.4215908666063186,-0.7680375830521193,-0.8421987331218358,-1.795342413795082,0.6302405504163006,-0.2526844234053438,-1.1995626707254041,-0.8169887580858176,1.7358786593821434,-2.4121977656478815,1.3977505335817555,-1.2858434644937073,-0.6817793680149581,-1.5569119088761947,-0.07032683425077196,-1.1208878138715965,-0.8143629415508008,-0.41628223961834687,-1.4461042926333667,-0.13337547156971494,-0.748339357565243,-1.2284780194806035,-1.2832389933880206,-1.1753771158765038,-1.7389979668759894,-0.40197255173002244,-1.1275924215244908,-1.1962632694458595,-1.546245910417318,-0.6671424460113708,-1.5456493138679617,-1.5683948282729339,-1.450262114623381,-1.1736176570784005,-1.1706096934162338,-1.5412942316514884,-1.3445531280042817,-1.557527953993961,-1.5144918643952923,-1.6371886239345788,-1.3422805897193686,-0.4496386727864548,-1.3418559954627316,-0.9603969873363185,-0.9431837111255127,-1.17706495452599,-1.2943174432539286,-1.27609563551581,-1.293832506282707,-0.10148638390105677,-0.24459979001069082,-0.2676754612172464,-1.503100804622212,-1.538006928159879,-1.1971844884823981,-1.559369710216664,-1.474330609945797,-1.0081393259094356
24,-1.8479885490668218,-1.7849649670087762,-1.810732894653094,-1.5759528929602096,-0.7580222914879148,-1.6552974714231559,-1.684595830390753,-1.9413414658218227,-1.6244114576540973,0.21041293234492625,-1.2093616242529976,-1.6282026378373018,-1.4700745338527341,-1.7808858605400208,-1.048621633965268,-1.8782788852730405,-1.6475233454833154,0.10829145737233033,-1.6666130858260573,-0.0016854095492677933,-1.3270973913512922,-1.096966309883649,-1.0524565988943193,-0.09510533218231597,-1.440864913391875,-0.8249512730837154,-1.7778049604739403,-1.0200948713695213,-1.3182294405847417,-1.7376907279555258,-1.4521078824641769,-1.8816493400873004,-1.9586125617253158,-1.326874160594909,-1.8413470919938406,-1.1883845039723695,-1.3592734079595956,-1.699783750551647,-1.9316635307287895,-1.4447189940711669,-1.5866278632071729,-2.1122361272128485,0.27348868745743343,-1.4569338481813934,-1.566040528933494,-1.1386993525602993,2.0531611857943064,-2.25276724983339,1.3977508534520613,-1.6047594701358914,-0.8076508710053062,-1.9503655329580105,-0.045988731157201826,-1.2641222819576796,-0.8210490745825022,-0.28179211002704063,-1.894264074464854,-0.024779772656241678,-0.5556585025240899,-1.4041239545932371,-1.4844081733726362,-1.0334658919492452,-1.8330818470882413,-0.4955750972935345,-0.9744254459924007,-1.5350490352890926,-1.9583262335540552,-0.7490211517863506,-1.684710690125312,-1.9634398934843633,-1.9293481227845561,-1.6993813793719341,-1.326917030186078,-1.8053571424572452,-1.6071446055295804,-1.5610868011164998,-1.8119647712029372,-1.4777585706157204,-1.6353966040324541,-0.34165174794906994,-1.6360544274509023,-1.624415280097894,-0.9224235653572987,-0.9783323581714553,-1.280992021865606,-1.488903275896959,-1.1628263853214111,0.06681751695568923,-0.0903019407876043,-0.19586815479420888,-1.7441139533226913,-1.9412903645457145,-1.368746868342274,-1.7611988050389233,-1.4108600629012908,-1.0333117178289135
25,-1.7885717921187767,-1.5623004424539526,-1.8580887840574656,-1.3585736466945721,-0.6796663263789995,-1.716097767147146,-1.8132490670536585,-1.7676517906839513,-1.2019059607792844,0.21353475455498722,-1.2975607964695897,-1.5417472101202088,-1.7162192769836184,-1.6871868025437176,-1.2187733990686604,-1.6515312084322264,-1.711749949359361,-0.1318339025173578,-1.4814984963151863,-0.0038210161737002313,-1.315191579641775,-1.3087608503173738,-1.3069115687893353,-0.41340264025658113,-1.4093914864781145,-1.094035069210461,-1.4799834124216111,-0.9607731670147931,-1.30407087343786,-1.5399470998507807,-1.3412209195108376,-1.783697373445302,-1.8512076652740512,-1.314963977412203,-1.9483219065593338,-1.2198158246835342,-1.5362434739283155,-1.6855369870732053,-1.55131367584327,-1.0495697590022972,-1.0973468776269089,-2.0379660611000445,0.05830596304607602,-0.6453735878353456,-1.373617764777442,-0.9994022023307644,0.6839104537497056,-2.545882111320682,0.21401391861440802,-1.454932087338406,-0.7253038686545334,-1.771207067294007,-0.09366314482800836,-1.24595799089597,-0.9221431346828538,-0.4988854337413944,-1.566557975170126,-0.2587326631091523,-0.812182111812012,-1.3824782529601496,-1.473197974370333,-1.2926020883927483,-1.9739163364813077,-0.4261437595495997,-1.2356046223350678,-1.3594433836670707,-1.7258617996955745,-0.668936438402089,-1.779834570434753,-1.807981808271621,-1.6061176461973425,-1.3905472141003312,-1.3150077048627817,-1.801057452112678,-1.527689878880599,-1.7654211409420881,-1.775138613969351,-1.770873200646099,-1.5413321116083292,-0.5262607979669524,-1.5408413654803206,-1.201915569229556,-1.0911838201907567,-1.2560496949217606,-1.4658481425420835,-1.441816957366192,-1.425944621021875,-0.1563092890233674,-0.3073947400969673,-0.3136733597465123,-1.7426246678587247,-1.7677527087579745,-1.3413029439368611,-1.8088880045180407,-1.6662376350735055,-1.1658566812317726
26,-1.397390681928957,-1.3211318266567045,-1.3575417098229723,-1.0218784267944594,-0.4833895888515083,-1.1672735867567368,-1.2781908218157134,-1.544797123260138,-0.89804630316193,0.14414330481658516,-0.9595555185378682,-1.235210426992162,-1.1768677655645523,-1.3624089191837228,-0.8462502640359106,-1.4577934567096473,-1.1713299655453369,-0.46659500594509534,-1.1870860097076221,0.04925677231874257,-1.054608562128749,-0.8768600345789738,-0.7967554828145561,-0.4598676897399565,-1.1373370923444865,-0.7480070951353167,-1.251644577973439,-0.7431171074524098,-1.0396040699680595,-1.2748257210284246,-1.0560202232891305,-1.4771062493268627,-1.5311924893263336,-1.0543870953973293,-1.4209653093436871,-0.944934690624359,-1.02712775053902,-1.2007407097468712,-1.4525951006533353,-0.5845539549823647,-0.789770146581118,-1.635057994255119,-0.8003052867350807,-0.025122591983842982,-1.0454643810718915,-0.6670277527354302,-0.195465385823479,-2.013910244516494,-0.6853763379588235,-1.1402568609046841,-0.5395391824832101,-1.567205526410391,-0.09128546215844158,-0.9902346544728947,-0.6919475343598478,-0.46704242798036716,-1.4708719608187495,-0.42199503483035694,-0.5878568591310722,-1.1167334886205342,-1.1241931680547004,-0.8397750572638405,-1.4370842373011028,-0.3029650854927748,-0.8150996286929154,-1.045594661679713,-1.5809156743370507,-0.42127169996992575,-1.2365058204988737,-1.5628724036665278,-1.4775856512060208,-1.1161301835048505,-1.054430822105485,-1.321818514824386,-1.2196493808654512,-1.2187954585929524,-1.3104424105170411,-1.238901358788288,-1.233107461643477,-0.4613604689578837,-1.2328788391501684,-0.8980572080366723,-0.7775581490466807,-0.7067548285667435,-0.9817884898900692,-1.165080740037967,-0.9408418332724129,-0.24612756034336628,-0.3684887338320241,-0.2758173524091337,-1.2427687704690307,-1.5447756056899966,-1.0758234905673478,-1.2939872782582895,-1.0559142442876528,-0.8443320863150948
27,-1.2583723588966138,-1.4924881170445992,-0.9914682303111155,-1.4702685017334731,-0.6857179032809334,-0.8150949461203256,-0.8279423983967461,-1.4825361058825954,-1.3816242601255133,0.1565060964492201,-0.8774821978064825,-1.4253992301838407,-0.5984259307101527,-1.4001365696044934,-0.5685754117602294,-1.5228662418200822,-0.821014086245919,0.22783606601482545,-1.440242620568616,0.05028919689684531,-1.3159946529216342,-0.5984027315881983,-0.1981747152639525,0.06825163106286716,-1.3783745708947845,-0.13235883960949152,-1.4575608355403809,-1.007400661498369,-1.3312445840228708,-1.476124915528104,-1.4268416426118709,-1.4249724569904811,-1.3975295297039254,-1.315796720100721,-0.9932162294042494,-1.0122320317075144,-0.5648299133252943,-1.0139927093201049,-1.3850926002013053,-1.6409931726008984,-1.343795241816909,-1.3459608867743096,0.06368073981395786,-1.196416278798137,-1.5396020182074768,-1.450708861575799,-1.1020346061456276,-1.3051484547361447,-1.3977443267750813,-1.451195483499834,-0.781103792282197,-1.5272699924308601,0.05527439277767922,-1.2390735276786,-0.5566048557136317,-0.006750524622645531,-1.5105893892015836,0.17338031821191144,-0.019398945319105455,-1.3686158988264998,-1.163486697668968,-0.21913628513453987,-0.9651127460197948,-0.5349852001550993,-0.17953719567200974,-1.4898127731515645,-1.5226244126947541,-0.6537412965917565,-0.824130459852347,-1.4758587590322487,-1.3984453733828288,-1.4525736372077125,-1.3158142925677585,-1.0504533332874098,-1.393462612680372,-0.6874892782346458,-1.0832289351557762,-0.5557397188080755,-1.4205796355748936,-0.07531451386417315,-1.4214257226604556,-1.3816300468689682,-0.5293498665186163,-0.06644653131733091,-0.5278642014729099,-1.4001456232126768,-0.31509911689189984,0.2904685622392328,0.14818520543656274,-0.009553966022225885,-0.9917052813081869,-1.4825513893241467,-1.3561159982505728,-0.9605150268329669,-0.43053769612351234,-0.678628720384868
28,-1.0136810163866272,-0.8597086435219017,-1.011553196939662,-0.6533845698551886,-0.42122090170771753,-0.9342847484414251,-0.9665196077927833,-1.047833430329529,-0.41611280108584486,0.16663321370294226,-0.8152506529220187,-0.887184934726979,-0.8964897059935788,-0.9624917472886492,-0.7757843372263816,-0.9668805279676547,-0.9299068428512783,-0.6485790417748172,-0.7832229323343505,0.015511512518331931,-0.8667102310959545,-0.8581601676008325,-0.6494696863325474,-0.5810539882523601,-0.8896093459685658,-0.5314866002063395,-0.7589329147884372,-0.6077536222619461,-0.8645321611476765,-0.8403265568438936,-0.7695403384936872,-1.040747266485004,-1.0606814534060558,-0.8665864322325737,-1.045440303548164,-0.8038261597260942,-0.8460624730023832,-0.9240699256180642,-0.8594744338100331,-0.30563483082607246,-0.29626856123717693,-1.0692217622059235,-1.07371785579071,0.4821557289256845,-0.7155102098046145,-0.6946343381818274,-0.08835744685693575,-1.0640740294510158,-0.4401124247043888,-0.7556868953288868,-0.44886253758759953,-1.0653051686306698,-0.11701007183988404,-0.8174011630043283,-0.6530253395169654,-0.5313146522172237,-0.9513088543742155,-0.5604413539019174,-0.5103567612028582,-0.8880762041658874,-0.8639263901231315,-0.5826473537957949,-1.020592055836124,-0.2592385581651608,-0.5597823731792022,-0.7111567306648264,-1.052692596779433,-0.39650895544142756,-0.9569128119046012,-1.0676644220706302,-0.9045207962332489,-0.6456987985136945,-0.8666100613041522,-0.9911183733064841,-0.8710982718199594,-0.9273814808506939,-0.9809769074473657,-0.7520965260417277,-0.8787963936873322,-0.5156550492510078,-0.8778272856402551,-0.41612447029893207,-0.7358701513444512,-0.5865564602007276,-0.809434583948012,-0.8867322879493617,-0.6602433390189363,-0.3743798800200381,-0.462593308565862,-0.3209999292100474,-0.9512200607553848,-1.0479033289667965,-0.8595984160907263,-0.9911553473372443,-0.8705991898984402,-0.763603642972553
29,0.17143137668739775,0.33514057320612733,0.09895215194044507,0.31713154551781597,-0.027796760711038693,0.14541288027593652,0.06566412142411134,0.2472067094423134,0.663397524749604,0.008990274405274352,0.0570862169513154,0.18048623480407647,-0.0013656752200093651,0.2033663297641673,0.024173371844342414,0.2945126071146214,0.1405863455356404,-0.11814499873047164,0.31696211505758076,0.020680901640962333,-0.0718267212005652,-0.009452877895046029,0.02899556585534114,-0.021831380421795703,0.010816899834560047,-0.055047543210375825,0.4344553186419302,-0.04037889186898659,-0.08578303258274259,0.31667376050014495,0.11994388085123511,0.19219256913967786,0.1972439272565233,-0.07190119615586979,0.04471339819743327,-0.012538854656310945,0.0654611549330051,0.17747383304460082,0.4403448334201117,0.4242072174994675,0.7686737883283503,0.19710445462402332,-0.22944001786999266,1.205627480990284,0.20920897556490425,-0.15778058821505653,1.6406886752545504,-0.14377128748447446,1.397534984232987,0.28631774146238864,-0.03537652124418107,0.24399220148415124,-0.011284972254201522,-0.06282887222538747,-0.008277270347539268,-0.059256698724579594,0.3311043525164455,-0.08358378198375757,-0.05603102799560169,-0.02140397587411345,0.13099526161534164,-0.027539715475391614,0.02921865282508709,-0.031623356888737075,-0.04012513188295164,0.22516759997558852,0.2714998588644346,-0.021071773779909667,0.10312497024957144,0.22614454800527012,0.39993160011764967,0.4879882436420687,-0.07187569382071335,0.14529695517308033,0.19329225466907363,0.02244273365294095,0.16193122992554443,-0.06698480506671377,0.19601518560285988,-0.04532441522311047,0.19731985117293324,0.6633868577354163,0.009742174928385819,0.03693134459177444,0.04974563560421716,0.05913967317591963,-0.02403278809228505,-0.04896903410244158,-0.05604526701061118,-0.03053572970919706,0.1679618555402077,0.2470817447367899,-0.027663737456806364,0.11457305158625744,0.05376776648096242,0.020412622559273626
30,-0.9071346728452653,-0.593042880854235,-1.0643255010992836,-0.3452600357022965,-0.3022948929446288,-1.0797435559339215,-1.1370222166603552,-0.8062086709910142,-0.0880884768193029,0.13545626080584577,-0.7956198393330163,-0.6607829339394462,-1.227866339885126,-0.7695494973521432,-0.8878225998813266,-0.6972743552249596,-1.0708053915734137,-0.5763408759266224,-0.5341275210526321,-0.048168539994835474,-0.6125448533468415,-0.9779084374978686,-1.0739307079195781,-0.7425567061495205,-0.6426769088443928,-1.0268859495105223,-0.44979973829417325,-0.4037731667616905,-0.5725913314325217,-0.5880119844495325,-0.4664554243168822,-0.8445107902565819,-0.8509269758122685,-0.612432588135677,-1.1571382208008965,-0.6797658655411402,-1.0813887562369102,-0.9521159991354133,-0.42518681707044953,0.5330316852961494,0.07005770941400292,-0.7471586634226454,-0.527250677299235,0.8484855878606714,-0.33111867350948254,0.256955302857965,0.8440259756923532,-1.2785715949676615,0.6019718819462707,-0.4873380713538409,-0.27186738125275806,-0.8119841119279859,-0.1843340380794296,-0.586887458723122,-0.6650540946114057,-0.6683044186348722,-0.6404951939330907,-0.6090578112135072,-0.8758636327046186,-0.6350144755555586,-0.7535792340675164,-1.0893592836064518,-1.170032426447777,-0.052631599592882015,-1.0808467030626563,-0.37375657957191455,-0.7695287647761937,-0.3456738330883051,-1.1082096120975098,-0.8284910125183911,-0.5233950163004826,-0.3586311280860334,-0.6124720263170091,-1.0014381111689705,-0.6791227322232839,-1.2012449987677365,-0.9621983157472904,-1.2062268239482408,-0.65757729077297,-0.6286634848982101,-0.6562531364728557,-0.08810126267852908,-0.8183520955805077,-1.0718936354584923,-1.0558954894819677,-0.6420226737130358,-1.1341046823778589,-0.5145766080522716,-0.5845538870846362,-0.41614098001005456,-0.995827933063237,-0.8063336402849971,-0.5976583620735432,-1.076434964756986,-1.2283144536882857,-0.7962198492228098
31,-1.5273014867957595,-1.550559028759364,-1.4645846255856172,-1.4392823034404159,-0.6578494797536287,-1.2696785863183089,-1.3712374971797692,-1.617564008734864,-1.40553165531285,0.19993773379142427,-1.1162635931933118,-1.4741744681849482,-1.2592700956525935,-1.5351472290076782,-0.9528274046931027,-1.6070859165287863,-1.274752746221045,-0.3209755544934974,-1.483171491866565,0.026396304043281846,-1.2897672624788479,-0.9962501740443142,-0.8964172540321524,-0.42252482874430947,-1.3731877207748682,-0.8571304625609099,-1.5048676381705794,-0.956656862854295,-1.285680204567217,-1.5308560490767773,-1.3607309247686934,-1.5992776909660629,-1.6405251491284132,-1.289542226030976,-1.5216993301355437,-1.1385892320818536,-1.1177760598862376,-1.340851995761706,-1.4668456905508882,-1.2806185116596467,-1.3538066947643697,-1.8009189745691427,-0.6428971203979745,-1.3259222332211253,-1.4376797294811379,-1.1297146189987473,0.5023778422308205,-2.167832706362445,-0.08841434000139202,-1.4283373943417874,-0.7232525616739912,-1.6506357482968255,-0.06502329702957563,-1.2210230062398577,-0.8006745716834739,-0.431540398354308,-1.581937137879512,-0.3175092329698934,-0.635647878392602,-1.3524444247044747,-1.3212960049841393,-0.9766805775131696,-1.5418858516189466,-0.448442661201871,-0.949663658416164,-1.411923046967488,-1.6256040131755112,-0.6227590403402675,-1.3261959273182315,-1.641402384783103,-1.4992289118983377,-1.4896099249049262,-1.289583387849155,-1.4398814167353156,-1.4600104493247696,-1.3100983841671,-1.4339403719030903,-1.3928256670955288,-1.4733822992417915,-0.44626996609934383,-1.4736617298380523,-1.4055382092707358,-0.8756763207831538,-0.8246552771743698,-1.0777484819907324,-1.4027146293068693,-1.0704452964327231,-0.1253426130820721,-0.27708988988898414,-0.25615000865564086,-1.3655264120400126,-1.6176354301565103,-1.3226141746863198,-1.4026293993610546,-1.0967910569522545,-0.9702711899115668
32,-0.7342380190427643,-0.6342694007336435,-0.7480754195543711,-0.4419524573538854,-0.2237448878209701,-0.6466737886907165,-0.7462875262428641,-0.7501527704575698,-0.24317785930278366,0.11691034574158074,-0.6208714841457096,-0.6616129263926878,-0.7731436907783737,-0.7088380898715128,-0.6153746880159493,-0.7093294110813337,-0.6508259679353655,-0.7433575112593098,-0.5745576038130622,0.13535038192863508,-0.5683749753674283,-0.6869704746594945,-0.5893375336276667,-0.6511158775211336,-0.618725539761867,-0.5843549910491385,-0.5213596776904094,-0.32327705105369287,-0.5334849934144432,-0.624915397296801,-0.499278899389699,-0.7651701912336247,-0.7648823172451304,-0.5682088477124909,-0.8089931328609894,-0.567445237395978,-0.6636217013533634,-0.6292598296219677,-0.4219324933992681,0.3233434403501074,-0.11860019933517277,-0.7084382119255234,-1.2257278457466279,0.41941446144074823,-0.4232378696398436,0.26647335318516796,1.0812352492343718,-0.9610241806192499,0.5078811388778357,-0.5381131569666193,-0.19520211267381374,-0.7821421808594812,-0.1698938156257307,-0.5257157276802804,-0.5108153424525866,-0.5677546928296989,-0.6639836122848682,-0.6372410786545664,-0.5684733871410427,-0.6095370267632806,-0.633785273387601,-0.6149481312477171,-0.8079444173937347,0.0019849647558238784,-0.605720028608403,-0.455140267638759,-0.7611697874703354,-0.14171743398811004,-0.7031773191475427,-0.7771918299264735,-0.5146574880536537,-0.4614546706502273,-0.5682525751829265,-0.7072372284334376,-0.6471944867179671,-0.764399324874397,-0.6925347757878504,-0.7508237655873476,-0.6548376770368767,-0.5231729180031169,-0.6540104897147574,-0.2431904867236656,-0.5948098240784416,-0.5607807091705727,-0.6525794159831989,-0.6295545816992327,-0.6601253786499073,-0.5123359743391962,-0.5431278997922367,-0.34587766243067686,-0.656586449680781,-0.7502819076364475,-0.5722059769156098,-0.7198417298023043,-0.6954487574771768,-0.5957012303155994
33,-1.5756219957145143,-1.6968424312101738,-1.44196961479617,-1.520125622843366,-0.841233929484652,-1.2515115652447797,-1.3415083889269153,-1.7265259550258598,-1.4924639379319795,0.2112252601201251,-1.1517464329511482,-1.5911997716647615,-1.2238107384803212,-1.6336451842457733,-0.9453835045699949,-1.754092665541251,-1.2573199644669104,-0.1782847407840603,-1.6034718710352893,0.08942364811091383,-1.3711578316190742,-0.9767706218492996,-0.782804919552314,-0.36533259180432004,-1.4670868475837648,-0.8141319481473426,-1.6355803900150143,-1.0422607982653704,-1.3519448431475083,-1.6684585918240886,-1.4329159606301942,-1.6926178916820978,-1.6783257420815223,-1.3709302294247834,-1.4992218018761652,-1.1841258116365372,-1.087484781289451,-1.3500099972346193,-1.525601750854601,-1.088297715050318,-1.4250122065604984,-1.6164182728259648,-0.36849355468485157,-1.3170254770040628,-1.4837074383691047,-0.9024646977747429,1.2304310938261902,-2.0630235606037695,0.5612906857917711,-1.5419745237296694,-0.8417982046829443,-1.7799898572362096,-0.04868960842143552,-1.3007582691694084,-0.8167280764982534,-0.38135521529033845,-1.7324377117476566,-0.21665109188722015,-0.580873796066206,-1.4404257763136947,-1.3873114074486539,-0.9656067800134378,-1.5068963488666176,-0.5250844239867192,-0.9427005244005621,-1.4789341884495903,-1.7487482271400205,-0.7736912808597144,-1.30337666950657,-1.733298497195449,-1.5687553888278725,-1.616260717697566,-1.3709739568867318,-1.44185287677066,-1.5592544584335266,-1.2653578563036032,-1.446794739813805,-1.3072703635705385,-1.5901520414671728,-0.4063046176984515,-1.5906282561231075,-1.4924724157362892,-0.8697425764018005,-0.6691669541019909,-1.046556417247826,-1.499549830311177,-1.0429316932843702,-0.04178920057889378,-0.2051685448143985,-0.22770050590043697,-1.3665658927753321,-1.7266167635089318,-1.403235205278329,-1.3948626463818234,-1.0620573971295815,-0.9843434090481606
34,-0.2725538498919521,-0.6634451934942238,0.0498989022956397,-0.9677042792655343,-0.2667997649654092,0.17439530480673426,0.2010929996296451,-0.4312500859681019,-0.921895818418676,0.013541062199598532,-0.12161062487488934,-0.6758471855758218,0.3711221156018292,-0.5068584107285573,0.19868333919180345,-0.573904991225092,0.16282576683594155,0.6554664956227966,-0.7339585083381104,0.21829294740776062,-0.6862850887790481,0.2296722489222238,0.6341753554346715,0.5642129204014672,-0.7035854555070117,0.5700018390319177,-0.6595706242958891,-0.4809911016959103,-0.7200547610347799,-0.6957908484471625,-0.8412650809983281,-0.4380440163165257,-0.320873378867417,-0.6861542153543118,0.09453360356498433,-0.33280862522087484,0.3520300485810967,-0.058656392318039485,-0.2939678033061394,-1.7599405728603963,-0.9499830861915097,-0.13876170003873767,0.4174450585057188,-1.7283649926597426,-1.0630490484184862,-1.2651398369810518,0.613721795357709,0.1744811312612838,-0.11209377247665234,-0.7721407714505397,-0.3809123007543076,-0.48626603006022995,0.1553807136871218,-0.6136785297344899,0.060714635559141965,0.4833605589861463,-0.5114139179388238,0.6247498919227841,0.5913964183980985,-0.7098378699914696,-0.37595872872161845,0.5396305053001331,0.15213216719220815,-0.34942373497828444,0.5653341323247298,-0.9593161015212623,-0.4339166213313232,-0.15207950587555147,0.1913591432821384,-0.4014949980645421,-0.2941841542927321,-0.8177689147161029,-0.6861444263991003,-0.05094024944576117,-0.6175275274065776,0.3140219478183951,-0.11017482757501697,0.47855387600318866,-0.667667104109456,0.40915208724832,-0.668991189835225,-0.9218957201247968,0.1813452193513348,0.7652073080716448,0.3513482653165193,-0.7067521742919457,0.5150459194730409,0.740084706299871,0.5900239897783729,0.29250971526151476,-0.009558537162457763,-0.4313672637368353,-0.7231046200183303,0.05597741347442473,0.5262181744071565,0.043001415157239875
35,-1.2912299313223026,-1.4378194922259269,-1.2048457793292005,-1.5751775461793422,-0.7571208688311729,-1.0517416330752,-1.126984396850504,-1.3084932370772486,-1.5410545959286124,0.2195559162008807,-1.0124789060121504,-1.4429105771935073,-1.0381108857508146,-1.3784503469020704,-0.814471335022171,-1.3718791190008455,-1.0573185526904683,-0.24110299021658815,-1.4746383484997978,0.14633808166615575,-1.2949981005424442,-0.8203688185674171,-0.7636153486486924,-0.2963805695077149,-1.3656356462236248,-0.6837088528545485,-1.4138448232249834,-0.9691566845545474,-1.3050696329646918,-1.459873449836983,-1.4295382976180828,-1.3491154286300993,-1.3522975922287492,-1.2947876716826516,-1.2432662879975445,-1.073624775239158,-0.9330115307262127,-1.146589176635875,-1.0954538278078783,-1.647258017298736,-1.535534365213206,-1.4594213621340895,-0.6720714968324748,-2.0084962098461094,-1.5774223082778414,-1.4152526465139532,0.6710099126040125,-1.7879355083181154,0.2449432609577099,-1.4898417364704417,-0.7759629260883669,-1.3333100518730523,-0.017404822187586613,-1.2185560976203886,-0.7172616582136515,-0.318769179232275,-1.274836281618299,-0.21639968067173,-0.5019371211576056,-1.3512733522645424,-1.2345016793460055,-0.7852055711497841,-1.2620610104926568,-0.4995518748885417,-0.7584379199683322,-1.526926578535001,-1.277287342470655,-0.665859035682085,-1.0926225876608944,-1.334888143622822,-1.1455594602374672,-1.512168421639073,-1.2948142277548498,-1.1984674446392714,-1.4087547000320237,-1.071699156941753,-1.2015902957747875,-1.116155801386707,-1.440288477886874,-0.3365222859648995,-1.4411242543811427,-1.5410578831191108,-0.7496063359628321,-0.7057947480140404,-0.9018051844775434,-1.3928425347385347,-0.8638752525475163,-0.008904258612641013,-0.16487214764582322,-0.1707845657211447,-1.1459527611616203,-1.3086140381248734,-1.3364985015668307,-1.162517028990062,-0.9478443559028763,-0.8577866428224962
36,-1.00211721094343,-1.2099773602285935,-0.8695692116274985,-1.1944813985797251,-0.367105194218819,-0.6528260148155902,-0.7420635857573042,-1.1929776938310352,-1.337234233208082,0.07864907914036631,-0.5724783245912547,-1.069175787336818,-0.5717016930113425,-1.0842571442261673,-0.34790933232901405,-1.227319551972603,-0.6595530733942316,0.6756105420417595,-1.1574042411172505,0.24003441451636962,-0.8340790158290757,-0.33380378104945496,-0.22562618568187237,0.451756461185399,-0.9286357988631369,-0.14648753327343705,-1.2418194721930464,-0.5673560171186645,-0.8438557849939075,-1.1841104165253384,-1.0027375160950738,-1.1210278625168981,-1.1577120297675176,-0.8338732869466703,-0.8873372061146441,-0.6285163840333973,-0.4875051467903106,-0.7668834376839079,-1.2100555257958188,-1.3899212056929846,-1.363512906814425,-1.316959672167819,0.9004021066575234,-1.8565194802731475,-1.1878995579136815,-1.0041417012506213,1.935381715295796,-1.3886188686795573,1.3977506688587393,-1.0976957989061145,-0.42350575850807304,-1.2257709960658367,0.06166684801074762,-0.7643064138959026,-0.25689125772076565,0.21431963659675807,-1.229154432372529,0.5009282334330158,0.05807591255619402,-0.9019705143482851,-0.8330887589981062,-0.27177899514089376,-0.8912979509642777,-0.27088240253250107,-0.2267817490498026,-1.1270456918593887,-1.223801370638417,-0.24870112594838134,-0.7092895153764167,-1.195667013925072,-1.1853600850471522,-1.2710574545677933,-0.833898658815436,-0.8599633015322365,-1.0295846206959638,-0.6420081684378065,-0.8646785389608178,-0.6136124316127742,-1.0731652696217717,0.14176110824741786,-1.0744074356171827,-1.3372331062548661,-0.2806478920833487,-0.12643200681687078,-0.44075161879486924,-0.9691107263619927,-0.35305478382794464,0.41458067688648104,0.3369715786391273,0.11507802313205104,-0.779868906437179,-1.1929272149141157,-0.8808243067173592,-0.7958087743581095,-0.45577501819003174,-0.40185666097691297
37,-0.8934272439449386,-1.0277844725450682,-0.8052252200691626,-1.252619798079472,-0.3331710268108553,-0.6413932750427024,-0.7066290270291935,-0.9245615455596704,-1.1130020088848582,0.21947533276683936,-0.6036527437820394,-1.0696978724296018,-0.5655044190769855,-0.9970048512706879,-0.3809737133804294,-0.9576431921836396,-0.6469703842710388,0.6792784707456478,-1.083377646920947,0.14460866826416827,-0.9593033299096789,-0.38580727439875123,-0.20502132934956474,0.4246131871251192,-1.019088233126068,-0.15276917859273947,-1.0148778150768578,-0.6638614930751617,-0.9821814916299155,-1.0574997921648985,-1.1276773861751148,-0.95790661346254,-0.9618134708834143,-0.9591045506446598,-0.8365802176361755,-0.701226963759393,-0.48610805722601347,-0.7615651394600633,-0.8509733815786412,-1.776171525939165,-1.0978891138763678,-1.19225728695773,0.9176676191836488,-1.6748452887359646,-1.32318056462684,-1.320399330599935,1.7962536952537518,-1.3803211012461438,1.3977496714897482,-1.1571780355590062,-0.4836089430708839,-0.9310458366007125,0.044077988463749364,-0.8816767271119018,-0.3033181271986371,0.19549968083413719,-0.8639059260105036,0.49807997724285447,0.04032276656344525,-1.0100059780446882,-0.8506021420595554,-0.27595018497069235,-0.8519278804177254,-0.40470679636527945,-0.22683747699086562,-1.236026292674819,-0.8714379724285394,-0.2643815763449352,-0.6808881497370515,-0.9359451293793583,-0.8466399283629562,-1.0888629597721498,-0.9591221600231489,-0.801255046248571,-1.035803576060484,-0.6212043975677424,-0.8072305664868145,-0.605316621543688,-1.065785352128513,0.11435910518945604,-1.066653317776791,-1.11300457793241,-0.3194559692087233,-0.0939753725178839,-0.4426159636942725,-1.043381739043235,-0.35514360659884947,0.5241829875822599,0.3602485831661652,0.08320843903026638,-0.7535866251741475,-0.9246412459448836,-1.005989020904915,-0.7561143701892423,-0.4510541230324371,-0.43882842126289284
38,-1.6713764101170976,-1.6280331560815489,-1.5750988394935757,-1.2865086347282169,-0.7413549525441083,-1.3888701973761794,-1.44830009446859,-1.8326619871062033,-1.229207863848633,0.004328077598780344,-1.0528077404193013,-1.493743795483698,-1.2631870282096411,-1.6438267826850559,-0.8492707066618543,-1.76042719765196,-1.3875903186250094,0.4687699180660091,-1.4740673603525136,0.13201868313338114,-1.2359453075150748,-0.8572550415953428,-0.7921846225005976,0.1631497084737027,-1.3436410255097428,-0.6229108098079587,-1.5691266651419598,-0.9401789378895102,-1.2169974813179665,-1.5723948667399097,-1.2738385950575257,-1.7599654532336708,-1.81068180427286,-1.2357177052823671,-1.6152047712889133,-1.0571110693632608,-1.1194389191194882,-1.4719171096175505,-1.7565495639651767,-0.8320475802699436,-1.1292883482975706,-1.8993881763662561,0.7685205799142503,-0.44270078265037416,-1.2893271641803652,-0.8127973643831189,1.7972554130202842,-2.0405018887056436,1.3977505151301066,-1.4187025553231156,-0.7536271607964965,-1.8578063804649805,0.05384226255977088,-1.171851587528859,-0.652464658094335,-0.061929624932946424,-1.7774091567549524,0.2701912059811045,-0.3386383937839618,-1.3128351653163306,-1.3299974457367267,-0.7837725096975713,-1.6068302241666554,-0.47131601913675836,-0.7351090651595307,-1.2896932165140949,-1.8717941453742217,-0.6868652789641336,-1.4316422606055101,-1.8452745861007,-1.773076938598664,-1.433530960187545,-1.2357614327424016,-1.5752848454585737,-1.474307567849354,-1.340284106281185,-1.5764650170719543,-1.2654929455298418,-1.4949026533153036,-0.1323342718660896,-1.495084428803508,-1.229217634588607,-0.7331317917782643,-0.693939848686029,-1.046477477202103,-1.3843703669755507,-0.9216046248651358,0.3081915297196558,0.13616501109459306,-0.037026990620182214,-1.506085479056296,-1.832635840882074,-1.265771464079579,-1.52427308106327,-1.1541531168248003,-0.8623247149728765
39,-0.6293267536088303,-0.6923199732371285,-0.48103730350310914,-0.67179404206128,-0.3945006864900206,-0.40676596645867025,-0.38244953855920605,-0.7244528752053552,-0.4317817292315324,0.05656512898309924,-0.37702468181614124,-0.7107566210373886,-0.22088744880228728,-0.696531925091932,-0.17895749876891412,-0.7254499555184607,-0.4049888856843482,0.9258164760677712,-0.6515032922278916,0.05750919775411367,-0.776221940062962,-0.21829845350024601,0.030996520891099555,0.583916259701629,-0.7684882781441321,0.23493475531257513,-0.6306624003090898,-0.5966582033640503,-0.8045817055404987,-0.6836440090080741,-0.7613627214454065,-0.708229018000678,-0.6710230492457087,-0.776152199117548,-0.475013364774938,-0.5093379479610941,-0.2187676916267334,-0.5203066663450616,-0.6287606744971868,-1.052323858041878,-0.3536804657600925,-0.5660569630478544,1.538210132125153,0.08123265818262934,-0.8105414722252547,-1.1757603704556163,1.9430510497312101,-0.46339332169707836,1.3977476509175741,-0.6999169449799,-0.47965601923941314,-0.7402829944776042,0.12858243951589662,-0.7248561393267531,-0.1540053971836885,0.3653147775547882,-0.7166431971848439,0.6833371269544687,0.32243336097312403,-0.777537686015281,-0.5696686944398266,0.13462754088803214,-0.43685094956537424,-0.37730650959910256,0.17453638394284485,-0.7473646809722296,-0.7293177854089267,-0.3570906432910807,-0.39330841083505635,-0.7178847016282098,-0.6361981075126804,-0.5794654433242983,-0.7761401610961913,-0.5274673756661765,-0.6923189779219793,-0.2904822426841934,-0.5491493326374818,-0.09690470611959513,-0.702492495761465,0.2660638399408177,-0.7024920375035002,-0.4317901674200596,-0.12978377921017756,0.10116120075150097,-0.17981128471306032,-0.7589074662200505,0.043003736151715675,0.5997113574273193,0.5072213416326744,0.1960513721770303,-0.5057596572421487,-0.7244925172064132,-0.7801157869593341,-0.4794522285858942,-0.17422381538608142,-0.24132690120646624
40,-0.07673898522545627,0.08590811006458947,-0.08464799201871168,0.14588496256419878,-0.09429863654041079,-0.09020718011299356,-0.1035083830370084,-0.06823292343059163,0.5575784383075658,0.05248958542224402,-0.087467475993888,-0.043794110890158965,-0.1422441973400712,-0.055121727775353783,-0.09456053250773909,0.002284583094054641,-0.08819596661615234,-0.07038648279603181,0.11764069428978818,0.12388849426176396,-0.24107626052584882,-0.127242830574859,-0.045480076640938887,-0.027352079970175275,-0.18276722040511068,-0.041075326369418304,0.19585482557707895,-0.13851705019842334,-0.2508598084664464,0.07854626726260579,-0.0692937572721942,-0.08477571693227753,-0.06082242488198602,-0.24108968549367485,-0.1130491618296126,-0.15304423114853685,-0.09468797232664503,-0.06498472567954824,0.10527215196313888,0.25387234281066107,0.6974664901481503,0.049794558794172855,-0.09560972273865878,1.4758941718446483,0.01971836611614444,-0.27042009811475815,1.8723297519731241,0.06126023913930374,1.3977500552552111,0.03564196479376339,-0.09857225922889325,-0.07848956062749607,-0.030851256779102387,-0.21923211812658505,-0.09644049385118895,-0.08794398577113804,0.018598660266523716,-0.07009351767833753,-0.050087560580139336,-0.20803364485572212,-0.07307322745419029,-0.06083583366255556,-0.08874448279342173,-0.05404141808776894,-0.059864798614631023,0.04015256463076904,-0.06249186248938482,-0.06256721351358316,-0.09260444069395886,-0.07616554783605028,0.07115323132259818,0.2996038484400271,-0.24107754328625888,-0.07338868778922154,-0.04076429409112798,-0.1305620177081263,-0.06225973024906084,-0.04860174631385872,-0.03132554582541906,-0.08205927570897321,-0.03013801171442954,0.557565969295227,-0.08820764652214204,-0.01716302425638096,-0.0903540547308539,-0.14617831305950266,-0.07647946804136277,-0.062359114901992856,-0.07453954874740683,-0.05629978186619762,-0.06929614996331625,-0.06832684620081876,-0.20794231379007436,-0.0994615665868588,-0.12121622003105492,-0.0945072743828672
41,-0.38892263532246224,-0.5324108573185105,-0.15596198712611894,-0.6270666560225301,-0.36074839037907686,-0.04542944158476086,-0.02195139598612146,-0.5216708783147394,-0.3397488615203556,0.05929238335804714,-0.24876332871852827,-0.5954165933149614,0.1451068780385143,-0.5223223434051703,-0.0010764068110491118,-0.5422908394482487,-0.052209813837426684,0.40588089509990755,-0.5331947801096946,0.00416896135692189,-0.7384785133874682,-0.012591356101461526,0.40879644123635533,0.4222993714323044,-0.7059384849825946,0.4412823848545499,-0.4772271946967102,-0.5833967603996602,-0.7752901165468236,-0.5415205694655354,-0.729188257227271,-0.5076675302113377,-0.4297631976171341,-0.7384368367152389,-0.1205097497078257,-0.44752379863019887,0.1271261999159841,-0.22366267564140802,-0.43877906614194906,-1.1927940866330842,-0.2729496980712467,-0.2208041004423377,0.4253685515432758,0.03913554200907551,-0.8013093776022021,-1.3113101062922974,1.7515950302629695,-0.03244504283948084,1.017621487411186,-0.6170241459979668,-0.4697368244952632,-0.5449252794540682,0.11678402371677765,-0.6830503951459738,-0.10505122266594175,0.26950146969902944,-0.529045641558375,0.3707322053971963,0.4188537000603548,-0.7253811784125311,-0.42113405799977566,0.39559592175916736,-0.06908801626660575,-0.3955786385872517,0.4168103484221459,-0.7239593910431046,-0.5388058908795893,-0.3122595584105778,-0.027229419255995754,-0.5033519599016862,-0.4376228166867849,-0.46060421477144714,-0.7384128555408356,-0.23098880625392487,-0.5613450378683782,0.08069582758537967,-0.278659044218015,0.2570063797753929,-0.5831932503100473,0.20396334142904077,-0.5833049529609281,-0.339756751783238,-0.012442668339557234,0.5178656560320024,0.13678517282678307,-0.684974834209329,0.3395175271661456,0.4154407067643693,0.34195339444789563,0.15790155982496798,-0.1937987897379228,-0.5217254295445856,-0.7403819626553452,-0.1487411785117262,0.263395574540922,-0.1257416537801324
42,0.5435977184519157,0.5369058708271393,0.646457258748701,0.3474634126270804,-0.04497054944799799,0.5788054413221104,0.6665573711209294,0.6216815240239298,0.9154025075679103,-0.01956696169186143,0.2618277667196721,0.2741431523002544,0.7049181329674189,0.4438345795416878,0.36103752407546613,0.5864358929989263,0.5821342210533054,0.3879516253151307,0.45746301061230094,-0.033272385440682346,-0.08720485866625867,0.3493911103348425,0.6822545779384153,0.26353836962576627,0.024508793150125892,0.6586944059653738,0.6889106467610243,-0.09141423445007515,-0.11997533903349497,0.48061508621114746,0.09153180617725215,0.5314018132642919,0.6351476100133566,-0.08729854062334559,0.6753419089872711,0.08167258522199558,0.5975637662213329,0.4991644553128258,0.9181742903736284,-0.035715808499189095,1.062750571537847,0.9307621253705725,0.47374309146819404,1.38728757206602,0.1383237990596137,-0.6177045211158858,0.41453576510926615,1.0789760103769819,0.1737826442131442,0.3071937244130157,-0.0892458364487853,0.5945795732464545,0.10270402241081736,-0.08241874906886185,0.1863190112155912,0.296952123216645,0.7032638975876765,0.34566246673707585,0.5149462734682693,-0.01799520557220117,0.2852113609416934,0.740033489906607,0.7221653456673217,-0.1374872632109189,0.7369722403052918,0.199778558731121,0.6572008459830979,-0.08734587802072391,0.6362447399839232,0.6072725103937142,0.8448797123737093,0.6814311992033741,-0.08725996030412375,0.58818863948674,0.2782418110972368,0.6873563219937523,0.5603342045554462,0.8481282960827293,0.295360251682229,0.259871193232107,0.2965477868660039,0.9153900385566922,0.30462211277056245,0.7286772647865868,0.5794940405238912,0.08528322886235777,0.7483233269072417,0.3292770936031829,0.3106992965548346,0.1851747680702567,0.5545022774468011,0.6215628066254919,-0.0473940667076785,0.5964033274102766,0.7242544731717849,0.2668012172947303
43,-0.5325810503587611,-0.5978446061440306,-0.40646638116455625,-0.679984216398007,-0.37114023462019663,-0.3881725032314513,-0.3645216214691125,-0.6146415560026098,-0.523005468735501,0.09314356469103956,-0.4068033963112502,-0.6265185364224042,-0.30284251117109523,-0.598412125848645,-0.28988191565426435,-0.6216992193316466,-0.3857753542759664,0.2894342149089595,-0.6000507450790434,-0.03274940189469868,-0.6888438385436515,-0.3256494204040939,-0.2036324128725028,0.03618792039110218,-0.679741304336514,-0.10192377845722178,-0.5816934234885222,-0.5481743010153017,-0.71846525809656,-0.6013984454543734,-0.7073137950587106,-0.5979647112832046,-0.5500638673343757,-0.6887888738557884,-0.37439623946891437,-0.4974180714486267,-0.2991073822601633,-0.44777105717948207,-0.5993981829232293,-1.3059005861630062,-0.4854686784215575,-0.39415288668919846,0.4628133197732831,-0.47911507132402875,-0.8211364244476049,-1.2342323401576534,1.0513131735063042,-0.09094855561860714,0.6331411830871587,-0.6384239557075101,-0.4462384928200655,-0.6284483194106383,0.057459750436408885,-0.6488533464996967,-0.27149461108276335,0.037394916494979315,-0.6217025660910853,0.18879734348892405,-0.030701583461311382,-0.6831149025856901,-0.5234140744481727,-0.1482492992383004,-0.33586351158379313,-0.3663384750856659,-0.13168596052110892,-0.7317771020686336,-0.5310294954047267,-0.3735978612856071,-0.37483975258477653,-0.602029020922819,-0.5835513819759577,-0.5717097219693529,-0.6887781050598635,-0.44561608780891593,-0.6048891823591672,-0.33580934254127465,-0.465823133544781,-0.19109560074579166,-0.61973854360218,-0.0077825842694986816,-0.619834136642169,-0.5230110649958121,-0.2559488390837005,-0.18299122582378535,-0.2857473554125719,-0.6685186183454099,-0.1853918732942091,0.23453417120043998,0.14057447823776525,0.022975278936477668,-0.4343933545234205,-0.6146795426783301,-0.6963377838130322,-0.41449750275917896,-0.32241262039937213,-0.3302445317975461
44,-0.5030030262408063,-0.5710138410777408,-0.39564619452049066,-0.7059852640968105,-0.342869107670046,-0.35873934143857006,-0.3537921387914186,-0.5285694683347566,-0.49702321786014425,0.12494352183703133,-0.4260720812613114,-0.6449169323288482,-0.2626932871284941,-0.5780665723982761,-0.29465990279037635,-0.5799278953474155,-0.35870108122661176,-0.0615054006302033,-0.6016590063878052,-0.004009210368767795,-0.6645168077487505,-0.3062156185839534,-0.18813619638373388,-0.10646793693203548,-0.6735387206071076,-0.14873013437107674,-0.5425084273113027,-0.5168319142453949,-0.6955810743065021,-0.5925517124562233,-0.7101198501219833,-0.5520276747277973,-0.5184718657088728,-0.6644503128035375,-0.40667383505153076,-0.5007038161936745,-0.2768478253411496,-0.43776540443697987,-0.47400901847036647,-1.300770113788019,-0.4494010430886167,-0.3986277148062914,-0.2906828087920809,-0.5007456328134816,-0.8353819502098211,-1.2566468666328852,-0.1716259029126197,-0.5364337747677106,-0.42327193781330597,-0.6824655754804856,-0.4078466838232913,-0.5741530991105539,0.02066325282551045,-0.622812903781923,-0.2993809563122061,-0.08407889773451052,-0.5679826899602568,-0.042723140861982464,-0.10625110848096961,-0.672438034935245,-0.5404467363499953,-0.17014929386401706,-0.4030538341134628,-0.3415685315674848,-0.15836596417328677,-0.746998404442333,-0.47292657642407376,-0.342937159564638,-0.35579893361904125,-0.5496192007516089,-0.4841961033137592,-0.5595910673820391,-0.6644424340515903,-0.42307982333208866,-0.6376687951231259,-0.3063777851779951,-0.4321553622096966,-0.29815563755247915,-0.6380211626000588,-0.10212480757127784,-0.637969765359878,-0.4970298163761692,-0.2796546766712927,-0.15958051935342024,-0.26779438763660496,-0.672930578749024,-0.1961317348022944,0.0553445721433467,-0.017618353044532947,-0.029881590983373146,-0.41512892399052587,-0.5285868967113303,-0.673583097762766,-0.4006626026575967,-0.2132478607104398,-0.3457117848173348
45,-0.9043197352803274,-0.9553982894458528,-0.8200407903972654,-0.9870693282875751,-0.45103664930460813,-0.744973059847121,-0.7610937137263987,-0.9515808725563935,-0.9066873226123158,0.14503293667395678,-0.6879246403363742,-0.9488289832283421,-0.6467258359436889,-0.9408604489232716,-0.5584109752709817,-0.9853412124641776,-0.7442858083004265,-0.25522940588692666,-0.9449406676282159,-0.058927196569122466,-0.8618875252810358,-0.5598561069477977,-0.5452752726875402,-0.28514321723592534,-0.9079382017874233,-0.4843547559804025,-0.9526447484624896,-0.6738588465417616,-0.8842042448981384,-0.9564038337628293,-0.947357654933089,-0.9489997161360216,-0.9531894112158737,-0.86177124940794,-0.8334118157339402,-0.7232796408488738,-0.6346589675779726,-0.812881332894164,-0.9573878469119015,-1.3931420687220966,-0.8790239227010096,-0.9329499587863657,-0.5803945674978427,-0.8466820271428939,-1.0797867387044766,-1.3212856171279346,0.35090233272890126,-1.0810586630133074,0.10047314943276897,-0.9765423862431052,-0.5253859812733244,-0.9896526889447695,0.0004575453212914138,-0.8143670098711149,-0.49718510516836395,-0.2451965197049346,-0.9955521637615405,-0.21057929018177682,-0.369646903581246,-0.8929349248481293,-0.8374088566292831,-0.5456676253442923,-0.836797234917403,-0.4060522203794238,-0.5288631852216575,-1.0056032420535115,-0.9030638909173364,-0.46160178892316756,-0.757682485899212,-0.9757836572229552,-0.9528035915290961,-0.9516651747626446,-0.8617779183239225,-0.8326602718789686,-0.9496414878517789,-0.6989141199418927,-0.842012505329071,-0.7264740473835785,-0.9479461851398422,-0.2556838190713321,-0.9482116081632713,-0.9066918752797166,-0.5151465412591629,-0.5223338010899582,-0.6126219997278114,-0.9244862115430942,-0.5790097612735438,-0.030217595149126565,-0.14811526950252893,-0.1189881370992091,-0.8083098842359867,-0.9515464380635597,-0.8829024950697486,-0.803510188780669,-0.6026336657775196,-0.5875196203091572
46,-0.8008855761316539,-0.5817756391048595,-0.8931245965931752,-0.5434786194249357,-0.37250770605088707,-0.849237969726886,-0.8858433873969873,-0.6754822091780492,-0.26763302667970196,0.1338625856910319,-0.6447065153402368,-0.6719341305977576,-0.8560547485761673,-0.7241371004535885,-0.6331785572627663,-0.6157404232884133,-0.8457121581433632,-0.15823824062845615,-0.570257974246667,-0.03948439154236396,-0.6994096753501594,-0.6937723206714443,-0.7123201325823032,-0.20543026215646684,-0.7045240063853349,-0.6442847413884589,-0.4987844966449613,-0.5297552415505762,-0.695225114267061,-0.5877286533690435,-0.6445326811926289,-0.7432924534015821,-0.7387439786303991,-0.6993322612669309,-0.9381474134761298,-0.6436899334394511,-0.7756606450052685,-0.8208379833048561,-0.48550455996325637,-0.457331845059213,-0.16830033106394293,-0.7219866672916229,-0.11556761361790764,0.32227669645548424,-0.6240208672974681,-0.5792610365432166,1.822343624816023,-1.0553211930260906,1.3977528237292647,-0.6129760254920599,-0.401980104542887,-0.6575262762712751,-0.06277082065344974,-0.6696579818175771,-0.4954748167306086,-0.30310803178543777,-0.5872790502451036,-0.2000860057640537,-0.4924124811300164,-0.7069302586551345,-0.690428354829017,-0.7140842910541663,-0.936545063322427,-0.24086523941619806,-0.7019106207935669,-0.6038903166034695,-0.6266290673263301,-0.3874914496657637,-0.8702916983390779,-0.6922097143416925,-0.5187320907062424,-0.4404554740242487,-0.6993465355422017,-0.8646206714109657,-0.6741445209043077,-0.8766066952500151,-0.8608904421417208,-0.8630844093385935,-0.6656143234909879,-0.3122832107918484,-0.6647556714666321,-0.2676441500306795,-0.5717830955311582,-0.7009715611126985,-0.7488196344101783,-0.6978447464154789,-0.7589983667696777,-0.13382685171034714,-0.20970225732960876,-0.19264825297094992,-0.8477956847887133,-0.675605094500656,-0.697554205200801,-0.8824746532923765,-0.8365614317138254,-0.6014423462760246
47,0.29223734247782496,0.3633791431700945,0.28688954409457873,0.31816752927487485,-0.09193784580731446,0.1970075420852942,0.23905489349329617,0.37560010630587093,0.8536467125781614,0.02995590835647318,0.02785844912954049,0.1533527622333673,0.16905896625894834,0.25217618835702227,0.029924240353661802,0.3743574298025928,0.1996908703707461,0.013261932750931278,0.3381334160768113,0.00867625670364512,-0.17835467930441745,-0.03347895906131752,0.22996002423913547,-0.050634227086608724,-0.0765410275874119,0.15240176060253652,0.5218765219027446,-0.13290556325458297,-0.18728891800912434,0.33133350774290016,0.036032253054458944,0.3085322160994522,0.42300286370126167,-0.17842131564018193,0.27832454628086417,-0.08222197438405725,0.16992443984280217,0.20130041581435276,0.6964571256854464,0.3713272415647644,1.0135607535425344,0.7342850172223485,0.0001333651677517169,1.7919886082249874,0.1546747025466019,-0.19559151387974272,0.8954606288981471,0.6839073158012963,0.5088384870553853,0.21675191602529237,-0.10455896436388988,0.37482986021804326,-0.005354291169855425,-0.17020583282285784,-0.03288873759781081,-0.018793306613716754,0.45064484082084844,0.006285956759173896,0.09821360269777972,-0.11919507114319741,0.10294196021237852,0.18500297597417273,0.3128872330505048,-0.0683635445026622,0.18197769058508992,0.17374049663815694,0.44328411037408866,-0.10532769182067798,0.2310213484183362,0.3972788866300192,0.6376797910442481,0.5741733158119036,-0.17839873263687892,0.26318207836292173,0.15566789389806684,0.1924273197955641,0.25576539826383926,0.3340813753011948,0.17030884171749217,-0.02083335219452057,0.1715237007382934,0.853634137950057,0.002353423514603159,0.28067493442094643,0.15340058952614866,-0.018994878249723176,0.19612397502528905,0.019510052121957423,0.0009908814048410735,-0.02004619682115752,0.22787141758920001,0.37547722097821756,-0.13435478264237571,0.22556428739056833,0.18988779789452906,0.001173136553749567
48,0.3448295735486091,0.4741601231171522,0.37250527604455064,0.345414092273682,-0.05481356436465365,0.29791492925919166,0.36255928030609236,0.4099634864806432,0.8660964694666591,0.003626215274996356,0.14424116006254042,0.25570803036016787,0.3383825678633415,0.3245717112980072,0.1608735233239296,0.45074099599991346,0.3021107577400718,0.18842966037269263,0.4305537405841135,-0.000478514974394462,-0.10216376484596447,0.10720374795721621,0.3499280825915182,0.13900220265657498,0.013991552138888598,0.29732178165521306,0.5926724427037104,-0.0980640687904115,-0.1321695634383942,0.44530605136108087,0.07996170094685216,0.35175877315962384,0.4365685146355456,-0.10226980476593787,0.39472811677340663,0.02011042287579428,0.30392282102194107,0.28773161818808435,0.6271111705197613,-0.05021301773627268,0.9918791064579744,0.6751366859131873,0.22520783384551976,1.515551614874932,0.1353788433277851,-0.5497091073767596,1.9072431789905633,0.9755707556495995,1.3976624401059814,0.30183670233736726,-0.09556047075453994,0.4165091121132536,0.05266107988048132,-0.09509317171692876,0.07815873374154225,0.13383312432464062,0.48751797192243496,0.1670748468146059,0.2417733393419823,-0.03259464241854187,0.20591918477380416,0.33247065157787364,0.4545642767120876,-0.12549243984376027,0.3246162081863004,0.19405824804693309,0.4545333277019948,-0.052160765893250416,0.34196699858169044,0.4240023984586081,0.596067434040612,0.6535180403718488,-0.10222950872654421,0.3401913862619505,0.25993793896941597,0.34416865835436905,0.3283035623899333,0.5139985855791585,0.27553812889522356,0.11613669218515227,0.27678031172460954,0.866083736416254,0.13273856622437447,0.3881218851547152,0.28650320420417585,0.0736364193140169,0.34994550724775864,0.17606831333292278,0.15184175045237136,0.07941941731945432,0.31263702700864404,0.40983851718755704,-0.059196898647957304,0.32442817494623566,0.34141050497849534,0.12407813195531413
49,-0.1628558401747774,-0.015081747946697387,-0.21293295941425122,-0.20465991621448915,-0.34928595868925083,-0.26989098013676593,-0.2515835001217319,-0.045873331661073186,0.4163204302749512,0.09899894737604897,-0.3049409917043252,-0.27108860468412266,-0.3019190930279987,-0.17622236740467034,-0.27762374684371577,-0.0038486417804888765,-0.26445093990448887,0.12779183205322509,-0.08129380678581805,-0.08148334156242243,-0.5751320261373467,-0.34774268898610583,-0.2028479915210098,0.011996564413320513,-0.4805522738261398,-0.18718775920133968,0.13896548541818302,-0.4820483133497124,-0.6030543846731243,-0.062343645001390134,-0.4396550164357138,-0.12682926022680932,-0.0647706495255529,-0.5751799210106856,-0.24040063595292316,-0.4120383569880189,-0.258359099059159,-0.24815687615390536,0.30797262379877344,-0.5440852210516076,0.5705454501567817,0.0869259231538992,0.3743965658872569,1.0216794074485547,-0.4029828901638363,-0.9617344419899891,1.9827973840396311,0.06898095433887924,1.3977487758344938,-0.2568877297348889,-0.39672962675268747,-0.038706853140828154,0.028010919100728657,-0.5522562906960957,-0.2655093152926531,-0.0735673720807145,0.11710993729732677,0.04922653260942157,-0.13283528397500297,-0.5219098776097709,-0.2932901098278934,-0.20623825678931149,-0.20986092980112314,-0.3073876354608226,-0.20083040474676586,-0.3469789964062787,0.029287491728497626,-0.38343914509396804,-0.2534060106715424,-0.04839942153322012,0.23754728857910962,0.1646742251015406,-0.5751495505120338,-0.20656578352797733,-0.2707543596684605,-0.28941028924234596,-0.1934183133479799,-0.15355634717657185,-0.2529038365332573,-0.0950112868119619,-0.251688977523988,0.41630780283974267,-0.25983747517285294,-0.17751482633827284,-0.25646697034926075,-0.43065268037741106,-0.22396222840234553,0.10112047381972117,0.02517993475267141,-0.04535015144953147,-0.2326383700945803,-0.04599621699359969,-0.547056620933636,-0.2547838213379519,-0.27705133768469686,-0.288602227447872
