name,bus0,bus1,carrier,x,r,b,s_nom,s_nom_extendable,s_nom_min,s_nom_max,s_max_pu,lifetime,capital_cost,length,num_parallel,geom,v_nom,x_pu_eff,r_pu_eff,s_nom_opt,country
0,0,18,AC,12.751955210047315,4.106806134289889,0.00012581803744832792,2600.0,True,2600.0,10882.821634116768,1.0,40.0,54.66906747355775,44.22324734122588,8.0,,380.0,8.830993912775149e-05,2.844048569452832e-05,2875.215947819105,DE
1,0,27,AC,23.391265538197526,7.845915970382603,3.085597115563851e-05,1560.0,True,1560.0,7773.444024369121,1.0,40.0,62.11130967836047,60.29216749136237,4.0,,380.0,0.00016198937353322385,5.433459813284351e-05,1560.0047290723678,DE
10,10,33,AC,8.017550222865125,1.0371540649181852,0.0008703660232422949,5400.0,True,5400.0,30811.105405681243,1.0,40.0,155.5515099306137,81.37602910162764,6.0,,380.0,5.552320098937067e-05,7.182507374779676e-06,5400.001079801936,DE
100,32,58,AC,39.21179580668231,13.604876578888405,3.357596893018795e-07,1040.0,True,1040.0,6218.755219495297,1.0,40.0,97.04758471768523,83.55760947620716,2.0,,380.0,0.0002715498324562487,9.42165968067064e-05,1040.0059018945349,DE
101,32,7,AC,68.69400594526864,23.833892028515002,2.1465495425995257e-06,1040.0,True,1040.0,6218.755219495297,1.0,40.0,113.42469669339786,146.48736295964318,2.0,,380.0,0.0004757202627788687,0.0001650546539370845,1469.4977188821604,DE
102,32,78,AC,195.9139318514768,56.644986117346406,5.6588356417258645e-08,520.0,True,520.0,1554.6888048738242,1.0,40.0,33.40917897509977,87.04546667364053,2.0,,380.0,0.0013567446804118892,0.0003922782972115402,520.0080459677987,DE
103,33,36,AC,116.71904426095084,40.49664600117634,0.00014424158950732919,520.0,True,520.0,6218.755219495297,1.0,40.0,289.5988702597965,124.67177506947868,1.0,,380.0,0.000808303630616003,0.0002804476869887558,520.0008640445839,DE
104,33,43761,AC,27.581161242106692,3.587951011333805,9.592175308328541e-05,4620.0,True,4620.0,18480.0,1.0,40.0,109.71132189322287,278.052385130352,3.0,,380.0,0.00019100527175974164,2.4847306172671778e-05,4620.0015827436955,AT
105,34,4,AC,5.78615004757311,0.7567193090478679,0.00016126557432466303,5660.0,True,5660.0,21624.307922335916,1.0,40.0,43.30072390672554,60.237614817366484,6.0,,380.0,4.007029118817943e-05,5.240438428309335e-06,9800.034212155053,DE
106,34,45,AC,4.556675198351948,0.5519653973903292,5.000625958626311e-05,4100.0,True,4100.0,16960.241507714447,1.0,40.0,53.725019640753835,41.050621761093616,3.0,,380.0,3.155592242626003e-05,3.8224750511795655e-06,8166.9884805796155,DE
107,34,48,AC,100.88014102399269,29.167661837469666,1.6913384008105698e-05,780.0,True,780.0,3109.3776097476484,1.0,40.0,25.832541306238852,67.30502461744321,3.0,,380.0,0.0006986159350692015,0.00020199211798801708,780.0114750244383,DE
108,35,4,AC,1.1875464434442755,0.17988980518604886,0.00040725238569795717,13660.0,True,13660.0,54131.437478788604,1.0,40.0,36.39181352659867,31.68911156655277,20.0,,380.0,8.224005841026838e-06,1.2457742741416125e-06,13660.004811132854,DE
109,35,43771,AC,14.883398049463826,1.6581367696729996,2.922682166295743e-07,3580.0,True,3580.0,10741.486288219148,0.9999999999999999,40.0,6.675845494230972,118.45823565310539,2.0,,380.0,0.00010307062361124534,1.148294161823407e-05,9198.12151154377,NL
11,10,36,AC,2.4013222572413144,0.281337306918232,0.0006963885950993015,12300.0,True,12300.0,53848.766786993365,1.0,40.0,73.07355479421771,62.071482997098144,10.0,,380.0,1.6629655521061734e-05,1.9483192999877563e-06,12300.002297260673,DE
110,36,64,AC,9.213209035687978,1.0607053509486208,5.6218786821532607e-05,4100.0,True,4100.0,12296.175093092972,1.0,40.0,60.21403691998336,77.851159368248,3.0,,380.0,6.380338667373945e-05,7.345604923466903e-06,4339.750762061061,DE
111,36,72,AC,6.605992917912739,0.8894244570789238,0.0008431238018880559,5400.0,True,5400.0,37029.86062517654,1.0,40.0,149.0961136434131,71.05766541983478,6.0,,380.0,4.57478733927475e-05,6.15944914874601e-06,5400.001109941226,DE
112,37,59,AC,6.594743566727989,0.7347067880964554,1.5208330393600748e-06,3580.0,True,3580.0,10741.486288219148,1.0,40.0,61.07666100122972,52.58677794916247,2.0,,380.0,4.5669969298670285e-05,5.087997147482378e-06,3580.0033305557827,DE
113,37,83,AC,7.626682916435995,0.8782278262005958,0.0005957428469912167,4100.0,True,4100.0,12296.175093092972,1.0,40.0,136.23226627251597,64.09007922103702,3.0,,380.0,5.2816363687229885e-05,6.081910153743738e-06,4100.001410599686,DE
114,38,39,AC,72.52878058631254,24.32524866764704,0.00013168798170010897,780.0,True,780.0,7773.444024369121,1.0,40.0,168.6409049288289,93.45736208837776,2.0,,380.0,0.0005022768738664303,0.0001684574007454781,780.0015266303493,DE
115,38,82,AC,7.325256597668344,1.0978873161706115,0.001292459585085625,6440.0,True,6440.0,26288.374336957393,1.0,40.0,197.75527519293053,94.4751708704107,6.0,,380.0,5.072892380656748e-05,7.603097757414207e-06,6440.000833950955,DE
116,39,43764,AC,28.361176629326543,3.1596751622331363,4.515493631418574e-05,3580.0,True,3580.0,14320.0,1.0,40.0,78.92895679582239,225.30266915433216,2.0,,380.0,0.0001964070403692974,2.188140694067269e-05,3580.0030742652957,CZ
117,39,62,AC,10.902224985865843,1.645514908868136,0.0002077018093924152,3350.0,True,3350.0,24733.685532083568,1.0,40.0,104.93102124951405,71.82711636300036,4.0,,380.0,7.550017303231193e-05,1.1395532609890138e-05,3350.0016472955404,DE
118,39,63,AC,266.12871912171863,76.94627688600778,5.917404084157067e-05,520.0,True,520.0,1554.6888048738242,1.0,40.0,91.09144587476263,118.66645124764997,1.0,,380.0,0.0018429966698179962,0.000532868953504209,520.0026591239928,DE
119,4,48,AC,157.2269269796321,45.45926430765128,3.4959551625927894e-05,520.0,True,520.0,1554.6888048738242,1.0,40.0,53.858982162475904,70.16305669160784,2.0,,380.0,0.0010888291342079786,0.0003148148497759784,520.0057587868599,DE
12,10,50,AC,56.159851298775955,18.09557414298113,0.00018583376179892477,1300.0,True,1300.0,9328.132829242944,1.0,40.0,135.55027134770887,97.53700581896628,3.0,,380.0,0.0003889186378031576,0.00012531561040845656,1300.0014581344763,DE
120,4,65,AC,0.0010361955463402198,0.0,0.00038988079654988194,14500.0,True,6700.0,inf,0.7862068965517242,40.0,1175.0317162721958,41.71392686820392,12.0,,380.0,7.175869434489056e-09,0.0,7735.1323335230545,DE
121,40,56,AC,7.591788035497462,0.8746266805480662,0.0005619224324932267,4100.0,True,4100.0,23037.661381312122,1.0,40.0,132.29765025144695,63.697778134216264,4.0,,380.0,5.257470938710154e-05,6.056971471939517e-06,4100.0013085201745,DE
122,40,61,AC,77.03671053958463,22.27370550692323,6.851660112525845e-05,1040.0,True,1040.0,3109.3776097476484,1.0,40.0,52.51669306068803,68.4144327376467,2.0,,380.0,0.0005334952253433839,0.00015425003813658746,1040.0049732742286,DE
123,41,48,AC,14.288227381488982,1.69697587005336,0.00030959173572247346,2310.0,True,2310.0,12296.175093092972,1.0,40.0,125.42850750923488,63.57932736387424,3.0,,380.0,9.894894308510375e-05,1.175191045743324e-05,2907.3199018204946,DE
124,41,49,AC,10.394911968459352,1.1580812043977513,7.807834140533029e-07,3580.0,True,3580.0,10741.486288219148,1.0,40.0,64.26942060387952,83.00359813749867,2.0,,380.0,7.19869249893307e-05,8.019952939042599e-06,6602.886314350163,DE
125,41,54,AC,17.305305309084,1.9279570498867806,0.0012113729775128851,3580.0,True,3580.0,10741.486288219148,1.0,40.0,319.3512808703911,137.48013250571887,2.0,,380.0,0.00011984283455044322,1.3351503115559423e-05,3580.000537368065,DE
126,41,65,AC,12.557424801245501,1.4459736422021068,5.4853060349720153e-05,4100.0,True,4100.0,12296.175093092972,1.0,40.0,36.99562252490612,105.43294708731003,4.0,,380.0,8.696277563189405e-05,1.0013667882286059e-05,4100.005430632881,DE
127,41,9,AC,33.241016412955965,9.611023764743702,7.673138153046519e-05,2600.0,True,2600.0,4664.066414621473,1.0,40.0,39.97588137097787,74.39613381657637,10.0,,380.0,0.0002302009446880607,6.655833632093976e-05,2600.006101237771,DE
128,42,76,AC,5.528964027223432,0.7435608712221204,0.0001272691383428823,6180.0,True,6180.0,23178.996727209742,1.0,40.0,62.92444777793718,60.474937457573354,11.0,,380.0,3.828922456525922e-05,5.149313512618563e-06,6180.00278674736,DE
129,43,54,AC,12.82043537070456,1.4283056226316229,1.4674571205534765e-06,3580.0,True,3580.0,10741.486288219148,1.0,40.0,21.52505901563545,101.9314766284091,2.0,,380.0,8.878417846748311e-05,9.891313176119272e-06,3962.2480839268956,DE
13,10,64,AC,92.90901840377538,26.8628889068479,8.263359375661102e-05,1040.0,True,1040.0,3109.3776097476484,1.0,40.0,63.33781816481441,82.51130541632818,2.0,,380.0,0.0006434142548737907,0.00018603108661252008,1040.0077225513621,DE
130,43,69,AC,79.20043033121269,22.899343642027045,6.049435226570111e-05,1300.0,True,1300.0,3109.3776097476484,1.0,40.0,47.166865708840156,87.77873889557029,5.0,,380.0,0.0005484794344266807,0.00015858271220240336,1300.014838929129,DE
131,43,81,AC,3.806954958141021,0.529358195244294,2.4397948850574497e-05,6180.0,True,6180.0,21624.30792233592,1.0,40.0,39.1585881862278,43.52318698714671,10.0,,380.0,2.6363954003746682e-05,3.6659154795311217e-06,6180.005135644995,DE
132,43,84,AC,58.69495667303733,20.364655277819274,7.845885846012744e-08,1040.0,True,1040.0,6218.755219495297,1.0,40.0,36.31507485701479,125.06857751602368,2.0,,380.0,0.00040647476920385966,0.00014102946868295896,1040.0164206199527,DE
133,43761,43763,AC,24.72110883745015,3.0147693704207494,0.006970786497496677,6792.41044696211,True,6792.41044696211,27169.64178784844,0.7,40.0,874.3300351452368,401.96924938943334,4.0,,380.0,0.0001711988146637822,2.087790422729051e-05,6792.4106898896025,ATCH
134,43761,43764,AC,23.388620832508927,2.852270833232796,0.0029392608451278613,4534.545478442849,True,4534.545478442849,18138.181913771397,0.7,40.0,552.1465341147958,253.88634194242064,2.6703601108033244,,380.0,0.0001619710583968762,1.9752568097180026e-05,4534.545790123801,ATCZ
135,43761,46,AC,61.845627427056925,21.457835582124456,2.178633507860436e-06,1040.0,True,1040.0,4160.0,1.0,40.0,23.19942628391395,131.78990032544482,2.0,,380.0,0.00042829381874693164,0.000148599969405294,1290.1700742429232,AT
136,43761,50,AC,32.073010431362,4.541198478589453,2.4174660884372573e-05,3110.0,True,3110.0,12440.0,1.0,40.0,57.56951688669462,204.4451300323683,4.0,,380.0,0.000222112260605,3.1448742926519757e-05,3110.0036148411814,AT
137,43761,6,AC,41.02347083888625,11.861168579582442,0.0001371186151971539,2600.0,True,2600.0,10400.0,1.0,40.0,43.31074582297979,91.21035975658484,5.0,,380.0,0.0002840960584410405,8.214105664530777e-05,2600.0060409714765,AT
138,43761,63,AC,17.030655002835434,4.793884275413204,0.0006018678232291507,3400.0,True,3400.0,12549.377609747648,1.0,40.0,36.92690168473446,81.84502901553392,10.0,,380.0,0.00011794082411935896,3.319864456657343e-05,3400.0065710167282,AT
139,43762,43767,AC,16.73343469610499,2.0406627678176816,0.013121319378232825,11326.955925404958,True,11326.955925404958,45307.82370161983,0.7,40.0,986.5779905275681,453.73185086841903,6.670360110803324,,380.0,0.00011588251174587942,1.4132013627546272e-05,19302.36616352177,BEFR
14,11,15,AC,5.907860047277912,0.6581855846504927,0.00041361192861617103,3580.0,True,3580.0,21482.972576438297,1.0,40.0,314.59759490082706,135.43367953642115,2.0,,380.0,4.09131582221462e-05,4.5580719158621376e-06,3806.5809866956097,DE
140,43762,43770,AC,55.6863589569283,6.791019384991257,0.0004410207288890439,1138.340254961794,True,1138.340254961794,4553.361019847176,0.7,40.0,330.013098999806,151.7476169130087,0.6703601108033241,,380.0,0.0003856396049648774,4.702922011766798e-05,3201.177193219995,BELU
141,43762,43771,AC,11.604163221360361,1.4151418562634586,0.0032721082549365824,6792.41044696211,True,6792.41044696211,27169.64178784844,0.7,40.0,410.4171521298994,188.68558083512778,4.0,,380.0,8.036124114515485e-05,9.800151359165225e-06,10345.94083044251,BENL
142,43763,43767,AC,11.804084341879111,1.4395224807169649,0.01335083194961321,13603.636435328544,True,13603.636435328544,54414.54574131418,0.7,40.0,836.1813394623613,384.404341111123,8.011080332409971,,380.0,8.174573643960603e-05,9.968992248732443e-06,13603.6438376152,CHFR
143,43764,43773,AC,27.198592381393265,3.3169015099260077,0.003418062065382866,4534.545478442849,True,4534.545478442849,18138.181913771397,0.7,40.0,642.1912708364891,295.2440494523243,2.6703601108033244,,380.0,0.00018835590291823591,2.29702320631995e-05,4678.500941412004,CZPL
144,43766,43774,AC,84.89960440523089,10.353610293320841,0.005984935990555629,3396.205223481055,True,3396.205223481055,13584.82089392422,0.7,40.0,1501.1288876158937,690.2406862213894,2.0,,380.0,0.0005879473989281917,7.170090230831607e-05,3396.2053724511643,DKSE
145,43767,73,AC,259.3082162986023,84.9839209468829,9.272309097101072e-07,1040.0,True,1040.0,4160.0,1.0,40.0,20.97811763866849,391.8444676180404,2.0,,380.0,0.0017957632707659439,0.000588531308496419,1040.0130650305389,FR
146,43770,59,AC,5.319997214631537,1.8458157351990174,3.1204191191778184e-05,4160.0,True,4160.0,16640.0,1.0,40.0,25.097543721287344,45.50350522778578,7.0,,380.0,3.6842085973902616e-05,1.2782657445976575e-05,4160.00856334938,LU
147,43771,57,AC,17.586237239632133,1.9592549370109933,5.184724206739275e-07,3580.0,True,3580.0,10741.486288219148,1.0,40.0,9.595501902281443,139.60046213368682,2.0,,380.0,0.00012178834653484857,1.3568247486225716e-05,10741.486252801325,NL
148,43772,43774,AC,23.453655422654965,2.860201880811581,0.0077681691243056995,7361.580574443006,True,7361.580574443006,29446.322297772025,0.7,40.0,898.96099369057,413.3163382705563,4.335180055401662,,380.0,0.00016242143644497898,1.980749224938768e-05,7361.580632355511,NOSE
149,43773,56,AC,27.67243834604646,3.135371047436335,1.565394465325365e-08,3840.0,True,3840.0,11781.486288219148,1.0,40.0,1.4104786277530008,225.71943072550937,3.0,,380.0,0.00019163738466791176,2.171309589637351e-05,4305.033093929646,PL
15,11,40,AC,9.112456841218059,1.0152050907835806,0.0006378734319406529,3580.0,True,3580.0,10741.486288219148,1.0,40.0,167.99493721179354,72.32150804349148,2.0,,380.0,6.31056567951389e-05,7.0305061688613616e-06,3580.0010161604127,DE
150,43773,7,AC,33.22341269662983,3.7013696710355317,0.0023256370661926956,3580.0,True,3580.0,14320.0,1.0,40.0,612.9073944028844,263.8554934446669,2.0,,380.0,0.00023007903529522042,2.5632753954539695e-05,4812.068378452791,PL
151,44,59,AC,153.0212578666505,44.24330937637727,3.402443700343688e-05,520.0,True,520.0,1554.6888048738242,1.0,40.0,52.45065457260311,68.32840322135634,1.0,,380.0,0.0010597040018466102,0.00030639410925469024,520.0093573178239,DE
152,44,72,AC,14.801512253684834,4.963606852822708,0.00021557977534405055,3120.0,True,3120.0,15546.888048738241,0.9999999999999999,40.0,83.82851352229501,76.22577706489453,7.0,,380.0,0.00010250354746319138,3.437400867605753e-05,3120.0024734326958,DE
153,44,77,AC,154.01610996068257,44.530774126770666,3.424560261963603e-05,520.0,True,520.0,3109.3776097476484,1.0,40.0,52.50580942957323,68.40025443727309,2.0,,380.0,0.0010665935592845054,0.00030838486237375805,520.0087574922782,DE
154,45,48,AC,15.989682108960775,2.177419955862313,0.0004884049817398654,2830.0,True,2830.0,18514.930312588272,1.0,40.0,172.48468195861105,87.70733893641665,4.0,,380.0,0.00011073187056067019,1.5079085566913524e-05,5190.131141793043,DE
155,45,57,AC,5.061198788368079,0.5766755535421287,0.0008581677478498867,5890.0,True,5890.0,33779.147669531274,1.0,39.99999999999999,136.80762233091002,62.59546738195077,4.0,,380.0,3.5049853105042104e-05,3.993598016219728e-06,8999.664691364433,DE
156,46,6,AC,16.553299565657873,5.42506018108927,0.0001659830315475148,2080.0,True,2080.0,9328.132829242944,1.0,40.0,77.43480031327034,50.111238187532756,3.0,,380.0,0.00011463503854333708,3.7569668844108515e-05,2080.0026196244085,DE
157,46,62,AC,13.132559620386555,1.4630782963573332,0.0009192801306665205,3580.0,True,3580.0,10741.486288219148,1.0,40.0,242.10331124723294,104.22502524375776,1.0,,380.0,9.094570374228917e-05,1.013212116590951e-05,3580.000607898507,DE
158,46,82,AC,8.006692042390101,1.2185784115451395,0.0012700765487762306,4170.0,True,4170.0,23178.996727209742,1.0,40.0,103.69804046473664,63.65063306752837,7.0,,380.0,5.544800583372646e-05,8.438908667210107e-06,4170.001662925034,DE
159,47,80,AC,5.006955672751638,0.5578166999090441,2.486289601959778e-06,3580.0,True,3580.0,10741.486288219148,1.0,40.0,46.55507897734739,40.08374983920939,2.0,,380.0,3.4674208260052894e-05,3.862996536766234e-06,7958.675678324772,DE
16,11,43764,AC,25.252984999804635,2.8133972182640448,0.00010238726210206485,3580.0,True,3580.0,14320.0,1.0,40.0,112.64521058362831,201.4957589400777,2.0,,380.0,0.00017488216758867475,1.948336023728563e-05,3654.67460948931,CZ
160,48,65,AC,1.4462869616128193,0.194045281020062,0.00028372450921641915,15940.0,True,15940.0,57099.479742638636,1.0,40.0,37.75420643180881,46.346298958861574,20.0,,380.0,1.0015837684299303e-05,1.3438038851804847e-06,15940.004744680193,DE
161,49,71,AC,8.11095166325644,1.092708801225317,0.00022437473063075783,5400.0,True,5400.0,20069.61911746209,1.0,40.0,90.477210744818,87.44960717778945,7.0,,380.0,5.617002536881191e-05,7.567235465549287e-06,9959.843748261115,DE
162,49,74,AC,39.34162939638113,12.6768170108719,9.605296177058474e-05,1300.0,True,1300.0,9328.132829242944,1.0,40.0,84.63968829494276,68.46727122539531,4.0,,380.0,0.0002724489570386505,8.778959148803255e-05,1300.0040022144287,DE
163,49,9,AC,7.990649683778783,1.0398291766419414,0.0007099975433915055,4620.0,True,4620.0,16960.241507714447,0.9999999999999999,40.0,151.5256234217828,80.82707587830936,4.0,,380.0,5.53369091674431e-05,7.201033079237821e-06,4620.001174472361,DE
164,5,51,AC,9.195107901315,1.0244131150563247,7.803353555955031e-07,3580.0,True,3580.0,10741.486288219148,1.0,40.0,42.55375171118919,73.27724389173935,2.0,,380.0,6.36780325575831e-05,7.094273649974547e-06,5625.626582029023,DE
165,5,52,AC,10.573924622512013,1.1780249094347819,8.35752009461899e-07,3580.0,True,3580.0,10741.486288219148,1.0,40.0,17.74568201553112,84.03431415948154,2.0,,380.0,7.322662480963999e-05,8.15806723985306e-06,4983.147929216435,DE
166,5,71,AC,1.716548140047438,0.19339401286232816,2.8562645473840483e-05,11260.0,True,11260.0,33779.147669531274,1.0,39.99999999999999,25.776647328317665,41.98342629448834,8.0,,380.0,1.188745249340331e-05,1.339293717883159e-06,11260.040842013746,DE
167,5,8,AC,5.852059098094154,0.7615227039234241,0.00013700709588980814,4620.0,True,4620.0,16960.241507714447,1.0,40.0,52.1011883936285,59.011461819848265,4.0,,380.0,4.0526725056053694e-05,5.273702935757785e-06,4655.29869194812,DE
168,51,8,AC,6.056214310633738,0.7081973570897493,0.0004986517024319797,4360.0,True,4360.0,13850.863897966796,1.0,39.99999999999999,107.14398554531226,52.401986892727145,3.0,,380.0,4.194054231740816e-05,4.904413830261422e-06,4360.002916995741,DE
169,53,77,AC,3.68505381093889,0.41749897656367885,3.8878513020565234e-05,7680.0,True,7680.0,23037.661381312122,1.0,40.0,68.48200281333379,60.34824482622884,5.0,,380.0,2.5519763233648825e-05,2.8912671507179974e-06,7680.002678160503,DE
17,11,66,AC,4.580817582529648,0.5542022370645165,0.0007786666972020139,8200.0,True,8200.0,38443.21408415274,1.0,40.0,122.015053630398,84.12567970927493,6.0,,380.0,3.172311345242139e-05,3.837965630640696e-06,8200.001272780164,DE
170,53,83,AC,6.778729951056152,0.7552089230737455,8.982903036813998e-05,3580.0,True,3580.0,10741.486288219148,1.0,40.0,62.494888053543036,53.807866166149196,2.0,,380.0,4.694411323446089e-05,5.2299786916464375e-06,3580.00324588059,DE
171,54,70,AC,4.9883636646992,0.5789875903471359,6.597829803767479e-05,8460.0,True,8460.0,26147.03899105977,1.0,40.0,24.985958831880815,84.98104945561468,8.0,,380.0,3.454545474168421e-05,4.009609351434459e-06,9482.081333976274,DE
172,55,58,AC,12.996381326087082,4.259589601675139,1.9912835880982386e-05,2080.0,True,2080.0,9328.132829242946,1.0,40.0,25.352817489414928,39.427500037649125,6.0,,380.0,9.000264076237592e-05,2.9498542947888774e-05,2080.0403730931903,DE
173,55,7,AC,190.0044100158932,54.936230399965545,4.224762485656288e-05,520.0,True,520.0,1554.6888048738242,1.0,40.0,64.66780748995849,84.2439062318767,2.0,,380.0,0.0013158200139604791,0.0003804448088640273,539.9551517193029,DE
174,55,76,AC,22.180997860967604,2.4711541921110123,0.00155266320958178,3580.0,True,3580.0,10741.486288219148,1.0,40.0,411.1092354362387,176.9817613007705,2.0,,380.0,0.0001536080184277535,1.7113256178054102e-05,3580.000385657747,DE
175,55,78,AC,5.094637120116168,0.567584124546878,1.2990683635078082e-06,3580.0,True,3580.0,10741.486288219148,1.0,40.0,47.22817921979563,40.6632866443802,2.0,,380.0,3.528142049941945e-05,3.930637981626579e-06,3723.5900346044255,DE
176,59,77,AC,64.94338189724793,21.78180945397811,0.00010036089166375769,780.0,True,780.0,7773.444024369121,1.0,40.0,140.1351230901002,83.58634663790558,2.0,,380.0,0.00044974641203080287,0.00015084355577547168,780.0028879293671,DE
177,61,84,AC,136.8927224084728,39.58002514740095,3.043824270734064e-05,520.0,True,520.0,1554.6888048738242,1.0,40.0,46.617837586759045,60.729888499801156,1.0,,380.0,0.000948010542994964,0.00027409989714266585,520.0054904228383,DE
178,62,63,AC,70.42937522980925,20.36334845139501,6.26401656942343e-05,1040.0,True,1040.0,3109.3776097476484,1.0,40.0,48.030914141499345,62.57072853128808,2.0,,380.0,0.0004877380556080973,0.0001410204186384696,1040.0056250027208,DE
179,62,82,AC,163.18129451481607,47.180640893261774,3.628350770862512e-05,520.0,True,520.0,1554.6888048738242,1.0,40.0,55.58861220514143,72.41627659786145,1.0,,380.0,0.0011300643664460947,0.00032673574025804554,520.0089844862762,DE
18,11,84,AC,19.833244164087205,6.5001707857846895,6.053284889980528e-05,2080.0,True,2080.0,10882.82163411677,1.0,40.0,57.927049670343216,60.05693460597086,5.0,,380.0,0.0001373493363163934,4.501503314255325e-05,2080.005438723978,DE
180,66,69,AC,7.37386452489002,0.8759649512680195,1.2476518559380283e-06,4620.0,True,4620.0,13850.863897966796,1.0,40.0,43.11767774497044,65.28274762404857,6.0,,380.0,5.106554380117742e-05,6.066239274709277e-06,4620.004506714194,DE
181,66,81,AC,5.807048645565187,0.6894145238383192,2.795641232027368e-05,4620.0,True,4620.0,13850.863897966796,0.9999999999999999,40.0,51.89653500370059,51.484981813781765,6.0,,380.0,4.021501832108855e-05,4.774338807744593e-06,4620.003631792766,DE
182,66,84,AC,36.70956234135227,12.736650236192666,3.429623637198292e-07,1040.0,True,1040.0,6218.755219495297,1.0,40.0,60.63619126660517,78.31130271894796,2.0,,380.0,0.00025422134585424005,8.820394900410434e-05,1040.0052582345352,DE
183,67,70,AC,12.082568306997743,1.3912075841497935,5.253363171230071e-05,4100.0,True,4100.0,12296.175093092972,1.0,40.0,61.480492386496195,101.71691566042428,3.0,,380.0,8.367429575483201e-05,9.63440155228389e-06,4100.002830325418,DE
184,69,81,AC,7.080631260084258,0.7888427613314538,8.908886247160673e-07,3580.0,True,3580.0,10741.486288219148,1.0,40.0,16.40377250686017,56.49434846017296,2.0,,380.0,4.903484252135912e-05,5.462900009220595e-06,3580.0154980124657,DE
185,7,78,AC,45.13490743798765,13.049940804855455,6.034250471852444e-05,1560.0,True,1560.0,3109.3776097476484,1.0,40.0,38.40035947153204,60.029799830633095,4.0,,380.0,0.0003125686110663965,9.037355128016243e-05,1690.003479346176,DE
186,70,72,AC,0.023160426120002766,0.0,5.8568677026392636e-05,2500.0,True,1300.0,inf,0.76,40.0,2194.598200726089,77.6548842603482,5.0,,380.0,1.6039076260389728e-07,0.0,13104.44693928699,DE
187,71,74,AC,12.740348381394451,1.512532157616484,5.844153516783639e-05,4620.0,True,4620.0,13850.863897966796,1.0,40.0,82.66721888967848,113.30556365328621,6.0,,380.0,8.822955942793941e-05,1.0474599429477036e-05,6931.018849856491,DE
188,71,8,AC,6.624642496934515,0.7628497849153613,0.0005174694553562265,4100.0,True,4100.0,12296.175093092972,1.0,40.0,118.09975121818707,55.55968948220732,2.0,,380.0,4.5877025602039573e-05,5.282893247336297e-06,6268.494540736307,DE
189,71,80,AC,4.707773488885947,0.716564465489829,0.00019790519102293476,6960.0,True,6960.0,29397.751946705037,1.0000000000000002,40.0,58.67403271294,62.81642462678621,10.0,,380.0,3.2602309479819576e-05,4.962357794250893e-06,8197.764016157096,DE
19,12,43767,AC,28.87284311677102,3.5408554340566822,2.770308163095505e-06,6930.0,True,6930.0,16981.48628821915,0.9999999999999998,40.0,25.48960623157131,400.21533449141907,5.0,,380.0,0.00019995043709675222,2.4521159515627993e-05,8851.717877029929,FR
190,72,77,AC,15.521939843770996,1.7292756600401422,0.0010865347563433852,3580.0,True,3580.0,21482.972576438297,1.0,40.0,286.2601139073773,123.23444666896667,2.0,,380.0,0.00010749265819786009,1.1975593213574393e-05,3580.0005793583287,DE
191,74,9,AC,6.10432234025947,1.5144476427350086,0.0009053035996394506,3960.0,True,3960.0,17101.576853612067,1.0,40.0,40.73024326240733,40.403769100870036,13.0,,380.0,4.227370041730935e-05,1.0487864561876791e-05,5170.650507928593,DE
192,76,85,AC,159.23368747348403,46.039554434898506,3.540573848075642e-05,520.0,True,520.0,1554.6888048738242,1.0,40.0,54.16363033266923,70.55992729662199,2.0,,380.0,0.0011027263675449032,0.00031883347946605613,520.0074732502395,DE
193,79,8,AC,4.185825055964186,0.4963730217426724,3.7902129526166665e-05,4620.0,True,4620.0,13850.863897966796,1.0,40.0,39.42902074380578,38.295715745128014,5.0,,380.0,2.89877081437963e-05,3.437486300157011e-06,6043.592179827689,DE
194,81,84,AC,12.693884117316612,1.4142086531904632,4.443459665195873e-07,3580.0,True,3580.0,10741.486288219148,1.0,40.0,46.91690259810433,100.98819657722122,2.0,,380.0,8.790778474595992e-05,9.793688734005978e-06,3580.0043115439985,DE
2,0,47,AC,5.6587955565862265,0.7702316741506552,0.00017553599536629497,2830.0,True,2830.0,18514.930312588272,1.0,40.0,61.24752991076546,31.14397060598598,4.0,,380.0,3.9188334879406e-05,5.334014363924205e-06,5910.032473555615,DE
20,12,44,AC,18.796599042031357,6.052544574057786,0.00021631773282543287,2600.0,True,2600.0,10882.82163411677,1.0,40.0,85.81598528996551,65.36024590903642,6.0,,380.0,0.00013017035347667144,4.1915128629209044e-05,2600.002226496444,DE
21,12,59,AC,5.3443278437449155,0.738897347912857,0.0002107275374979285,5140.0,True,5140.0,29397.75194670504,1.0,40.0,66.28198662801496,59.74181586908549,5.0,,380.0,3.70105806353526e-05,5.1170176448258795e-06,5140.002712043493,DE
22,12,72,AC,15.044395283823418,1.6760718343502434,2.353497272498086e-06,3580.0,True,3580.0,10741.486288219148,0.9999999999999999,40.0,46.23914984772302,119.43520810107655,2.0,,380.0,0.00010418556290736439,1.1607145667245453e-05,3580.004491693326,DE
23,13,45,AC,5.607476723446143,0.6792596819867356,0.00015451573410813076,4100.0,True,4100.0,16960.241507714447,1.0,40.0,66.0259743032309,50.44962878847608,3.0,,380.0,3.8832941298103486e-05,4.70401441819069e-06,4100.001457531507,DE
24,13,48,AC,60.451553718391544,20.974081170238346,7.470613319655729e-05,520.0,True,520.0,6218.755219495297,1.0,40.0,149.59129040382493,64.39877231858036,1.0,,380.0,0.00041863956868692204,0.00014524986959998855,1465.9914814471858,DE
25,13,49,AC,20.622643458029664,2.2975375147677,0.0003608969683509413,1790.0,True,1790.0,10741.486288219148,1.0,40.0,190.4120566377098,81.97203626643068,1.0,,380.0,0.0001428160904295683,1.591092461750485e-05,3023.8632660312987,DE
26,13,60,AC,77.44715544727308,22.392445905861795,1.0437016293783621e-06,520.0,True,520.0,1554.6888048738242,1.0,40.0,13.428898090993638,34.988130121800175,2.0,,380.0,0.0005363376416016141,0.00015507234006829497,520.0218053738081,DE
27,14,24,AC,4.268432070158852,0.5283273191543136,7.225205375169655e-05,5400.0,True,5400.0,16960.241507714447,1.0,40.0,41.929098784526175,40.758770811041536,7.0,,380.0,2.9559778879216426e-05,3.658776448437075e-06,5400.00489870864,DE
28,15,20,AC,13.851921040986968,1.543220780621695,3.0124558413714987e-06,3580.0,True,3580.0,10741.486288219148,1.0,40.0,64.04311448967886,110.28176673815625,2.0,,380.0,9.59274310317657e-05,1.0687124519540825e-05,3580.0028984047576,DE
29,15,42,AC,22.51526242921068,2.5083946477699977,1.8026912160240863e-06,3580.0,True,3580.0,10741.486288219148,1.0,40.0,207.60133961350556,178.7439812399744,2.0,,380.0,0.0001559228700083842,1.7371154070429348e-05,3580.0008243844627,DE
3,0,57,AC,8.446793440760922,0.9410423858426162,7.139912972119369e-07,3580.0,True,3580.0,10741.486288219148,1.0,40.0,78.11373275642273,67.2556333614818,2.0,,380.0,5.849579945125293e-05,6.516914029380999e-06,8710.20765910856,DE
30,15,56,AC,8.49471066023864,0.9463833327341434,1.3127329532084933e-06,3580.0,True,3580.0,10741.486288219148,1.0,40.0,52.51078133751231,67.81738112886983,2.0,,380.0,5.882763615123712e-05,6.55390119621983e-06,3580.004036407295,DE
31,15,61,AC,9.154577125545211,1.0372314225074666,2.096572474170845e-05,3840.0,True,3840.0,12296.175093092972,1.0,40.0,84.84237046883983,74.76545565770526,3.0,,380.0,6.339734851485603e-05,7.183043092156971e-06,3840.002050643536,DE
32,15,68,AC,8.497420817080931,0.9626941037201849,2.0294907007855743e-05,3840.0,True,3840.0,12296.175093092972,1.0,40.0,79.0810790928657,69.68844552089261,3.0,,380.0,5.884640455042196e-05,6.666856673962499e-06,3840.0023679118854,DE
33,15,84,AC,16.12528999403986,1.7964918835439672,5.818298440801617e-07,3580.0,True,3580.0,10741.486288219148,1.0,40.0,99.40914367569185,128.38635443294964,2.0,,380.0,0.00011167098333822619,1.244107952592775e-05,3580.00178185122,DE
34,16,43761,AC,16.12224098072819,5.593739167526867,2.1041710586542572e-07,2080.0,True,2080.0,8320.0,1.0,40.0,4.080406880867478,68.66103288121204,4.0,,380.0,0.00011164986828759134,3.8737805869299635e-05,4875.265748498798,AT
35,16,46,AC,337.9879735561645,97.7227395497496,1.8787986918610334e-05,260.0,True,260.0,1554.6888048738242,1.0,40.0,57.575521021762775,75.0046581517703,1.0,,380.0,0.0023406369359845187,0.0006767502738902327,260.00723663473946,DE
36,16,6,AC,52.77433844365412,15.258737071142006,7.334098901459454e-05,1300.0,True,1300.0,6218.755219495297,1.0,40.0,45.01038937592417,58.635837045107905,4.0,,380.0,0.0003654732579200424,0.00010566992431538785,1300.0121669277485,DE
37,16,62,AC,16.516526711091085,5.320778135598229,0.0002186164773947218,2600.0,True,2600.0,10882.82163411677,1.0,40.0,79.98502878696223,57.55429436369021,5.0,,380.0,0.00011438037888567233,3.684749401383815e-05,2600.002484782763,DE
38,16,82,AC,0.012769112090676932,0.0,0.00019873003559657884,3440.0,True,1040.0,inf,0.6511627906976745,40.0,3537.6508630067915,85.62623045166852,3.0,,380.0,8.842875409056047e-08,0.0,2227.174975279091,DE
39,17,26,AC,12.19441376793316,1.3585629108984745,2.4656670588108753e-06,5370.0,True,5370.0,10741.486288219148,1.0,40.0,169.11715902281682,145.60924489220207,3.0,,380.0,8.444884880840139e-05,9.408330407884172e-06,6708.181590250078,DE
4,1,21,AC,12.39142804151019,1.4496734047395616,0.001020261362155885,4360.0,True,4360.0,15405.55270284062,1.0,39.99999999999999,218.0661108766074,106.65178661915027,5.0,,380.0,8.581321358386559e-05,1.003928950650666e-05,4360.0006816697,DE
40,17,33,AC,19.303676421392634,2.5101415839853214,0.0005412138143690527,2310.0,True,2310.0,16960.241507714447,1.0,40.0,226.8170735887089,97.64432836012534,2.0,,380.0,0.0001336819696772343,1.738325196665735e-05,3865.506188468357,DE
41,17,43763,AC,1.8747813116067942,0.23202404297171783,2.5200801122143188e-05,24110.0,True,24110.0,85701.48628821915,1.0,40.0,9.846025789385354,96.34003027502435,19.0,,380.0,1.298325008037946e-05,1.6068147020202066e-06,24110.021392155955,CH
42,17,43767,AC,33.394553182584026,3.7204355091763768,5.474372069837348e-06,5370.0,True,5370.0,17901.48628821915,1.0,40.0,29.182744547440976,398.15706830280305,3.0,,380.0,0.00023126421871595587,2.576478884471175e-05,5796.357095989499,FR
43,17,64,AC,8.384247893730528,1.025730951524633,0.0002558460828708562,5140.0,True,5140.0,15405.552702840621,1.0,40.0,81.24350551670895,77.97478013296728,5.0,,380.0,5.806265854384022e-05,7.103399941306322e-06,5791.565266682246,DE
44,17,73,AC,0.0007953490593636206,0.0,0.00019626886708514583,14300.0,True,1300.0,inf,0.7272727272727273,40.0,3101.372148848972,76.59115906132158,3.0,,380.0,5.507957474817317e-09,0.0,3195.841672111435,DE
45,18,57,AC,110.82577130568889,32.0431473264477,2.4642126368108966e-05,520.0,True,520.0,1554.6888048738242,1.0,40.0,37.78421674630915,49.22217307452765,2.0,,380.0,0.0007674914910366266,0.0002219054523992223,1292.1143900518186,DE
46,19,41,AC,169.2537320720062,48.936627392559195,3.763374045908944e-05,520.0,True,520.0,1554.6888048738242,1.0,40.0,57.77036796309257,75.25848873752976,2.0,,380.0,0.0011721172581163864,0.0003388963115828199,520.0071291782425,DE
47,19,54,AC,8.554368882985234,1.089924187103244,0.0008774216974068405,5920.0,True,5920.0,18514.93031258827,1.0,40.0,141.58637502955895,85.41810173185668,8.0,,380.0,5.9240781738124885e-05,7.547951434232991e-06,6678.048284785749,DE
48,19,67,AC,184.2678913320177,53.27765540195581,2.44118019635598e-07,520.0,True,520.0,1554.6888048738242,1.0,40.0,31.49316562801777,82.05341715114312,2.0,,380.0,0.001276093430277131,0.0003689588324235167,656.0639709979397,DE
49,19,9,AC,4.882204095133879,0.7486056885976803,0.0009571500606222256,7220.0,True,7220.0,23178.996727209742,1.0,40.0,129.40821843528494,66.3634442432904,12.0,,380.0,3.381027766713213e-05,5.184249921036567e-06,7220.001591762033,DE
5,1,38,AC,10.354628764876196,1.1923580113040704,5.07180248894102e-05,4100.0,True,4100.0,12296.175093092972,0.9999999999999999,40.0,37.84876391502894,86.92790193261267,3.0,,380.0,7.170795543543072e-05,8.25732694808913e-06,4100.005819308172,DE
50,2,70,AC,0.8713012322471055,0.1074665858534436,0.0009883019780321705,18040.0,True,18040.0,53990.102132890985,1.0,40.0,21.6015303906447,34.35823031930165,20.0,,380.0,6.033942051572753e-06,7.442284338881135e-07,18040.008060210792,DE
51,2,72,AC,3.95936136893246,0.500537689002157,0.0007889263464638517,6930.0,True,6930.0,20069.61911746209,1.0,40.0,113.28893160419415,57.3966868857231,7.0,,380.0,2.7419400061859142e-05,3.4663274861645223e-06,6930.001500869358,DE
52,2,77,AC,7.988613101494942,0.9678558157148868,0.000717684818889122,4100.0,True,4100.0,16960.241507714447,1.0,40.0,167.27436971296822,72.01130507531231,3.0,,380.0,5.5322805412014835e-05,6.702602601903648e-06,4100.001028317266,DE
53,20,3,AC,112.84747062661027,32.62772602543637,5.03375925228375e-05,1040.0,True,1040.0,3109.3776097476484,1.0,40.0,57.70434570190123,100.22997381373742,4.0,,380.0,0.0007814921788546418,0.00022595378133958703,1040.0046993768,DE
54,20,68,AC,6.019855038399827,0.7357857344280926,0.000575936431434538,5140.0,True,5140.0,15405.55270284062,1.0,40.0,103.39873577278547,55.865099465545136,8.0,,380.0,4.16887468033229e-05,5.095469074986791e-06,5140.001677444529,DE
55,20,7,AC,30.52317692838589,10.002157676464137,4.654790245734672e-05,2080.0,True,2080.0,9328.132829242944,1.0,40.0,53.314006372468086,92.2035067101393,6.0,,380.0,0.00021137934160932057,6.926701992011176e-05,2080.006138512719,DE
56,20,76,AC,14.614425119067594,1.6281716739549208,1.154716257284046e-06,3580.0,True,3580.0,10741.486288219148,1.0,40.0,134.98424524036295,116.22093308190729,2.0,,380.0,0.00010120793018744871,1.1275427104950975e-05,3580.0012778047417,DE
57,20,78,AC,13.131876858640599,1.5121321345782697,1.1234997660649326e-06,4100.0,True,4100.0,12296.175093092972,1.0,40.0,80.05391923508508,110.4539312579011,4.0,,380.0,9.09409754753504e-05,1.0471829186830123e-05,4100.002426214884,DE
58,20,85,AC,42.696236816018555,12.344819336060647,4.3286863161648005e-07,1560.0,True,1560.0,4664.066414621473,1.0,40.0,21.98668255465089,57.28488703661901,6.0,,380.0,0.0002956803103602393,8.549043861537844e-05,1560.0125604642726,DE
59,21,36,AC,33.14846679684709,3.693019643288616,0.0005800972393435253,1790.0,True,1790.0,10741.486288219148,1.0,40.0,306.6067529426792,131.9936369342927,1.0,,380.0,0.00022956001936874716,2.5574928277621995e-05,1790.0005645085907,DE
6,1,39,AC,16.348882120999,2.1768649763738033,0.0005001048490111613,2570.0,True,2570.0,18514.93031258827,1.0,40.0,186.69518315348535,86.2115003421472,3.0,,380.0,0.00011321940527007618,1.5075242218655148e-05,2570.000919075109,DE
60,21,38,AC,7.109653835982075,0.9924265164440578,0.00032277993268363,5400.0,True,5400.0,24733.685532083568,1.0,40.0,99.19066673215434,81.21415025408265,5.0,,380.0,4.923582988907254e-05,6.872759809169375e-06,5400.0017459072415,DE
61,21,70,AC,8.91279195554829,1.213976267498289,0.0003243672238472406,5660.0,True,5660.0,20069.619117462094,1.0,40.0,73.78012180334798,98.17389965620163,5.0,,380.0,6.172293598025132e-05,8.407037863561559e-06,5660.002356980433,DE
62,21,72,AC,29.913688239261116,3.332639895790544,0.0005234905610368975,1790.0,True,1790.0,10741.486288219148,1.0,40.0,276.2272653691685,118.91532403171459,1.0,,380.0,0.0002071585058120576,2.3079223655059168e-05,1790.000622812212,DE
63,22,29,AC,25.684737411035275,7.426259152767542,1.156051444542806e-06,1560.0,True,1560.0,4664.066414621473,1.0,40.0,11.859729474684826,34.762232512688854,6.0,,380.0,0.00017787214273570136,5.1428387484539764e-05,1560.0236809637997,DE
64,22,74,AC,4.332661174540005,0.6543916701373755,0.00016357440830676764,6700.0,True,6700.0,26288.374336957393,0.9999999999999999,40.0,67.84005389981516,56.97417157350938,10.0,,380.0,3.000457877105267e-05,4.531798269649415e-06,6700.000771297979,DE
65,22,76,AC,8.320109083900258,1.0163566250483782,4.077102711633422e-05,5140.0,True,5140.0,13850.863897966796,1.0,40.0,53.89726626258828,77.59317116853697,7.0,,380.0,5.76184839605281e-05,7.038480782883506e-06,5160.546570062933,DE
66,22,9,AC,7.433161310284955,0.8281176738407252,0.0005203217662669128,3580.0,True,3580.0,10741.486288219148,1.0,40.0,140.10816324178325,60.31630371143174,2.0,,380.0,5.1476186359314095e-05,5.73488693795516e-06,3580.0012273667144,DE
67,23,46,AC,8.546827181914681,0.9521892438306904,0.0005982771098046495,3580.0,True,3580.0,10741.486288219148,1.0,40.0,157.7079543622085,67.8929810578146,1.0,,380.0,5.918855389137591e-05,6.5941083367776345e-06,3580.0010940643087,DE
68,23,50,AC,13.156901805912774,1.7317043678884372,0.0004123126925954687,3350.0,True,3350.0,16960.241507714443,1.0,40.0,112.16324191122976,70.1613191876321,6.0,,380.0,9.1114278434299e-05,1.1992412520003028e-05,3350.001538345089,DE
69,24,43,AC,182.88633094565495,52.87818269530523,4.066486945269244e-05,520.0,True,520.0,1554.6888048738242,1.0,40.0,63.45203127636077,82.66009287384415,1.0,,380.0,0.0012665258375737878,0.0003661924009370168,520.0050262102004,DE
7,1,66,AC,9.408888559661253,1.0482290842278295,5.589181656532544e-07,3580.0,True,3580.0,10741.486288219148,0.9999999999999998,40.0,24.855855090207903,74.90279573709047,2.0,,380.0,6.51585080308951e-05,7.259204184403251e-06,3655.805796636781,DE
70,24,61,AC,11.391183164270446,1.2690773203653587,2.0245928729544706e-06,3580.0,True,3580.0,10741.486288219148,1.0,40.0,105.1905998648237,90.5687152301811,2.0,,380.0,7.888631000187289e-05,8.788624102253177e-06,3580.001654840947,DE
71,24,76,AC,16.379591267369285,1.8248287272253425,0.001146574616030741,3580.0,True,3580.0,10741.486288219148,1.0,40.0,302.4808262692269,130.21743317450472,2.0,,380.0,0.00011343207248870697,1.2637318055577165e-05,3580.0013257279934,DE
72,24,81,AC,8.729604339142773,0.9725477811977005,5.881529872313758e-07,3580.0,True,3580.0,10741.486288219148,1.0,40.0,40.37315398312404,69.52227082535312,2.0,,380.0,6.045432367827405e-05,6.735095437657206e-06,3580.0058022404532,DE
73,24,84,AC,103.10046861383799,29.80957558974822,2.2924426962539488e-05,520.0,True,520.0,1554.6888048738242,1.0,40.0,35.084628102614914,45.70537079853693,1.0,,380.0,0.0007139921649157756,0.00020643750408412895,520.007377185057,DE
74,25,43765,AC,13.354754632643846,1.7838300273862306,3.242686450850971e-06,4900.0,True,4900.0,16021.486288219148,1.0,40.0,26.067340175650987,146.80710304790134,5.0,,380.0,9.248445036456958e-05,1.2353393541455891e-05,9616.437432612005,DK
75,25,51,AC,4.226070787964527,0.4866367360533893,7.302687088092594e-05,8200.0,True,8200.0,24592.350186185944,1.0,40.0,50.24004932612302,71.17753161472953,8.0,,380.0,2.9266418199200327e-05,3.3700604989846904e-06,8469.72590274958,DE
76,25,79,AC,84.44659537799575,24.4161683845332,4.2247793883670924e-05,780.0,True,780.0,3109.3776097476484,1.0,40.0,43.26402110888319,56.3608119554175,3.0,,380.0,0.0005848102172991396,0.00016908703867405262,780.005493809352,DE
77,26,36,AC,7.387006107770828,0.8229754013693267,0.0005170905603166181,3580.0,True,3580.0,10741.486288219148,1.0,40.0,136.38882253127485,58.71513445254864,2.0,,380.0,5.115655199287277e-05,5.69927563275157e-06,3580.00130466346,DE
78,26,44,AC,220.60901600382186,63.78489440048876,3.763059136375816e-07,520.0,True,520.0,1554.6888048738242,1.0,40.0,37.627716136192156,98.03659387676824,2.0,,380.0,0.0015277632687245282,0.00044172364543274765,520.008342431901,DE
79,26,72,AC,3.15060507348878,0.4508529549983633,0.0003472321019650124,9530.0,True,9530.0,41693.927039798014,1.0,40.0,59.870515440555266,56.773607660786205,13.0,,380.0,2.1818594691750556e-05,3.1222503808750923e-06,9530.002915567906,DE
8,1,69,AC,9.81079191431296,1.0930071781031037,1.0417664362461983e-06,3580.0,True,3580.0,10741.486288219148,0.9999999999999998,40.0,25.921978348774125,78.11554429782723,2.0,,380.0,6.794177225978504e-05,7.5693017874176155e-06,3580.013057103781,DE
80,26,73,AC,27.63123028749294,9.053403890473838,0.00027704968459607777,2080.0,True,2080.0,9328.132829242946,1.0,40.0,129.04167770438448,83.50816714710457,4.0,,380.0,0.00019135201030119763,6.269670284261661e-05,3453.83689185316,DE
81,27,57,AC,103.30171450820008,29.867675116069552,2.2969213399015198e-05,520.0,True,520.0,1554.6888048738242,1.0,40.0,35.218551854417136,45.87983565867309,2.0,,380.0,0.0007153858345443219,0.00020683985537444288,1203.855423727141,DE
82,27,80,AC,108.72821235148766,31.4367189603674,2.417582126628689e-05,520.0,True,520.0,1554.6888048738242,1.0,40.0,37.14446467140861,48.38875663593976,2.0,,380.0,0.000752965459497837,0.0002177058099748435,946.8359003309217,DE
83,28,31,AC,9.387803162898095,1.0458804368576289,4.0139532866876584e-07,3580.0,True,3580.0,10741.486288219148,1.0,40.0,9.637609041545488,74.68150984163165,2.0,,380.0,6.501248727768763e-05,7.242939313418483e-06,3580.0320247044183,DE
84,28,35,AC,3.5319874267520204,0.551307478614609,0.0005640644514294012,7740.0,True,7740.0,29397.751946705044,1.0,40.0,78.47768411935121,49.50899847169905,14.0,,380.0,2.445974672265942e-05,3.8179188269709765e-06,7740.002233794974,DE
85,28,4,AC,4.67991015475783,0.6232014981920847,2.6247285816913724e-05,5140.0,True,5140.0,18514.93031258827,0.9999999999999998,40.0,24.950733712393898,49.50799564642169,6.0,,380.0,3.240935010220104e-05,4.3157998489756554e-06,5140.017015050766,DE
86,28,53,AC,2.5980713673919773,0.3283340578936327,0.00018819771727109747,6930.0,True,6930.0,29256.416600807417,1.0,40.0,49.4511933982786,38.50116974279469,7.0,,380.0,1.7992183984708985e-05,2.2737815643603373e-06,6930.004043320095,DE
87,28,65,AC,0.0023869184451858864,0.0,0.0002229420206600266,6200.0,True,2600.0,inf,0.7096774193548387,40.0,2094.6045373480474,61.38789325041892,7.0,,380.0,1.6529906130096167e-08,0.0,16350.72174746327,DE
88,28,83,AC,2.3632520792110805,0.26686175574658166,0.0007009420707483159,7680.0,True,7680.0,23037.661381312122,1.0,40.0,106.59793571615918,48.06935727844035,6.0,,380.0,1.6366011628885597e-05,1.8480731007381002e-06,7680.0016151077025,DE
89,3,32,AC,48.921663083693744,16.973754937504044,0.00024183191724097281,1040.0,True,1040.0,12437.510438990594,1.0,40.0,242.7925484089256,104.52174056006746,2.0,,380.0,0.0003387926806349982,0.00011754677934559587,1040.0007573284126,DE
9,10,23,AC,7.046485175694158,0.8953394962504394,0.00016014395217965743,5920.0,True,5920.0,18514.93031258827,1.0,40.0,45.953068852583556,70.2002345100365,8.0,,380.0,4.8798373792895836e-05,6.20041202389501e-06,5920.004242188403,DE
90,3,75,AC,52.59170644716958,15.20591937986453,1.1693823005847337e-05,520.0,True,520.0,3109.3776097476484,1.0,40.0,17.889074075647564,23.304415867786474,2.0,,380.0,0.00036420849340145135,0.00010530415083008678,520.0413884584783,DE
91,3,76,AC,27.975959009149452,6.968706376764719,0.0,1040.0,True,1040.0,6218.755219495297,1.0,40.0,49.716608657590086,59.644546960184314,2.0,,380.0,0.00019373932831820952,4.825973945127922e-05,1620.692975693747,DE
92,30,5,AC,20.8892261152639,6.844868941691375,6.340292614249347e-05,2080.0,True,2080.0,9328.132829242946,1.0,40.0,42.5277443831133,63.08123330647867,4.0,,380.0,0.00014466223071512394,4.740213948539733e-05,2080.006029007236,DE
93,30,51,AC,41.4691864069034,11.990041616226065,8.298647595836703e-05,1560.0,True,1560.0,6218.755219495297,1.0,40.0,42.38367741877707,55.21397252851036,6.0,,380.0,0.0002871827313497465,8.303352919824145e-05,1560.0131297937166,DE
94,31,53,AC,5.973387503512864,0.776883035463145,0.0001400221112287913,4620.0,True,4620.0,16960.241507714447,0.9999999999999998,40.0,36.5744431860604,60.481676270122726,4.0,,380.0,4.136694947031069e-05,5.380076422874965e-06,4620.006512944025,DE
95,31,65,AC,22.667862802363295,7.602593768609575,1.3748185399491379e-06,1560.0,True,1560.0,7773.444024369121,1.0,40.0,23.049738223333847,58.352217748827506,4.0,,380.0,0.0001569796592961447,5.264954133386132e-05,1560.019249157901,DE
96,31,70,AC,12.989272270374768,1.4471161049556016,2.2395882152849303e-06,3580.0,True,3580.0,10741.486288219148,1.0,40.0,26.6168673693961,103.126607119674,2.0,,380.0,8.995340907461751e-05,1.0021579674207767e-05,3580.0147466323715,DE
97,31,77,AC,7.7497202661359115,0.8923499714892232,3.451363475381225e-05,4100.0,True,4100.0,12296.175093092972,1.0,40.0,32.827688486118234,65.26205313349351,3.0,,380.0,5.366842289567806e-05,6.179708943831186e-06,4100.011610179725,DE
98,32,52,AC,8.015423826352741,0.9374618087066182,5.2484017720915055e-05,4360.0,True,4360.0,13850.863897966796,1.0,39.99999999999999,75.33001860279197,69.04731389789292,5.0,,380.0,5.5508475251750285e-05,6.492117788826996e-06,5272.114388450553,DE
99,32,55,AC,8.763054008642882,1.0090476432777475,1.1721692314869413e-06,4100.0,True,4100.0,12296.175093092972,1.0,40.0,78.24265198646124,73.6180627612152,4.0,,380.0,6.0685969588939626e-05,6.987864565635371e-06,4100.002277276434,DE
