,0,1,10,11,12,13,14,15,16,17,18,19,2,20,21,22,23,24,25,26,27,28,29,3,30,31,32,33,34,35,36,37,38,39,4,40,41,42,43,43761,43762,43763,43764,43765,43767,43770,43771,43773,44,45,46,47,48,49,5,50,51,52,53,54,55,56,57,58,59,6,60,61,62,63,64,65,66,67,68,69,7,70,71,72,73,74,75,76,77,78,79,8,80,81,82,83,84,85,9
0,1538.8429875800648,954.952933381841,-72.6342617779463,919.7814409353072,395.26646207481565,159.17408859408135,-34.56684455169259,1091.538348735385,-40.24021762173775,134.61116702249183,-209.13795255680355,1394.7386789432564,-70.35696258601571,1289.878470030832,55.478144600694755,140.36120479552477,-49.42649994673977,456.745208398397,624.0970389423342,33.40045289359605,-278.74863684966033,-821.9808276361446,-36.97617529227369,-97.51210632811733,-292.50350374490915,205.77080629020605,66.60291739207798,-85.18391860389217,881.7302160299807,360.6343254455845,-25.440749167502602,272.12677718443945,240.51058954694096,42.86553820241183,1109.2211685830096,79.00210013993235,2538.6655702016055,139.81163149087348,181.9774921369937,-670.6426758814625,3218.1682011485254,-1437.5696986443847,1788.2020672979518,25.511413158741377,-283.8458580710792,-523.9499494326022,5015.891012966632,753.0654781008708,109.22442552765462,1009.4001946049841,-72.92443100091329,275.4085063161565,1199.499565537397,3576.5464478983386,2014.5003256157263,-22.266874242019377,1378.6850799699114,-123.81147960486796,187.6353106370518,1989.1847441404507,180.88823028383248,17.184626491324885,3838.1429881839194,-70.12009607784591,1331.764841898536,1.3082977462124836,-35.618097400379526,-109.28104939617387,-35.30547436516131,-106.94423874814454,27.700654068988324,1708.858966645087,560.8562532067386,170.98185357537022,309.98551102640323,388.69637404857093,87.77174128872203,2046.3674161705808,3345.947680134252,-816.6725856134871,32.690749574054685,591.2650144964813,-52.983269504187,803.0281089365291,-85.26711283841797,259.10469222775765,-15.309898995979848,1027.2660326285934,333.4528782185658,267.83171763941465,-49.037220275591004,179.7730182618969,42.75407781795136,-140.42165754720426,1170.9297234162482
1,1455.59528400391,1183.3121800510478,344.5884261849255,554.8879142314639,1693.7272255734297,114.96372848611526,-51.05681471332648,1029.399578471941,810.2680789563369,1580.3536976233142,-169.77873399284064,1372.452790594823,-30.697092435094117,1508.3090329243507,660.4263010226094,607.3589174597718,223.15805890022617,397.00428148972816,684.7891433454047,14.875448186240773,-113.8650375220242,-753.8762777764097,-13.778663995224523,-109.34314678732049,-292.7443137952456,104.5149083020705,-230.44110900327055,420.5307100916528,1114.2185272959698,913.3895876481779,108.25463912988309,251.47928374552075,323.24391900117695,230.72448320478745,1152.8166738887626,160.35388054961987,3329.4207064815278,-18.876404292691983,880.4365160429435,-563.0012951540036,2792.7177927656167,2561.4136425602223,1229.320669879951,43.751501009874325,6562.772055250851,-485.62270417770145,6559.599493229538,626.733432842817,249.1138056574407,1073.4944253759152,378.6743154484317,499.57331461095913,1535.8764475989553,4111.91270233865,2371.4537839290983,-18.487880067372668,1427.7971691754678,-94.82026211735736,178.8535142668594,2503.0309068136066,309.8634150047948,471.76117428650156,4519.597283778723,-148.9472394405347,1504.213825556401,-4.906890817551539,-12.297021399200458,-111.99188139899806,124.87791042359873,-40.04346072724137,77.30900404377608,2243.986535716753,896.8384638451915,173.37564859743114,164.9529489742712,547.3509333118159,-447.94274366834327,2463.922872488938,3717.355130785974,-499.31127166416934,86.90786786187559,494.8842037703856,-6.462598640257314,1172.4629139319222,-95.51149845945507,310.94139692694745,-12.930271929690399,1097.7026931880268,734.5004998618028,374.4455990665318,-335.0573380608689,221.14780604335036,174.3283281731842,-149.4749577171302,1576.7700051906747
2,2940.6200076052337,1197.8961282573123,145.0989332058941,573.3433576924299,179.24504765671307,197.19942958849393,-33.77245067081722,655.3573127379697,615.9632668653442,328.6450047426041,-387.31072056557923,1478.4652112219624,-37.67330527083804,1643.408383166997,368.59337521652697,294.83511754426814,44.59589299972366,414.3666163003013,-253.23223828165777,212.71375188211198,-51.28061329770566,-718.7948371861212,7.67522729456946,27.84007249840555,-244.51009795104943,163.33486949701182,-232.8225170438292,175.39885577726704,1435.091589919486,97.28128883277014,238.97126263635923,58.38042386237624,342.9675214247858,522.965380162279,1606.9240825477912,209.0023884037164,2984.99930820377,-4.46651561661253,594.0611763555878,-379.399066574426,1601.3669210461521,-1637.3306246213756,1611.5312677046977,132.18203449127125,-1508.494344937286,-512.1108839231722,3995.265906751768,684.4876544224326,157.0780652512465,2160.419725147733,465.3097215467942,-217.01875533889537,1738.9901471505787,4489.841359486892,1706.6832186550712,190.2287008514061,245.52073268793572,-124.75885674768836,212.77604066602032,2294.20008017974,195.46734561669447,773.040668113825,7110.185747841494,-19.92469269707848,816.4643739602366,228.06657766326435,-16.330481796253263,-78.2113798619009,205.91709300729755,-67.27415677995356,209.79794629301605,1830.9387647980802,825.6476352189828,187.366065788973,65.57479901460437,396.9613316020572,-371.96079263036125,2300.2168686963587,4450.107410454536,-694.7155425967902,-104.94298951080371,925.3084473065056,-66.5849381917998,884.9430742752565,-94.81310314204453,488.6029575427602,-214.44987581285628,1175.9495414344792,-8.751005473608952,290.4838400878189,-216.50720752401557,89.98230056698327,239.57776941436038,-121.83378062283899,1421.541926546675
3,3493.131033987025,958.9906246239909,-15.020891782500984,896.0058104398933,172.94265095890458,183.8987959885934,-26.30606401026384,847.7556168335115,-133.19805623593447,64.74951041430454,-392.88285981516526,1456.9752147983909,-64.51039251960276,1068.6479638340218,-29.016729438895048,120.80613759347557,-28.123575972625392,382.008328638057,815.4512624671046,101.94626364364103,-82.81117323766904,-776.6240927821314,-5.551754329428753,94.85863347522822,-105.78445693913582,199.37171752274594,-60.55926991898668,-65.57757435272958,1075.050817039156,322.4880307760756,88.83338112307517,96.75876532361713,257.2876924662518,104.97824022920496,1292.7468992484803,68.14591400987788,2704.72023657524,103.66357419078656,93.87105412984721,-378.8638289087895,1499.9132504538143,-1614.2976433711426,1763.3652176095484,111.44445906022015,-1502.000713347674,-454.1698443274917,4751.31399346244,640.0164502695874,-26.6111461957652,1715.468788511548,-76.17707342170787,-301.4967442221645,1372.0065486758817,4656.4640154136905,1995.4735665424864,0.6382859595344188,981.7312140734363,168.15847065568005,197.3854789657715,1896.3397505062437,259.1966804626912,23.314084215114942,7179.996434155917,-33.3608996323119,852.439887926145,31.778629062495032,-26.384058301553313,-75.83523303884543,6.508170319458189,-81.08400469783743,55.32737861032392,1746.4674256785552,562.8344875184974,159.85882587114904,166.7131898216725,388.86429560147394,138.58119749903682,1926.6949485896187,5137.4970076108775,-811.5514071597853,78.32356804496871,1217.4345212586027,-37.56521282383222,591.8495176324863,-77.57379218923482,422.53636291560787,-155.13057642325523,1433.0677530791663,-65.74436419191116,219.79877029215004,74.18398853298733,87.67887667262177,39.06606169130225,-70.4521201770338,1268.2105248518194
4,2600.2700738858475,702.4665575532761,-79.57892031229959,182.37140793014734,152.41370927010843,-267.6913318889893,-23.400466494877737,350.3585966511047,-13.045486209329527,86.51877153959826,-371.1351340034048,803.0733761569495,-66.75829247967039,868.291093011372,45.78655825532321,80.05594039272631,-42.738386319716604,134.2316758226503,447.51957834387576,76.30776385905232,-27.495097988251857,-724.4971438381696,15.901247752619788,-26.842646805136614,-50.482189529774544,139.02301648393353,-203.15018241664052,-80.39286197514207,1182.1558375741386,661.5531580046676,23.015584558301605,41.79437264659462,163.44504780833617,163.7084808253018,1274.16357626156,89.17811345579078,1711.2608256605724,-8.893040715462146,249.4490696588068,107.00340044552385,499.9256798667366,-1797.0393553790798,1193.8150387834542,1082.1933596962801,-1506.2538992826337,-501.19546914618667,4710.859545709538,323.9847122439877,53.79976613494696,1223.9131070629905,38.207783506979645,-253.85648124803717,1452.4735357533555,1932.0069448352126,499.14785896211737,10.221630304815873,-43.72695990108069,-65.31482445548546,160.90968023688873,1286.411440570596,-22.993290863883566,429.9460080229833,7078.800452654169,-31.72738124897832,806.8248181256873,81.16103526396536,-19.1151685995687,-60.52678264280232,57.65054332196068,-84.23141881637137,68.26797554604444,1581.0696063489333,443.94953138429327,111.25223618703815,41.16266300313387,258.287391209105,-390.01234258422096,1518.1836764862485,1933.0456646129649,-649.0835458370418,-64.63750953362569,262.85716407327163,-44.62824720678241,245.9464279229922,-109.92692098460458,222.54099070677393,-301.0684574852534,325.67894233790776,267.3403702050339,95.40491595269364,-51.010517967133104,44.9979390431653,74.81927759640298,-71.77669454741877,641.7033733981233
5,1307.9952365961963,511.6590416896866,-76.88063668914494,62.54213793248215,274.7894124773763,-92.81190603633601,-17.589617260863417,204.15023546993433,-6.487997102340012,114.31944098282833,-281.15497097003527,326.04027478406965,-76.13089619213419,565.3650812922605,256.3560265411369,161.20215611212217,-39.94091339504802,1.3502789157155752,-20.48951760901029,-25.006727743073927,-133.9015510104768,-336.32752487905276,51.04469134093529,-31.511322303406367,-188.3480090642038,39.86831806363553,-69.78719647818427,-73.99103850302632,407.042043211708,2173.4669330753827,-72.19241078769834,-19.354694669585214,54.46380452441424,188.52588643038766,251.8246584299904,55.43103337794615,1478.430328264557,-57.73594510312158,486.9128062117616,356.1078915356397,1844.2755447911757,-1287.2565865265917,1532.2365475119952,-60.44585964066889,386.04392017532405,-494.26535427283295,6680.333093127415,937.7859748031007,47.838872321375206,365.1065477984721,-29.20347991796554,-204.20545456753,781.2431606824028,1242.3544403834096,492.86159628137955,-48.55542742421187,0.7987645536645532,30.73138904880968,61.53874491142942,917.7836546718644,-90.55766888490626,953.6211097697919,5377.065441514079,-42.071703728514386,1247.6455833329514,-18.473552975789413,-30.131994697960202,-22.591398004588694,8.258645315216215,-106.98292081143956,16.6907352363422,1575.922666288532,344.8291437580489,62.533857443866566,3.7624881470895857,148.75986105539658,-259.98563434675077,1209.467231855201,739.98590617398,-494.18551643910337,-49.93389610645094,-127.15655239960986,-26.080454055663857,176.64545151986522,-73.41137432167952,157.96407603810496,-216.8827992628735,19.976789032378303,-36.32075723431466,26.149927104588762,-176.81219572492122,-31.21414006161533,83.36487592193447,-39.29200110363526,289.93858822396436
6,231.0989260736278,261.8804289821059,469.75871169890314,75.7264637536611,733.7364355026023,-24.402690024727004,-35.20334157020182,67.69002370099133,781.4045001100221,1104.1975921376447,-127.77510821043467,-119.24020528636164,295.67192046354506,128.2698680855445,968.6430160988709,705.4681818298895,226.71937387791436,-59.52812672053762,2189.3607585663776,976.5298688949857,-35.995010355320765,361.1159442783703,8.770049578488173,-56.379869964318914,249.51960693700192,393.97151644574416,922.7512453838411,222.42381811757414,-20.67344707600698,3129.821600680583,717.8587021152446,-34.74333245674069,399.48631429940957,217.17909531819322,-687.1750388936852,-69.89167178416342,551.1490936672176,7.824479771038423,1018.8203331001228,-1092.2855196016246,6264.86520730963,-1497.894168799402,-71.3523766348177,2749.7146175263756,4184.636156497617,-531.0521149700417,6303.082384161526,33.4586756057826,217.8388686557735,-84.13974109709659,580.8328641917601,-40.00868807004958,19.53275871823161,263.35589858805776,489.6417444051106,-77.851062530614,487.63316436279877,729.4252405993939,237.9547446810006,796.6059372010967,-2.0385132354413917,561.0581942680528,2602.5808904471924,-95.52819947630124,1653.9279754995814,-387.4408309003752,1.338865663933858,-13.065472193141394,23.332192640817876,-63.84116095197717,170.15161098748666,803.824272567817,33.105574475305765,33.87579678494419,-33.04422885703216,-78.15704345561369,33.06090316439583,715.4320642051936,143.57653034764013,1809.4969276800928,-295.7749909067021,72.80890583957729,-13.743452592779287,628.2007019613837,586.9469099129597,194.13592014902943,-134.603472541327,41.39225619405201,-67.57185155849014,45.497719560966374,-476.9789095256585,-82.92165823091214,72.78667412829724,-69.1330698898767,-7.283922931156676
7,977.4506701380487,335.64908159941893,-250.27722654889092,31.442943268835858,690.9221843803451,-114.95498785086602,-8.887763676228857,244.88452331658945,-239.25743621550967,447.2825938392188,-203.918467859106,157.0136300213465,-116.70408887417148,-107.92285108502328,166.06653402909745,221.80441491490578,-27.69450608984313,-24.46303404717432,268.44349937450465,-110.98113444652017,-22.905097559010805,-419.0328415467807,-5.283766747346099,-45.58444189889779,72.73852579905454,64.33270914103261,-20.427053175494517,-93.41271145534384,161.9941570353812,3648.900076435195,-144.10601898168872,120.83270757977611,-13.323241470921465,-5.868154034031691,-290.3879260827206,-55.21313285386297,947.4533501962185,-28.19010659144159,461.69545678445087,790.2036271619712,3176.389110292515,-658.0463166523687,263.6790468451466,756.337268819303,2667.143011273112,-529.6791843086955,8915.654045653679,-340.74552938847313,243.6672320964765,30.31438964923344,150.28517781686324,-160.64919591008592,335.7248588804114,851.7833284402955,53.380900444753394,-63.29338916082445,-142.22837503827114,37.7949386297889,-20.561052316463076,643.0571443621566,-159.2032980588996,85.8893970499066,5481.680426960688,-64.66107555586248,1870.0400097369002,-411.63011683677007,-4.283130568272961,-16.940516937757764,-49.25247566702724,-88.08372791023736,37.20336043839442,1114.3746079753962,259.70143956259614,71.8050298060413,77.56720965280627,112.25673572543958,-292.00348340002387,925.1587352206949,399.3597575542751,-445.0579598902801,14.567555999617275,-236.3101221819898,-26.671417661782485,254.62595949885548,-68.17976623428129,-34.16079600520792,-265.36012894224956,16.813797473942792,-78.60617816179483,52.28435227150404,-278.0909528613336,-41.65009622448674,2.1361547772663667,-56.15818654409574,169.34871743460954
8,2146.9050213937935,616.918668443556,-173.89828091327206,357.0541355858455,59.36158664400328,-302.41516219973516,7.2771284439526305,607.0437272402984,-226.37885382785285,63.65951684389252,-414.9428545538455,1138.0597264649184,24.40829683009893,508.9465264333999,-66.98600758467532,133.456581043668,28.092092071405798,305.9547821647668,-258.2435941126759,68.05776655328411,-25.9707221717175,-680.4652616091618,26.158539549286463,53.59574447778689,135.6598525676803,426.3012680641211,25.976531025414676,-36.762185091202625,2009.2880015879139,-137.16808854103436,70.18863009880786,120.20161921141188,192.91748917310267,150.9094504516913,2415.082573865267,62.5327670093729,1779.0666953376954,94.10477842122684,146.2706459558846,495.33242326936,503.523535114137,-1580.776519589675,1241.1539803304852,108.31037559156208,-1961.7035895466834,-509.7465919049991,2656.1418706796067,286.57494687135494,146.490155447173,2873.8026597940443,310.85533921815164,-13.095085319071744,2107.716210031159,3066.588580422474,1059.9826210311123,70.55362073284384,175.27695594354716,222.2820407231873,318.3407307724335,1396.0540692357924,92.66625645627799,269.3658745523082,5531.632901907561,-13.699360284700782,597.0431365498168,-279.54213919133457,7.4214338470664,-41.701664981986525,104.2882042937851,-51.260301195823,104.42940764232705,1086.770756504111,470.9365587064727,165.57644488035476,171.03350340748824,264.1375616637955,-187.34401690515259,1530.6685956121062,4008.1703558843983,-605.4657814225338,35.29898391386156,975.6726146601621,-30.181942592532696,390.81036082518625,133.4994436591428,191.26914458069004,-239.5590231588373,831.9838125507121,645.8452403684618,174.08951350848147,-103.67490213725732,24.46977938923766,86.5772751152879,-10.955158247713898,948.4971253562716
9,2682.0223671866916,272.79687979452586,-19.95024996362922,219.88692903805642,84.34802911177837,-223.68374229709428,19.513760912518464,578.3208093521305,-118.8534479871101,100.01063749543219,-393.1275863953022,1298.2878053423156,81.99860931559843,1649.1943533604554,-8.266182430115965,352.36065626170375,67.64144372242572,466.8703394885073,-243.18653226152523,106.49777847428922,-144.34408654559988,-786.0815138499091,110.82835022914428,198.20243643517443,94.98441585365156,660.09747616726,276.3464549623603,13.616226968629057,2608.018827818818,79.92447391224323,150.5236363710749,187.38172571404525,154.82603406098806,80.3778591064959,2965.2801810375,155.67991294277897,1867.8962555131723,227.4130449620094,17.768651085710758,474.39243978298816,6.489401306190018,-1437.8408987740022,739.6681658833772,27.346052193703784,-1905.8215823550124,-532.8357694226939,3069.7861655800366,133.13501710333992,135.6004001308556,3500.979271761319,184.22275582568864,145.81315482166,2574.8371087478386,3925.449499852784,1823.2256381274808,95.01545188911027,429.8187158706426,525.64318972686,418.534782754702,1393.2320108526912,524.7710861132207,290.9820013990618,6734.839021379975,31.616934348355343,730.0265659928913,-291.65725756175755,-17.886110638223403,-50.26688316449432,32.705583763288374,-54.74544169814155,97.71817359687358,1129.4217687797234,247.39400522033617,143.20350360269254,108.46372724217001,179.4006604655756,86.99258323562086,1429.0622755633715,5622.483868994322,-501.6329437431189,41.62540056173577,2067.4634488050724,-42.463188766072534,961.4969443199468,346.8243393538503,748.1683484323362,-190.01007104650938,1269.680922698179,970.2365189086919,160.29720497695283,46.33106809343681,42.30347430947965,178.71549386626694,-22.89544939105664,1215.861858986947
10,1792.3824122543938,268.3818615901891,-26.680191041065523,758.5320731697401,286.32252438229625,-48.56336340503393,0.7787171024864663,874.3152353847837,-189.51581689688865,5.347328400212124,-133.8152897709054,1229.8147732901637,-8.58856041779837,1219.5868645073988,-91.74536886430548,297.1697357519559,-4.669140464017569,463.8562214547503,1297.0022890186092,130.71147770153567,-222.8182186521169,-656.2078092811879,62.37351468202922,190.0604148443127,-227.067265863306,419.1323760096085,278.82397810142135,-53.39603344066685,966.8448733370237,252.09423434236757,117.88788383272426,107.37024296808318,72.34719002378505,131.80311173720793,1954.1948411154588,40.068433559237874,1814.1947072562593,264.5840612341249,11.200258779364809,-359.1888527861414,553.2301866353912,-1670.8490931388544,1094.9733093695704,303.17146213699715,-122.28146617303523,-470.51738621111826,912.3436561942308,615.519523322771,20.891452664466904,1513.1888133939328,-116.84802880961715,-336.22360572217957,1327.2494573166273,3905.9914440986176,2479.550484294409,16.68623627634678,1581.1197492725214,410.9917846986951,313.7190078107146,1418.9344133745947,568.7637424697258,84.64632996930324,3213.94192356198,-23.790883401513103,649.2506367619687,14.841160982217232,-30.544562584874274,-64.85686685675844,-34.631565744769354,-100.13235566046873,27.740757616434966,973.9757155490777,205.56869525374043,131.60787834486817,212.60359052233093,169.46577511207914,1024.434085736598,1528.27110024156,5215.78628902215,-642.1433599556275,43.44756381287395,1693.9440807660276,-46.04735458533093,1012.4234284149616,106.01050145801766,688.114974925596,-86.33394783311638,1683.6794387659083,-37.42274387213723,193.90583436125328,37.14289729167655,76.75153927653197,39.75727020527688,-56.2433728947552,952.7125905314203
11,1149.6154067565258,62.89836560749038,15.5789684850308,442.61843349069807,1500.3545495275628,-102.07507980861585,-22.175838298154435,513.5936840609784,92.78102593230197,978.549051544978,-156.5819261679859,854.3875754540617,24.663139565195216,1133.0489207093174,-144.01286089689944,129.16275228797838,0.1118125490490674,199.70587074913513,-13.903866539546286,46.32953414215299,-231.10762147423222,-640.6802965420413,121.49469858507005,53.712793813774326,-222.37639155398966,392.4002846767844,41.21138886955679,-83.89134639099936,833.0517241147311,600.6601647215251,-7.996070758231782,146.6717655728235,-79.96805648182011,63.29019066944793,1902.9222507943891,82.9033446180473,1229.0209497022588,165.46685041169775,-19.186273920067936,-1036.7305260273288,3933.366174741052,460.62150115759067,648.6122707339646,-92.30014397227761,10470.128330505726,-520.5172536490461,625.4662843179833,885.203496520742,-32.54709149392748,1307.2199862718169,67.33318058690216,-358.55562711304,939.023957474564,2723.548372895958,2019.848279412854,-215.2346584560723,631.6120381788357,257.7498926473504,307.9436541523923,1033.6799328525417,265.9255077728324,227.27342097078434,2276.718907437603,-31.124683817572773,907.0188740708377,-152.30401534818412,-15.234081190225224,-102.61983730086956,-12.347032541981552,-104.9942675663714,40.45910659116075,999.5267476270457,46.40163183116278,106.49924829901488,84.0566009234039,75.48267754529321,930.1622634746661,1399.5183574571543,3955.4123105725093,-591.3696529488246,101.35930452170622,1196.8010646366067,-52.95849648078712,580.7208939576296,31.48333589735442,478.7874547083672,-189.45970156827644,1235.2135485559538,71.9830401759416,85.99535648299397,-232.9043073274324,115.53522693709746,29.36412604557402,-97.94049055395347,654.5320367847572
12,1301.5139548507286,1016.9770541424427,-70.2870259052418,974.3244362113451,846.9434722986122,-48.63216507893832,-54.811672105624176,996.7736243290946,-82.43486682571975,340.8146618093643,-204.0187147395592,1087.4382040557343,-24.072939215868654,971.280054000045,1.8168943935380104,68.85216304672255,-19.777884815304297,308.46303866427985,137.080880331064,294.36841143900875,-339.0906278797621,-773.406898194583,39.148955702896664,-95.45858584010183,-293.0803235528594,321.2314403771377,26.401872701382242,-73.76498843056707,632.250229091354,91.2177857664137,218.07962594169086,117.09503549212062,280.0842493309249,127.21082532540528,1444.8671844234182,95.31697182055461,1754.1058533500197,69.20898544580233,66.94722835575062,-696.5506208429573,973.0829635351597,-1068.4632381411147,1796.1964207187923,-84.67876881432021,1409.8818376166016,-530.4189817309792,1484.079887704061,656.3857278167745,-144.93087412234522,531.3762539829792,24.859720144425676,113.37846170016493,841.4044736270395,2276.5821008054527,1428.6325998620644,23.18442252083366,757.3183813830467,-129.40341257877066,254.46104319304948,1737.629945098978,45.7699001109365,4.175759704033233,1784.5913355230193,-56.067914554935605,753.2290975179078,87.53257178818878,-44.624888687389735,-116.43841179996069,40.275310954926184,-77.85179276663945,71.12225066819258,1508.069295249145,651.6993366495013,120.36420612230832,159.15253495268036,577.8362661484439,-9.972187214575914,2120.209205639936,2041.6219586817635,-797.3422570782053,198.91926005771353,322.4165604052876,-77.81026315718007,533.6695997246975,-16.54777114679265,135.3125128946783,-67.59976511469681,612.571961246039,170.01275631239497,305.91881798258834,72.6559409614827,73.22209467480415,47.155417726595786,-142.5858869059897,883.8311443336316
13,2904.790288870023,1118.6300145864427,127.87082359595173,523.7742517833917,827.0633714658259,-5.301482697320448,-46.494585128077034,531.9785732977533,960.8456972040357,1133.8756536469675,-347.4565567220338,934.0816412548114,101.6189399826813,1504.4109665723213,112.20389757569444,355.21466697522703,50.0074992129371,196.75158080903174,2723.9850903345264,596.3921192334228,108.05726401907171,-299.3928073909766,118.03405850263165,30.63470154242692,-165.8910295189737,101.56461557562773,-302.1527461958884,141.30654032105193,1166.9766615059239,855.5504173078488,161.67818359350883,-83.27056714516935,356.4706551961367,197.82350890171824,1049.72581203673,187.81704732772909,2988.063114819396,-13.699264772655567,509.4001794846361,-1506.5149621254186,2569.1117482058567,-1579.3531565848414,1164.0742519763685,1099.6019483149296,464.49406354458495,-533.6898279643972,5326.179675667021,465.62388437982975,-207.91707977062418,1374.9427808571588,606.8105571924673,-261.6599523749111,1616.2429419525179,3996.334407344921,2466.667840104951,133.87128316130682,1952.0669260190562,-103.71208394799521,168.9387802559871,1520.6075887385439,157.3864140619081,301.32126293474823,6925.957562332168,-45.521115564021336,720.0279723989097,252.52353636379166,0.04787846866410193,-122.5542089722311,223.042151896071,-2.1507885332872814,292.6772306023416,2104.566122223646,629.4549965744138,120.13214622205821,47.52559952113405,390.85740411048323,-327.53075965411796,1284.2107766996696,4350.876484595995,163.9652078390743,-193.70965495766305,778.2659078149504,-69.90497149589969,978.4112996573876,32.91187771631399,427.84668856840096,-58.728498475010994,1701.3587197007876,42.68629855734793,182.55943266213194,-235.36701557382145,16.85697109195514,151.29965864873682,-139.9286263225515,1097.9700464392376
14,38654.98198937576,39338.89454216971,39971.930467768645,120665.54761704762,14562.435376152114,36372.86014191635,16112.158176286286,113703.29928582448,274634.4572697552,363148913.6027503,10369.431576207522,40600.774925375605,126666.89693482583,44385.29155262007,82686.15957596149,121862.06844570723,42599.97223783382,77028.73409346641,65108.714814646475,130108.23919033405,7990.884353921852,465197.93368309946,8239.722735428793,15915.81559403833,6221.3687532088925,37559.28865446127,16616.525617135125,19180.834998362923,24808.511829971903,65096.32146041829,103074.84718747048,59754.57990378626,63854.184957875106,19618.496159315695,176958.62888876363,42401.3476703729,36231.76020519718,53427.8875774245,10935.999100544512,51057.19274524857,2.5994861581317173e+19,5547.534587777096,25053.903843476302,5603.741345415676,17941.72688913453,-552.5077450907752,26302.293936197333,15225.11499917874,12542.928295371936,95436.73825836489,69016.67911003232,37768.66663627832,203759.78719405556,47960.54321319043,99186.7052150064,6545.678717282142,88641.12415291995,15694.393498293273,155704.34386122364,45084.09656853111,15610.933626289723,37302.978724045424,38830.00636512671,965.2546342196873,2.5145185525889876e+20,2862.516053747563,2250.558109545383,26822.899656554797,35245.029844173034,4721.80422087928,57450.60677765457,578824.1545129872,107905.7910744698,2979.0718444003355,49411.714749690436,68504.13480040432,19868.964905863257,1114687.503654213,105148.55231965859,1037624.4231477644,363118843.27268636,84622.36911390249,3265.297543961742,85095.02859724646,31582.918177665506,14993.937624046586,8286.127589141188,66315.67988544216,4272.299167403443,66902.72410655914,281607.57333902526,75200.7779190628,31516.677046785437,211.28157556734777,57104.17983624001
15,649.7167827290068,250.74458614572808,190.7422832680783,371.15997211342625,1882.0676119641366,380.5338072108887,7.455789054770418,141.3284608019186,842.9724072235297,1645.3973520140557,4.6378106314664045,-28.42135557636684,372.3018709615799,826.2659577666848,337.76536330926626,729.2527073786152,-8.09499649219368,29.89511564669003,1583.0266838883456,1313.5965776680612,167.55023253040596,911.780916449634,106.24711088258118,-95.7475610326455,-159.5483649210629,565.201823587111,529.9098416914318,157.4755803912853,24.32106705768922,1267.5893115580504,419.09559337065707,107.93345066326323,120.02859329846945,472.6809591552174,-522.0748506216148,103.48350302051128,1440.162712720868,7.222706019104894,813.7809038922177,-872.2664757492597,6818.119633453664,-1500.1479753006508,1601.1838419592566,530.4327163716521,4744.738303941029,-478.8430002348252,3504.5873923229906,2039.5735015502917,-122.1818163171011,11.228001392820685,139.68608446117614,266.111452771326,348.63811943109295,1295.6851816377557,1254.0506340219433,67.77029272097819,811.2948813209978,350.80880890696284,467.9849351569989,602.0032612284308,-102.73793582808722,1917.9777902884966,1602.305319841779,-45.14225027232726,1092.9918275447023,119.06669002416415,20.37674055522384,37.13271521133327,60.35949384581505,-61.71215655579138,350.78883675531046,1086.0466046913075,299.0420995971211,39.60573815680509,-83.6966210115025,29.166347239518846,247.59420682621428,448.58631318368884,1002.8815911887483,1560.0771444539594,-208.77493894113934,-95.56807810326288,-36.44633026126109,906.8579202238273,944.3707103366099,232.15692720183816,-4.174669917261393,361.5921352558306,603.5923224645292,81.6724240101979,-345.0220077034451,150.0213788174025,231.73884135575668,-84.16428991197495,178.1629144014235
16,1537.9072011654916,26.621710425699856,373.9911388002079,111.43054145524738,4039.1386189088075,-251.2470379139137,1.3307203866361879,183.38845407003777,704.6181205565782,5041.317995769333,-475.3130364836697,257.93148836420266,15.539601410772049,672.4893743517129,138.76673502251919,391.6119659330422,306.50719389190516,9.400005144367906,-67.97716339461527,1422.9781556731743,-80.83687348607002,-423.79688547252005,111.97255197331693,-99.92051401773527,183.9091822821527,203.83008036878115,581.7248789816146,503.13597159291527,1562.1872388065233,204.84063724032424,397.55904610366883,-50.79299599939254,215.59493255232925,81.418818789245,2069.484463658874,120.96962506382422,543.0769006189503,107.77219218555712,-57.24735163463892,-190.08496046550275,2991.788630066407,5201.153257803297,324.3595840815899,262.67803396542524,9921.895924513785,-511.0116196554254,2449.9344647765033,1682.0387457058355,-60.76512731092105,2275.4962072057738,449.86158061934935,619.1117655039598,1554.385584008016,1425.5303655195644,1146.02124422259,159.52199770299458,-52.429714408224434,916.9548373858893,245.80554106689786,197.34353567642913,99.38103723863286,553.6435823987608,3612.1200839263124,67.23877634265935,753.2082071964767,222.60525058107848,11.56570781472333,-46.29286648219807,113.1638197712164,-1.8385710508397488,826.9675466375435,789.426099444767,-31.443171814780147,31.5544462972971,-17.742254834499228,-31.849935301909436,1056.1334673760034,-24.90093308644121,2622.487220147911,1117.9902336539606,155.99445493887632,961.5387840307731,-34.20446126363059,331.60915122684065,56.28603677177003,138.1923788481321,-292.6403053338594,311.14312855703514,1388.5596281744547,50.85161589854003,-199.8870008536503,31.421122091066824,124.46109839951039,-60.682436536411686,376.3142683717096
17,1630.59468713155,505.61709560347686,-22.984352115687102,787.9281174012722,142.12449468730088,-155.2008580079413,-40.168775012703584,261.3243255746786,-170.3675080085411,35.589715157898,-486.3875304169984,442.44672497836217,-59.611904644399395,285.676374363537,-109.24771567383584,-8.118195978794098,15.65861446592296,28.979674412979627,-175.89851351877434,115.95246754065624,-277.3300861977928,-737.9436879256044,11.870816879491372,-132.01499423654064,46.87731534463455,254.06525741805893,35.04335171833447,-56.636246445855825,1066.5533186745995,277.3896854140411,128.44113684006211,33.39444903699947,186.72481088567065,162.0772822737605,1480.2985012473875,20.024607902933802,721.0638431552035,5.459817712974406,-58.579326111380865,-477.590565216386,-209.51211532907791,-1464.1040029653077,1598.8756752485158,319.6253435519166,-1995.66354223741,-494.8660038577179,3981.1365846148024,196.94855925113006,-197.99294957719263,1060.726247251562,-55.88354828468444,479.2708396270124,1056.4901073788735,764.3124530247892,171.34546094865348,40.02723363043938,-151.08905895349372,-15.990103195108917,186.89701229437824,708.7033577453413,-74.18243579501409,-34.13694887334307,4755.145337666355,-23.90244083785209,744.0819313541933,90.15349930951325,-40.88132656382639,-103.71528637430886,-10.28359418363302,-86.77838026290942,36.43066560228948,1159.37206038115,260.7969370317542,62.5599381226777,-3.2054520696264017,229.540818850359,-15.881071223986854,1171.5597268104518,879.8419396014522,-617.6699248114157,84.51214590213573,48.500094048613455,-40.174223609981624,-1.8074901931820437,-57.81195625529481,1.5339745012433657,-119.90104524790038,-48.76489228824084,423.9494913731185,101.76588176630729,90.28478070163082,7.056065350696735,-28.977050608721978,-110.88727854460963,209.03023202699183
18,861.0297481864473,116.20497372164996,-27.02054631414906,1050.4517954801638,157.22772858685448,-143.2481994484935,-75.188500553553,594.6744051991471,68.19231887890415,477.3560964283068,-230.03963945820618,127.59144109731902,-74.91915892347289,714.3111028548782,-237.3444208208177,-60.31739796340094,107.30411990374076,-26.539620935265518,1128.4048407695752,207.91389008115976,-380.99232756056927,-73.88527493879617,-43.879457285577516,-195.0006002029115,-49.445692001791805,68.00050250848243,37.03438033981638,-26.69946436649248,197.64638037329112,147.91871094211098,-67.82505068178486,-80.72747242734576,6.786416233803911,361.81710403477405,824.9679329090994,140.69486983827707,867.1284136285547,33.87157584452332,-223.48331986374794,-314.10215575998154,-858.3353251834923,-1946.616640409805,1503.6254469091748,2283.4489144342797,-1832.871109965783,-581.5158032051886,1858.6558319037042,2566.593546203926,-348.0043955715245,54.000968547366874,97.92616343807227,-14.780247368406501,434.74538468054647,416.6356781916148,343.84654854846707,-132.15998603575972,-241.88517972196246,-154.5140810966891,122.15113429984234,89.15487212805127,-110.88586321851831,1070.8992880106298,1267.63841909363,-89.68300432373111,603.2590033449352,83.48213793552974,-43.791106002691706,-99.17468539700555,48.487169952736494,-52.11298776939802,120.13247682081912,1143.137743137998,121.98397114440544,-4.846005430291091,5.846963400671289,256.24489255488294,1515.1643317260089,146.91851591805343,-72.39076799712696,52.76976644841936,-200.4713320450773,-227.7028040242231,-72.92795873645572,63.462180135250435,-54.30904901200493,25.324009787586725,-223.29617679789123,-52.37541846102694,50.31181111502923,106.54928257627122,-44.64852566167134,-2.011144931757461,21.589934441668074,-148.54516289828766,106.17355157467736
19,2390.71020828986,1310.2524458992302,-102.89471368984542,936.0301313556042,1102.5253550562347,-96.59309950565009,-57.12253436585169,674.2795209743001,-200.4125442090396,578.734669675297,-424.64486787051146,1182.9386088511708,-84.5065512868323,850.8431789295405,39.97975923276715,129.73447473955332,-36.26798144339911,217.87909770316887,433.1145414572515,234.92398062647072,-64.38860351034013,-794.909051913896,6.387702024590687,-89.14893371750307,-83.36135961359348,165.99638919588537,50.03774262795106,-75.5395640638835,1058.4155989191138,1043.0187412056425,162.86693897242063,126.20779126410729,321.8376336525809,153.1049656790607,1198.2511321659379,75.03259229583591,2426.1774839309537,31.796303716552455,244.41827227772234,-127.67170265757217,797.3601481099377,-692.128659339384,1396.9104522268356,-34.316940572359314,1699.9591053875015,-550.806744056219,5732.715567809452,527.2353938332681,-173.9668628912241,1051.7843072955914,-12.729206623386832,44.630362722668494,1464.8229492915025,3099.724802784253,1848.9082911158127,12.436513373408006,1123.4589103304238,-56.41349521044196,156.59996040680582,2062.9221336445967,46.502361887879836,2.24290423711628,6306.50015084116,-53.84507327998919,1207.873402023072,74.0481971955562,-28.65071755907118,-122.44689856214428,46.715690825168764,-71.3036606125914,85.54365391220922,2015.3532172950868,675.2104961077191,149.49636045260033,85.12363353403747,491.9743783641294,92.22594480577109,2319.427820303121,3317.3442310129767,-863.9414819631429,221.9201166578409,552.1102693364992,-73.59446493179952,473.2120729551256,-146.65890111402715,116.54629612509389,-116.63217285384697,1542.843962287374,138.6812786856109,226.53646714911432,150.41522165526197,83.21581076166929,34.53341081444145,-142.8021287191686,995.0565208973352
20,2845.027870744918,960.0784744412357,-107.77259217992281,871.5945662935176,622.1465302003014,53.3074297760593,-55.584165122481465,586.928469509655,-125.03639787118395,283.1608312130166,-420.17941467079453,1059.8159200402345,-78.804625002524,528.9317819474985,-41.757748358741146,108.0974602607592,-40.84899594847375,81.4066120874875,498.28626056749584,112.49493556005028,-182.56166772883444,-769.6486129780525,35.27443195497231,-35.08070576275863,-157.77019194991914,169.28863153836411,-16.704978799229238,-82.591349469032,1116.8218860779818,269.58109252071137,69.38755663512717,177.18776797120316,201.67659225454267,110.62067107633717,1413.5735607600461,44.59443841084274,2237.270041941782,48.247577887787415,206.54287904984417,-593.4996767256774,1259.7539366457956,-1114.9753339550143,531.7321712471385,-9.463967198835366,94.33062334684489,-577.5709485922091,4843.998125919519,1038.8099827835938,-23.756396958253386,1759.6955435201887,-10.929301669186998,-354.7303400722685,1391.1600771954588,3786.6908714003143,1906.3168154467937,-19.92949908047927,983.905224360086,195.41459196548283,179.6463177960331,1645.9212706866865,78.77853587362898,295.3709806680804,6478.925443655948,4.706929671289503,1098.325177755661,45.2748088927449,-15.676593149403553,-131.0839015298007,10.829563102621778,-90.02022486590405,54.11277734210218,1538.798527571794,453.7161856959585,148.60586677825285,48.29665018208767,368.4865589217255,781.0667419067634,1880.5983279021298,4289.635454003573,-873.8315941702905,146.06832885787045,1011.6349730179446,-44.75500371971992,243.43198554896256,-109.92480236374048,96.64435277385238,-157.57465825561724,1257.3937378382454,-2.7646929158749014,141.42480784357076,63.452781615218825,129.27979165313965,-26.839046347163272,-147.9662206654291,941.4714724264634
21,3376.569736462885,350.14242422930425,-0.706062061994226,304.70055156939503,107.38669739041205,-191.23603699156467,-7.120361837653182,761.2192659834936,-2.01595956184163,246.2524182539323,-392.7654085133862,1437.904964015603,-29.222918051588522,1607.9739375590552,-124.30572263999038,288.0713556130824,19.9182765761401,416.54477770572913,2292.3727164949983,158.312017352312,-132.95165234375304,-770.8239091533002,7.939120641663808,171.3380534014,-191.2573930493221,234.39720585125707,413.7381730251648,-22.780444424116798,1877.858681436873,121.36272060653488,60.735475427395855,55.58760986769126,117.33206618796844,37.58518364568012,2017.2328754012706,77.3650427409252,2558.033063252867,278.09180057156476,-36.05684818658382,-501.07956804299874,1460.516950583014,-1901.3221567412577,-41.63110319249565,790.6766994028378,-1558.157423597922,-580.174688471448,4112.7287806787945,867.3938664343987,55.81504763554514,2142.5066380491044,21.426652119962288,-355.4850446807109,2148.94774101478,4596.082754745472,2937.4958980648357,33.04377490758516,2277.289415557378,473.1420099132702,246.20047548410832,1511.5148820485888,616.2081691431998,228.27383514804322,6884.266594957337,-5.988056746910722,814.2045657125915,69.88338425092492,-20.47219772982786,-52.34610991368862,-2.9873610652126685,-89.57167645273752,96.31831846260037,1760.7701624828676,187.7056228421528,154.97129959277478,146.08892882709208,104.20567223841682,1371.024893900875,1373.744150263425,5769.2402133377,-498.1097796128471,-134.4803118308073,1869.8789438006538,-57.9046322805248,1064.3501555086807,-35.533495405006065,885.0235727936802,-12.510195034929007,2075.115211392712,-3.481302272335453,134.645935735727,-29.92862860173044,64.66543957436396,78.8886318522762,-57.35017523513911,1212.245639022772
22,1840.1143534350776,-3.8517246625297537,73.4040146132472,239.95785138445297,1491.1899804081243,-202.87413737037576,23.35119829188734,707.2080414339512,247.63168655940208,1695.8504078592268,-336.1847282239646,715.7753616974284,-101.05156807073234,1060.98116580132,-43.55144678513724,292.161691278978,89.19500072256872,377.9035874533694,3087.930528296069,686.4802042245225,-96.52982631679765,-567.9707946412619,52.43703376602695,133.53715212030002,-230.53382728411344,86.5117948591352,267.4498356228192,167.85973329978208,908.94531287568,586.5212918243777,83.13587716703924,-28.472353092275988,41.84948762362923,64.75214920201387,943.1605773003191,64.89931977657494,1577.5684931984947,266.8296550962242,43.71296798389848,-387.6823774609554,5635.900330354208,-74.5354144701021,244.58596570262094,1371.23555878372,4247.739541584528,-519.7416694041971,4044.5024394972584,1038.2063798343322,93.1962880262773,1086.4017760011425,46.404413477674474,-243.89666302004008,1125.179141843037,3101.085403407954,2507.72218032229,47.97329647538289,1959.4481016128852,423.5480344436376,118.87317927516054,634.3890260227507,459.7014963249101,304.8601875258616,5379.387258348286,-23.91059342605437,835.1799954730764,78.37117343694914,-21.537255126549237,-40.87394543471135,22.568332386512942,-75.19204758363061,352.89437202889536,1347.2670253808321,48.31681733493511,86.94385478950349,168.43103380910665,68.06290022286606,1422.0276382298,278.9981882805063,4217.319840319934,81.2001696374339,-117.3822700430466,1273.4741316926302,-42.068613658682516,889.7524823409797,-80.09716731197494,657.1623623058571,-53.50274603364835,1376.15332144337,-41.17063176231797,109.28768392490628,-163.23874312333342,-11.434410077280562,83.8209312447251,-24.224452256319733,596.8456835399405
23,1237.6498871510685,-67.25034174012723,203.7326145716916,254.8268465526108,2529.3897401662903,-266.1444339162105,-8.176770029079458,433.60786653454073,240.30782081366752,3467.0380109808693,-468.3221157578788,346.566429087364,34.764291831301804,938.4751487910997,-3.3230743005655006,779.611339860991,190.68352576846098,88.57341990906905,2342.7030473643877,1204.7474759588033,58.14507906744865,-555.6724304838334,122.67990656342442,81.07620687705693,-115.19515468248488,315.66047578775874,745.1738984302486,438.34365113717007,1426.2501553534419,454.26331341166133,282.75358924298126,-35.706778654799166,-51.63273462574599,195.97502099717354,1983.2389115349918,147.98689738582797,561.1496086119911,232.641209031298,143.1647961195035,455.04020130747904,736.0099362696471,2022.6607442777627,1822.2428229754892,937.3715106526201,3228.2920277841536,-585.3229393531534,994.2155933532009,5025.744293386507,124.29001024890275,2207.1629108196375,206.93834210601,376.33946327624574,1449.755570580531,1885.4805431090106,2407.4923319694726,9.275991191590352,1343.4701479015328,1363.658015876992,290.2532978866019,535.0744772624768,405.89594229479326,1770.6577585579616,3027.377795201015,23.923991599328417,898.792006380714,99.6626922835158,14.862889986436,-16.254604649409547,68.93895279780446,-52.31583194278005,678.6460173768634,546.4672175476519,32.62464700634049,55.77435768763329,11.69050074368682,11.154313520669628,2776.188262152734,117.68950690054729,3548.866478299775,700.1703397344518,-16.209265693919015,1444.377308937236,-18.24027169343021,815.9121928404888,102.04807655616239,541.1343646199417,-134.99974933218473,1021.0046201612729,1135.304762182185,121.26519185167479,-123.44878059894175,22.823433480222846,134.71391484316874,-3.1077742101029213,462.4821772047804
24,2197.43499178777,27.282142965091474,87.27121608343244,514.570014019805,172.66363219707372,-321.447946459699,22.75608435150479,1014.6240154544239,-82.65470355178033,357.0619141470736,-418.46241402043927,942.6679612626118,62.05136689080422,1230.897382799305,224.63748722272453,729.6570261946397,125.32003595306772,557.4940294582955,180.79609901209955,180.90229417894108,-75.74631694332699,-692.3482004365491,84.9148338400162,126.415108531226,-223.76628431450052,527.6491116026824,850.8874075888936,98.6265277640302,1409.2163536330493,2.2215591219117723,181.07850907527555,49.562659852588155,83.97568467461777,163.2581811709918,2120.7706988805026,85.97399157984296,1301.7126985424425,405.01164989986324,252.83697105627027,-5.802109909804851,-439.9476580023506,-1276.0278152040698,418.5614145500281,-83.21257413995757,-2037.638271799818,-559.7777208374928,1491.0759871188511,2143.355273351626,-10.922638048236264,2354.9806942277132,-45.8719846409747,60.554838119079434,1479.449917361263,3152.097445845646,2287.175481604541,55.49915449397878,709.4553445837641,1023.2481431225317,341.59658307652165,1269.2814948781095,669.4324529138014,708.3769430215226,4921.1020246943035,31.874124720884073,678.4430700310309,35.24936328692683,-5.422451542795721,-42.826544080200385,17.785644428068604,-82.00070663491472,108.39231312178264,838.119698917518,108.70756514178713,83.43029492460677,189.11616288504513,215.19222160972322,2215.9365168558634,986.5919604162723,4936.552422805838,-123.98168745493116,-75.64060718845384,1875.8078634197298,-51.818694270998634,1403.8972642687172,234.0223721227163,721.7266126384795,-189.94160794865536,1164.4875742678482,545.2219546660194,243.53770901374978,-34.46661458919627,28.038493552280684,94.88480754586382,-30.457047864145135,834.4313863116313
25,1662.7207120942967,71.61908868385751,239.89763790789704,303.57374506000446,1992.681197180699,-164.67994028767805,7.119946153170115,562.0936193391476,771.0317657748659,2956.618285320314,-460.83201017033116,468.4853574731095,89.54291731392154,1338.5429295205677,351.9875695428963,886.3496549022907,310.80004987749186,211.91341399695045,292.8691748046159,1185.8357247583747,-93.83382687582836,-579.6939052538656,171.44646399779742,101.59097302590558,29.814408365392733,383.83118057923537,1028.411289595883,318.73891247585266,1982.0821813020555,396.4771217466631,301.6675562154538,-86.73611961640368,207.77090155905674,259.6598368109268,2763.2039897334234,211.89095551356272,763.6195845671106,318.22317310751544,172.66150503859194,56.91138350332213,735.923874389727,987.6352154320174,1846.5002539208815,-62.276127401107345,1863.2589561145533,-593.3045344521092,1486.5786083146838,3881.251494543958,19.668844531599294,2758.826345599327,479.6895438732547,540.5190178739992,1910.6309917491785,2564.622180350669,2226.2191738951747,-119.70650077120966,604.6709003694125,1375.993680346303,333.102338381402,719.8803504429044,611.6176050439873,1300.4599737593871,4007.362071042144,25.066960906540654,706.2545982877648,55.93110476571315,-6.8531767216778,-12.299205437438752,192.47337489886974,7.711937302744508,632.084300352242,896.4112547125433,85.77438239240429,33.728283258232864,39.53408391994876,55.95058844294053,2593.651082199997,207.17374768392162,4551.063733220343,1068.9462554583317,-64.26030077326068,2065.8204246175474,-38.035930399200645,1129.742033519854,135.43889040404392,749.0471874711254,-205.45527369662923,965.0183434900736,1425.6205284973062,188.53344063522314,-252.6602269172701,13.285767611481697,195.61838773530758,5.861027193822588,841.6517403560274
26,868.0718282377129,180.84300547062253,288.32621113304975,479.73559595392027,2984.252432402657,-233.76854926715504,-27.94649009854861,582.2479781472697,132.7631290561545,3804.9160405673797,-453.19617983621526,463.1080435644992,32.365062459927884,1017.6243701757006,134.731655052983,165.78481899065397,307.7656652577901,77.60147094130464,519.2597694802249,956.1476441335392,-199.83120798028853,-577.1286201003367,50.325528334444996,-79.41369930310287,7.400517082963513,359.11350342642794,224.0088448403667,488.351681145432,1566.779048456654,583.7933951140284,393.35639298778517,-60.103080949813254,280.40751581877095,143.6908585470496,2457.470736691004,148.2610641176758,704.8229635645409,193.21377218990708,-192.1854259278304,596.1630157787117,1074.3274706460568,4199.848077686524,481.0767755145882,1124.7333475843188,6061.513782540881,-577.1415523440189,1061.2467293498012,3358.221890956971,34.83664326321984,1950.0117955773817,193.33968276741965,345.3823458826464,1568.8426975392365,1108.4629374437318,483.24546818967303,125.86452115706426,-96.98223001407891,148.43086421376813,367.3599444234392,504.8015495426527,-9.133961406815118,1223.3665421048224,2122.588412187525,-0.478216881329849,885.8814425497044,200.32062993514694,-30.4307628709789,-46.00534068901976,61.298718967251425,-46.32540919903778,632.3057420606027,967.9636401241933,119.82022234487356,62.74977878184843,25.92925817016922,165.83273708781084,2171.04848263731,547.4614569851857,1680.398011910302,529.3559469435197,87.86440850782463,417.28795982000537,-60.4920110948714,511.5195364510626,139.99847672051428,401.36256876711735,-305.5101242326007,243.2492881942297,964.8154730744998,128.18394007305253,17.02407866392239,28.439883111041933,83.58226638158759,-92.00459910464623,363.7894326484752
27,2718.413762573109,798.241317151242,-1.4604795288280465,629.9071989837578,327.8110085814727,-142.01619109715628,-35.21833753244036,1069.0771917746679,273.75015013551297,247.13937930688098,-363.8062719207435,1294.180875463297,-51.95283852587728,1174.4900192284695,-39.68363376755232,106.60294407287024,-1.5242920714169759,423.47930905441376,-238.57493387983573,151.37620626424302,-103.65780605322702,-730.997049899449,49.12929031750739,6.130853239365926,-38.282903313409285,187.25004213326977,-7.36782261154228,-39.77238591766893,1685.8591621057656,282.9504853581071,67.71171092986603,30.427190758712264,225.18003910631936,76.33017460784902,1719.7532579369213,90.90320415297116,2585.952186896166,145.2614099538751,129.30110388215928,-1284.4118159576217,844.4138194119756,-1513.6610090339539,56.44545987853228,359.3473335524287,-1576.5449388299337,-527.1876201774273,4208.756488587619,1607.5014538081302,23.16233261397206,2197.5306595707216,138.22998507221143,-311.35334553903556,1937.670075779807,3768.636212015474,1099.6589333672678,62.41021359759635,37.06404177773505,-108.53222406747211,188.21650195931912,1590.7116121524753,155.72085630282382,454.73941708309604,7298.263002886116,-71.86254302924642,753.4624534817423,168.34124952241092,-16.83080767076207,-119.88571029065052,70.90316104785623,-59.423271097045344,105.24238586289657,1807.7418250304024,449.3730087905588,155.92858789316617,203.71317213701502,339.8263303342716,1482.5775613853123,1577.8131234975292,3949.0913775736944,-612.1902199472572,-78.52127684507653,948.5077560219125,-79.23027667801543,903.9248585585843,-73.35614484461169,441.9312706442642,-254.77940539624527,757.9977448906996,53.54230668333349,230.32028904047462,-104.22616713552223,54.3423692003835,77.07219726555759,-139.20063017847957,1171.172899877822
28,751.9497057334411,-6.534875949854277,204.66733744642096,44.72096376681824,4178.310472490676,-221.20391154231228,7.896395281086619,103.50762657540257,581.6057419662459,4724.548107446342,-490.1361665644897,50.26314849456942,-9.918225958329305,972.6368883149046,-54.56284144765984,4.236218253705716,200.17881578577308,-25.52048583871655,1192.4838756930067,1506.9871906960484,-144.5085350929431,-255.18667535951892,155.74989344224068,-19.8785201475423,129.87223177329372,109.32466065302634,-300.2770747191227,403.73674080362116,917.7816506720944,79.89325241337862,350.64756496280313,-35.87546345831592,120.81471993196091,17.70805982376545,1643.0514891183843,82.9847410732049,191.29624746742826,77.686274511879,-137.20761108392225,-279.4308740385681,3914.1790436475976,4843.208159952278,-159.83272177602714,1716.9112624575682,10287.03271884226,-571.9900147105317,2453.797740827063,-91.81916331939614,-139.03363757251284,1036.5778252116531,313.4323652345053,548.8187508194379,1006.3737651359585,451.29539113803884,307.23365674930756,86.50575340576444,215.1154609647472,-72.31814321514503,151.9824304245371,-63.48844341212613,-95.03397659633524,10.784532318686582,1803.446034832238,-46.95965805838224,814.6720876184653,206.06222044031506,-13.44770258266162,-49.462824603663506,88.37005412058257,-25.104419715211826,761.7187182532074,723.1531143711107,1.7134732192009259,-0.003985682268859452,-8.167040096795246,39.62289053412432,13.77648917163312,-254.70779109564532,1207.2595908031244,1157.6080861466037,140.26900284382415,241.6208186112949,-45.034902652401826,225.72114183151498,7.916504743796531,303.0918356933727,-295.6452940228249,2.3944976961077065,1138.5609058994742,-3.4746028136607183,-203.04006740283236,26.71426933989106,129.9572013087837,-22.21126143129546,32.77481313108242
29,13.180494428732345,-62.81946753402914,37.43346338084543,10.210632705727923,2200.0280940652606,-73.39987829753822,-29.772175065501408,8.272627174423187,605.4242857227622,2305.1428051591447,-113.3518995273885,-69.18790645282382,64.36762672436075,81.13996233572496,-212.68732877394473,-121.2780278572006,3.518702285828063,-124.46454682402553,97.16906709532519,1373.8456089895994,-82.789316067722,687.8221120567448,57.54939004614062,-73.27147360978961,-144.8882011505779,210.10785029920726,156.26018816564599,102.16861476015475,-95.10147910790258,234.57545785945692,279.1369953532845,113.2042505376978,17.200178874835363,-1.3881659385150082,-197.7269464299082,23.42004267318928,79.8314100481867,-75.52517397468684,-154.5756611350466,-1036.0495142521752,3706.878621111957,-147.42648337284749,-80.44456027114552,232.78576128986967,2778.920557467816,-479.805163257866,2934.015909134506,370.28081043475646,-271.4868835230991,-122.26343713238278,133.12734671492885,-35.034991320018754,-69.80222201423203,-87.89793980660632,184.24058716112688,2.9752231411497103,42.71133795589478,-5.7757010854817095,232.56838394429406,13.54864608686126,-126.46086807531502,76.02719289560456,81.66810268820342,24.811453417487368,776.1522156621737,102.80651842836582,-3.7269998526845143,-47.213686641816224,53.16254646224442,-42.72122169147038,449.5911049556773,388.56987208244425,-85.54404472400489,-21.978755539276985,-14.808888680508453,-2.283842040779433,1.173661396986779,-499.37917812936735,18.36697934060684,1429.6767315692032,-118.08025952802853,-35.208455144949035,-7.181366921974405,-170.3290589876573,361.4589289376747,-26.69118494806453,-62.90859737526771,-104.93572629326134,5.692565880212836,-130.50907441022287,-330.1985722621483,125.15728143149092,95.52610470455988,-69.88069134186156,-205.27586498146636
30,291.8610940773906,199.7377411195348,381.9029333562502,445.2942531344016,6088.9173186375,148.19885598337513,32.66436509574482,202.19598362920442,1851.2773794592283,7631.9576512863805,-443.8338028157639,27.65716944226775,-53.282779096299656,801.6734359578622,136.50398408641593,412.9833569630491,307.78377187204205,49.55795235741957,15.10810656334329,2603.9310880691814,52.59265253182118,-0.8417305154624745,172.96997278940748,12.812917966789035,351.46549102043986,133.84270399255536,206.6080865669513,620.6269716086231,754.202558540698,4775.200263152751,679.7721847406508,36.25712654001424,173.650658409171,119.11058897827614,2190.998235885321,131.5965259658261,-5.776053301068898,55.438477138242376,140.3258814258303,-564.5006968095133,1834.5653268045571,7271.1540447129,509.73325841544363,-72.30977338596965,12816.341141479486,-524.7671084360301,5513.015445901268,636.4842502229167,-129.89109625834251,1408.3117973339329,755.2203395238998,1285.3454462380848,914.0436460501986,527.3761685866875,774.3303465529441,200.49209137864406,12.50880925969171,505.91494137376526,198.54163458765535,245.0244279195303,-41.8001383148046,-0.49331238336639954,1457.8255809033035,40.711802551467954,2182.1829554384863,448.195486159838,24.4596504115498,-7.890476368279144,220.67725295567777,144.26866610888203,1241.6286894372909,205.98479800194193,8.559809166267097,7.079575088419802,47.22083053467315,-34.705420170641545,-24.557635136061997,-473.850862768004,1389.349534007223,2131.6260518914924,346.3705164144348,477.3017146664579,-3.0248026011869498,162.4552641969858,82.7405211559921,71.63483213196488,-235.25995687879126,-28.29532979332349,1594.7098259000234,166.54084962884315,-298.5698834897281,98.02347282197807,332.3217396467555,55.80575674645668,184.61830885713107
31,1799.1573068283105,121.26540385159807,17.465588408462718,560.3279669415278,177.81649192574193,-278.8363463035284,-31.64331670081049,570.8589509110654,413.60940381305704,318.25324483664906,-442.76678505075574,631.6634365357685,-11.196895642754537,776.4292827687698,-112.4177043943663,177.39891648369522,61.82720382573551,62.98132012958901,266.4196344902148,167.46077919421617,-139.01802195183336,-662.3509160737283,75.06073408431624,-118.28664518979674,91.71148635943398,306.68328082958203,585.1856777134432,-54.965232276390665,1806.9826508900208,1.0649435985032676,93.36076525501481,-42.38733924444555,119.08144664973219,198.35594788986447,2301.089659760263,141.11700660869369,1150.8601978230517,160.61036942213795,-184.69513351111232,-1168.882858218868,-878.2614948878197,-1871.792760955984,1291.0503208426999,1060.8177171994976,-1952.9209936948619,-535.8466759284318,1973.295154412853,3762.716079129793,-202.34977259734816,2403.2827908623453,227.9627350028615,221.8593237684273,1822.2494686368148,2010.797821344263,941.7969227716716,45.22871140558134,-109.72647237179527,579.1621050876946,289.5331943671254,612.3334986106864,88.20237396557505,1539.213263973774,4686.113622760565,35.37071548078406,577.702152717738,119.8974819953649,-18.230897043289787,-78.19011913413536,68.25590829454535,-47.11596056609602,124.18371100990525,1044.024429061543,107.85909285753958,85.2906898548502,43.968438659165216,142.8941734296358,2518.2547839270546,698.3916876680794,2935.2164279928893,-203.27851855522914,-126.42078345798811,881.6930230784994,-50.18860347045198,398.3132397937553,19.063917288173975,315.29718687278887,-280.267661938042,544.9248204085138,1003.9672331220861,81.77693583923751,-217.25989567070351,22.9982003898564,54.93346957761322,-117.00779071181653,568.8497657240943
32,715.7028377481511,-4.858226249426951,230.7617883050124,42.84388693482654,2279.218484599786,40.45859709093184,-27.480146389466906,18.195962100140942,1303.058236843832,3305.73428894461,-424.82022209763755,-28.075138457574774,24.0236886882207,587.9568707760761,-141.78750667045242,-89.74488636837266,142.5192327985394,-168.00505859370773,1464.3735862631067,1303.9231582777259,-278.99080312462524,-222.68632453382278,132.51655954543997,-113.43589778959873,219.38457624025187,174.2986808011732,-161.00172527643963,353.775986960728,715.0408190194266,3469.370190127989,299.43250439981426,-43.27378215599269,117.38171643601052,46.56514908249939,2154.356214341582,105.58870439507426,-48.93931567032763,-21.784699680199697,-245.98340840706376,-1262.7821856202675,-475.98088376434464,891.4100028960205,-87.37823913025103,2044.503258687521,1609.7223856550365,-518.2407914148814,2566.2449614922634,248.9943425546544,-106.23041545869279,975.7661286752187,534.293541478073,887.4972550561608,768.0886657128668,104.21288829899399,331.99295560939123,225.07505370673408,290.56055727845586,-35.24750963837373,229.77294315824963,-99.19335111226302,-184.7203654059755,80.8155762439915,643.9789274426031,-8.728574091289234,1327.4438823117418,502.13648693988046,-37.62661632406287,-48.19870437041867,216.9086169636742,106.05543347935235,698.2927521448229,544.0588586439519,-28.40603794996302,-6.92688419463409,-32.07298428306852,46.88642266330139,59.5318693325858,-134.05463060662026,783.624481803321,1079.5500927781193,-45.5941761596699,24.33002600507165,-22.430843610762913,-115.0803264976784,47.66335656080375,32.77131357711781,-179.53474175622142,-103.8962696091202,1005.4643460764963,-80.49700702997777,-285.5154032038877,43.95569121947184,139.17078406836222,-70.11187694713045,-89.24392974916346
33,2666.392460475752,315.9199881089336,157.02018887944692,284.88954469752025,308.866174646977,-104.17866805682678,-34.76207109690775,581.9770855863834,701.3607303275986,717.0506815405358,-396.3335523649524,850.3090647254264,60.4685167325579,851.2903965259146,-112.7401668826268,144.90208009947673,84.68107174050064,92.83529608485173,-139.25289414015336,357.2850743488566,-178.6086914246672,-560.4946847262622,51.82447759426572,-135.52729850303734,141.88970690436526,356.9255141061031,685.3914152396507,95.62065891162057,1417.525010688216,958.0905413086844,242.83690359802208,-68.42642705659254,222.128964382249,67.2565810225874,2548.8018774485804,162.610861453986,1407.6052205488468,159.586571148401,-198.20275605147677,-1530.2857434870687,-667.4014122654286,-1703.4557998525086,272.9148922948069,454.37383688802146,-1624.890527138342,-559.3409596973218,934.2799803821048,3569.2498292209243,-111.14351332060421,2351.5660317865463,421.93342998939085,103.12797471634781,1462.121662091759,2450.889018985431,1255.2804950996413,177.85129839755322,-6.928497946642009,586.8420426264421,324.6695113252415,944.3820157120016,198.3772186573195,1233.0035278393696,4942.667074809832,110.21643161361723,751.4874790750298,232.83824361379968,-30.972170319994035,-86.88035631773947,121.22900615621563,-18.63712371431434,284.08476925589235,1205.4048250406502,172.0478028439271,92.24430410246909,-5.691556972734641,212.3579239702394,2052.7280950765826,1153.3432021751944,3573.2925502573435,-111.15329540319769,-146.5026289430872,1014.3017371106907,-71.6540737310466,470.58544451831955,67.2630446105985,199.25392815784016,-249.55038917190691,808.8131869539699,908.9491379786234,90.12699072769891,-191.73966868320736,8.452273144178019,79.9081008542257,-118.37985438634534,757.562977103359
34,2015.5116436820426,1090.729612106165,143.07389867508556,450.55019910200514,2926.4238170677568,364.689575675466,-58.36137871732712,586.0749176218502,562.9747197151897,2558.702413279753,-160.8839693820206,989.9864788002417,-85.02182727291267,563.695326824015,653.9282903420216,469.4103783974477,146.84346170178478,234.0183444080745,-116.73609510593154,342.76289630329455,-248.58969531097227,-671.9537495066655,-51.14002527383268,-143.56686927863106,-112.12544326784797,73.26241517226889,-9.30066211591443,621.9808918429184,330.1552641659016,2509.632754760621,214.02320897196967,274.7718024544498,275.7333083086059,34.4404115853303,527.8990462893333,63.84376840212677,2723.3449059019536,-72.34522939687005,774.8125449519313,98.95370743551128,2450.7946039489634,4435.976568992477,191.62208066702237,644.7888128663792,8733.91172024992,-488.4409462754438,8537.23755260118,-34.751810829551836,61.670729342510526,255.78790030095203,387.14388309643266,511.3782914869931,887.7029060682282,2682.899340455218,900.4683322750114,62.449520344227466,-126.92016726483382,-95.67826935364366,91.3907120663728,2334.5729094705457,-55.98078668703555,-4.7455276263116835,5700.916045536933,-90.73008271789153,2027.715434722609,21.428973071676253,-49.52089605672603,-113.00662125987894,37.61083349893364,-107.71926476645197,335.0915126348387,2261.353797987217,759.9605965882047,135.83720549163692,60.60414638428975,482.82029632848474,-190.83316418954394,2615.782122443819,1639.485776473478,-664.7444789037392,480.6814105652714,-81.46877913593009,-79.84204019590366,665.3530772758394,-144.6836276038059,-13.789139131087298,-260.6809767401465,681.0184669237603,600.8156626082558,272.41582397613416,-341.7289908879835,140.0185538781083,87.12412378219308,-147.29290571037174,1037.1401495186867
35,2755.9156790033194,118.79557593100127,150.2446356596337,230.38166128781944,905.8561787312824,-124.9063772294785,-33.75389750471532,290.6247776370041,759.6805039579802,661.8685593995218,-415.52670019764486,743.091096565551,-40.166956855864,497.0502949435148,-74.16421969717233,87.84805899252318,72.51870773442414,-19.669749459678204,755.0577796192101,10.032714089033359,-233.15916210911485,-748.6195520805495,7.779256028058385,-74.37790558485315,27.017654810284522,196.67584404239852,242.4926396162486,279.00020493148884,1372.546910818385,172.02651860096344,-2.1162593497329123,109.1924347701307,6.597429524667388,73.19568148741624,1954.9184433932185,43.344378542922335,1484.0763997692072,63.928309396443,-70.93308041114197,-1023.51981522911,-420.3905190913529,252.32357725368084,786.597705247761,1731.4286485041455,2788.6500548281865,-576.1052569530109,4241.50046056673,2372.6499216753223,-14.623190285401783,1895.863027633258,203.69631858699185,-123.18686899594486,1455.4053229214198,2170.8484395807945,833.8148670719602,-34.30538274856756,-119.83271945565376,354.9694251482627,200.289632096139,956.4912920809381,-0.8607671269148309,864.7239893822459,6979.687825737506,5.865132787773517,836.9417731683125,52.53822022299723,-41.47810344027822,-95.30503124840705,94.97966512975049,-11.548765207461743,72.79281656252945,1557.592628900401,47.92243611821306,91.72212535435811,-16.870762235367902,101.37078290500624,1498.9078220749373,1379.4343767721268,2759.5551118187414,-603.8733268025541,67.93559851299199,671.3740264410266,-41.843938635554586,116.46979711871869,-108.7894437682515,173.3557277643136,-277.79318218924334,571.4791757259216,623.5931148894284,-18.16412375608994,-364.7328232336581,78.19871751472714,4.8107297507492355,-77.9588728167925,597.3374365093146
36,1426.1434152589973,383.0118083993241,-98.17392718870366,919.609118254372,1567.6387692981036,-112.58035353936172,-38.54689753956115,791.3889825851351,-138.9589373817825,914.1471640865641,-338.0253951467213,986.5839544481146,-31.65809069380209,745.4669582718985,-140.6197260241351,141.262524837623,-51.35021014818742,128.33529940585004,401.5866634989885,332.4975647215868,-347.082767980995,-857.0025567063474,-24.90899587685804,-50.46442740898333,-285.4151979791603,370.3896055188967,402.12255172062595,-33.79687026013752,793.3650959114464,238.1305560640743,103.48443586930321,253.7654781454692,37.02019405135652,174.74439318651525,1439.8069633450534,54.60166183008302,1588.998658319099,189.17753962836449,-173.62094917519983,-778.8465284145982,795.3760280913796,-13.748254881841465,703.3326965141357,-37.37579938230196,4522.709070951426,-546.2608007146139,3754.4263028590894,2410.5614427180626,-140.46347024079495,769.7056468160342,-78.91174755492297,33.41638592580951,923.9179904695626,2407.2141188922697,1890.0544675226831,-21.470035525795897,1179.4036226585229,316.0291137397373,263.27308580855686,1348.347489060898,191.92745163146557,927.8918447524218,3359.337475344919,-43.86280609051794,985.2282797220565,6.52584803352676,-49.883289233129936,-71.91785632588766,-39.93243749128763,-110.47070479107117,127.63769372994933,1348.6560616715867,202.1868530139291,111.42921156580415,114.73769099743373,240.3145271322039,1903.0333042889472,1845.27376317226,2534.0260367205374,-789.7893484064816,337.216862060138,721.4210954392565,-65.20965969091597,427.07294217166975,30.672307856641044,252.8058681503552,-39.781910983561495,847.3625368534576,47.64225914248181,117.6853952542937,-22.875099821046607,128.69931504981378,-25.979117659013554,-100.33912017423492,784.4818318283577
37,2364.2602512045323,78.57394963754385,121.93051024376184,525.7077851006133,937.6227054181537,-210.656272364526,-34.078251789552226,540.052340967075,218.01489690490473,831.2203187646217,-481.7354834211519,878.2779479309638,-72.9689971301259,699.4797070838528,5.645037151012522,86.19188593131699,36.484969418357764,94.47141880023354,488.7907208443424,-22.38588708092926,-260.1792096732396,-813.6019959102547,5.633675749781314,-69.2251136328312,-246.397171923446,147.16875539094548,341.61622309464684,-19.16762001298134,1166.207040564551,1044.866609488622,-28.634186970371204,240.69286490019897,-20.823782376781097,145.59150157641434,1450.6031294132854,40.41361664210068,1965.1736963034507,136.49847531249708,-3.5971595921357093,-896.8261013962699,1473.9968709490042,238.49252855472736,1195.1741629324652,-20.52462930874382,3172.030610061082,-576.8124916143216,6014.417233629964,2620.7368564070057,169.91705946536953,979.4003508894527,-6.37268650986643,48.5040324911465,1508.5233872495521,2776.562164112141,2347.033920224652,-221.1082017664081,1269.4434314359905,279.2707350343039,159.66667687293307,1096.3084593084627,193.9718673327202,974.1373908580173,5468.276326928992,-67.17065334471616,1392.1236602377187,-201.4850800588795,-33.85322279919811,-88.92088219732929,-46.281039113989706,-122.85593940734945,26.92844620530592,1752.7607591445178,35.74111087312843,110.86228738582307,51.03237519657273,91.85529753696197,1795.780410831697,1402.620287507738,3313.8501947485615,-509.5814103163437,8.854750338732968,792.0596245482275,-70.76175591161828,356.1333443858924,-125.80852662299486,221.3461994185828,-104.05956773218657,1656.2433562372494,130.66799512177445,32.146593899293826,-313.67599763727225,156.93607594424162,-33.53342442600173,-101.6077497804843,722.4860378142149
38,1592.3871913464664,192.91967646882946,359.9668770654523,522.9585052047321,2653.584500898063,-101.95089716096875,-6.369548701509178,943.7583401279571,131.78650314807567,3714.6052989206137,-121.76135522458247,1147.5620458093433,95.61609958017686,1636.48615475239,264.7462575577116,556.531724104085,297.9740166053705,486.809647150209,856.9445211125178,939.5144642314369,-250.16170068451973,-589.7654089532916,9.840575261070747,86.06652318669187,-206.73291350880092,509.0056335327093,918.0609334531908,530.0498532217096,1201.8879951174338,854.3896923996634,487.30789560130836,-60.39855776735156,286.79033092209744,131.37033967656998,2329.6139727544646,132.10240401705326,1621.5106722423611,386.1355192957641,44.378953819042266,598.3210420792817,419.3199396469361,3935.0109397940005,231.4600107753325,99.35514424139666,4941.835169442147,-569.4821730459043,826.2483753424042,2019.367766140379,176.33808729623757,1960.6091560709147,169.42951592572962,-334.07747789208753,1262.5685759174112,3742.9399020255014,2911.272123940089,134.64442614953072,1541.4643066562564,1036.829821566175,455.87114485834604,1230.3446180050012,444.121376563573,714.8892403002002,3559.4366101340024,-3.5512438056676823,942.4636670956365,188.87912056439677,-27.82330334114149,-66.77940214885176,40.94876430433399,-56.68895341867873,646.8415298382297,999.1043819631388,157.64973292856658,110.05194763378866,129.4619089170851,170.6494331090803,2213.467661368567,951.935086362867,5374.362919333854,537.0909908193722,77.53279832390837,2012.7772058880291,-65.20603882156543,1317.0820733004143,272.68813999526185,881.0679950738752,-86.019982269039,1752.7418980355178,205.61967697283131,247.09817683905487,2.55940475977474,24.482453430504656,93.9193255810685,-71.00915391143006,1062.8664138024735
39,12695.088428910212,91540.08630708393,24878.088818576158,98529.63032851483,14837.07363345852,46031.14661096691,66844.6615082353,52803.89441819627,10406.335935279416,363171474.98680115,1354.0859301105077,87422.89522263424,239474.1737723689,95216.95810163245,59442.37029093395,92800.34767954994,31359.112409487338,100847.20743532729,58453.21137338091,75231.68512570955,8596.443524046714,121268054.63316508,-212.4211876243792,20585.52900486837,14871.5335184293,62367.759920531855,37044.92450994023,27590.15477073439,73132.09046533104,154921.61122671262,123767.38122047062,25011.000586341706,58935.50785032479,52542.21428780606,149936.01640796667,55431.25579761756,81097.0460545428,42916.84249157451,6628.199836817561,33833.23616809314,-2.1738742021667398e+19,18921.882789122585,29955.248748503254,16871.532712296055,22474.974830871346,-526.862490762267,23699.955702751013,10121.427260668832,971.1779291211446,158161.67133156973,16716.36191085227,40953.68249634947,168466.2592452526,55895.04818169885,139788.85502636174,27260.339978534183,55907.37493118533,25918.67448651483,100084.19863980112,106442.71188681356,55756.685143382565,45233.26666970999,59766.50947203078,10807.797577816817,2.0809854316375877e+20,5481.707089111651,169.9293493244082,22798.532506337084,32480.76214389281,2493.7122937651648,53748.8243099767,121165507.65718845,109015.70469682191,16037.438937058,58218.981014375815,33377.54234072911,7066.1656580773515,12723619.68677124,187622.59950493753,12537095.581203686,363111438.2911913,80358.30768447349,4798.746562387621,73916.32470243832,48437.11011759059,38165.57593814263,49103.77968860272,95333.8968628742,47815.559495775226,57328.336974975144,28407.45032471092,156397.79128233585,29193.946632947653,7935.451044844802,131192.36533702404
40,72479.92112225489,77013.02690358351,144650.0498386332,92220.12427239862,45213.6846951637,14424.054374086301,5975.063774418856,101197.80615389852,22634499.70839161,363306716.33866423,5589.214684804314,73587.59521707801,334870.75934406684,53338.75337155881,61662.64802276365,101610.27871987887,78264.42828068613,47019.6667140104,62900.17818200372,31782.354848366125,15080.38434458602,117210254.31996422,278.93841440492093,12907.697079687036,1073.8113006914502,39101.2073806658,4812.794829937655,8462.249591816553,30361.620622324914,134872.61763810297,153925.69239167185,33161.985027774266,87942.03096181224,38255.73282123621,1315836.06977105,64048.808491264615,74056.36060563118,8660.046191382538,31400.314135697226,60628.57380105365,-1.287759940211191e+21,184215.63285405788,35722.94877737692,20997.17100755658,26499.219579987624,-562.6981340865595,35856.3930121366,22706.789082416024,18771.492008523197,63979.210009320486,82205.93818716098,101033.91239134294,30004.55120403103,104710.54413870253,39864.88175722335,27270.872705411035,78536.63977272996,2192.7582223491763,156773.08154073716,43978.96090632204,35999.045254848534,42701.212324723274,84034.78459062925,831.5265770838315,-2.7880244070414533e+21,6553.330246220805,174.2227029431627,53443.644487565805,52229.859370811915,1465.4419877834696,55731.09461542592,118171121.78165407,94635.62626623907,23616.03985644455,27908.657528283165,42884.32918024817,19326.12211817278,12006271.6631136,58374.65593657559,11747314.198568342,363109247.5723981,78445.71794509744,4754.243181537934,25953.833764516934,59091.17286881047,53593.73638512827,6679.25964073577,94968.75938321424,57633.19359247135,142162.86333135984,22678399.673881352,37530.1199217274,56720.993484162966,5722.244972918722,106863.67460171715
41,76504.30257513683,34763.38221243288,32581.156569315004,96794.40121600877,8839.582437370811,57631.96822924411,-164.0266586726759,109069.86337140141,35134.83667836528,52160.88106162894,12772.63190527683,31417.939055569736,357622.8406283975,49912.07815958443,52102.5803879184,69142.96610850692,39886.476547258164,49392.33654133426,67551.0530616246,38323.08535753805,12438.457785362254,55721997.89544606,10539.166765256872,7191.119198267469,5816.587139361523,69141.96476962647,51357.552719581225,19458.01470060817,82690.34934059734,241625.53962256003,69975.6695707443,34872.095164465565,64048.25582830686,26253.26934986111,188663.16123827198,23241.045743815168,21782.142353045085,51601.18911566721,63088.905487552904,30908.50095024933,4.501733121994296e+20,23687.694472306008,21180.881293451006,19647.09339298205,6701.640548643581,-525.1716845536355,36794.522189974596,9403.849892736702,2877.618549224295,105271.32158165383,77848.69981936901,66372.51739038277,22875.16728913249,37724.55604619735,152702.76838084374,9165.314012181183,72277.71716860574,34703.38944921423,106725.05384793183,93134.0567965094,52411.13977067584,49626.02701394799,27048.777684756737,15587.911105436282,4.208758010958316e+21,19938.309087961163,1695.6998695870498,44257.52158458589,26025.618407922044,8807.755784433091,23870.087777667242,55525572.776528545,73619.95632356788,2347.8771475833464,12847.463326929299,63760.13461331709,21606.56369599316,8487468.435712492,166939.194692271,8263381.160728739,-21.25886845160657,49858.56163602055,199.82222596884367,87338.4685287534,85770.0711030369,15691.124467625239,5579.1871814263195,67271.25672983371,34489.88794923396,126011.64353004847,65592.23794846366,100933.98585314245,48082.79700194477,4268.690334136223,21252.43185784102
42,53040.16785774351,71811.65359784909,6676.426389450172,48648.41037286454,78253.56980752262,47730.706836558056,66284.81726665422,147624.94355332057,135393.31063159354,60348.148996373115,2163.69475304442,87414.3787350608,284617.5607325609,51384.020603101104,44019.17217271213,89403.02203469066,32611.19905613792,119278.04967678069,55221.97756072814,34818.84322541483,12390.058785708794,121133251.33862464,8806.488058462293,14100.938320236011,13422.020834339854,103797.89323106274,29644.229022619125,12842.354807988664,48096.04315417638,179763.97960036085,19208.05457198728,52025.62787170307,53927.58431734357,41783.725675069414,278844379.97864866,11453.676499323794,27525.01257544109,63722.44090936791,20661.459875223336,57617.37777296241,-3.503881736947352e+18,27450.35040787,23029.14717246715,4676.2872243237825,8254.691688413883,-589.3025338725663,24462.13418538518,18526.920348057185,20264.255476232527,97896.99501027916,71423.8543135909,37828.24830725582,117250.46795833402,23206.06578792833,107183.17227172476,12797.282890658606,92322.48252776907,43870.04360373387,171440.5330149476,79654.34703890113,47565.4842098155,24832.891165444344,98545.15167815727,11898.811154199753,3.4904314288151888e+19,5381.997160555582,183.6447129457465,46701.36659260489,37708.02987059727,18514.30480075188,3932.581934083457,399807500.68966144,94860.22177139702,1478.8257724906787,29096.62138971369,48151.84739887418,19781.282813046026,731993.4857784115,90594.9543500171,517602.37593110366,20532.593083094132,116005.30533783881,361.6012424521593,87122.52771043807,105008.50353236265,41244.52374711162,4408.29413947134,134961.57636457265,32439.91639323164,83395.00397206568,158171.21799473357,128340.03899327251,34360.1359132168,5352.003800647404,105322.59798970926
43,1218.7570672432194,156.70022052709703,-161.28768170529858,-28.595002643589062,367.70328909533885,-168.53210373217308,4.81444982088379,206.44423531721895,163.21796120211786,265.8290632461972,-308.5672065439575,138.95180897377773,2.5306696064340457,-31.90598675928643,-88.54472070743519,55.538964219691195,-37.905345868676456,-10.784486468143959,212.59394598576228,133.95504411707492,43.591025510231646,-139.9192116965025,60.49667347664829,-9.224317716313006,188.80701644333777,85.18326036304595,-91.90814139550143,-100.00437136306954,337.7840704675192,2122.8232714294368,-125.44056686085592,-78.29903442160328,6.009675198476503,14.422803199519869,110.86776692502342,-29.9195793168811,1035.610480620183,5.964537277556461,142.72156259695757,-327.9983939522477,5162.681836419544,-1810.0503450621197,74.43012149277595,-75.40715366566336,1657.2935056497936,-565.8961056907679,6701.08266078111,-283.19321290203584,-85.62431262524959,317.5974614978685,223.88615659060665,-261.1542450526476,647.8127788889472,1275.3651105183053,481.1129245434211,-16.09003558013982,257.1810009399831,-27.860063037441346,-5.178315615010667,272.06972794378487,-109.41096421685967,207.27462449670728,5357.9760305999025,-25.050532491890277,1396.8450031349478,-378.17303471381325,0.905238892628756,-7.549637680504199,-32.684302689694114,-86.42047925193155,55.52223616586123,1211.2671030792533,156.89926819104463,38.19134435284162,80.98665274043378,77.45032989916567,-185.54096871839963,273.62904931890614,1323.6127657026707,-118.88985950271541,-158.77607513808056,16.123341012577946,-17.013738015249135,21.813415021626433,-11.947481518300968,22.9777388676203,-205.22068389272516,320.4425019536697,-44.65168130386075,-9.62325477468147,-201.30689802268878,-37.672133418199586,20.236700717175253,28.561516747011133,199.54793317703735
44,1062.6037149772674,91.5408099169063,-212.49914858852546,-136.6429979735921,321.65278216786885,-264.84641091937544,-6.215406489071537,83.31123134557909,169.35664842301156,325.54315363897496,-388.00741934873184,134.66799024356325,-43.10171435988436,-90.15254775892483,-84.9143815467123,2.5930486611166588,-34.11434378650269,-74.89393408485981,117.00595438208367,182.0177138570493,-59.9117824387709,-364.21678991080097,16.435671334097513,-67.56618387731513,110.70256691541788,72.54172892456106,-90.41173773920346,-77.68400514967786,359.5555237489531,2615.89858351369,-46.88026331540809,-31.451164702154326,11.164421344728106,-5.119213109391235,84.72703278854732,-39.52403734761507,665.3807530875922,-20.557588276802722,148.81479214460072,-1024.6007103596285,4753.715476278406,-1919.5294631295478,-589.7979377802022,643.9114990609489,1484.0287568431022,-577.4028328203351,7784.452449328178,-42.853979380007544,73.75978999368415,152.62237147282482,399.57739720453446,-215.2387715765014,511.8450409423331,671.4449867178851,96.49506058254426,17.35437582238231,-152.91494518686977,-49.945944362272094,10.965793340049908,252.30897272521247,-165.0773462751014,5.129591355418189,5525.162165181296,-33.63936531837818,1381.8233687651034,-311.5422295121556,-0.6935549821838227,-44.143312374925685,47.4646305526302,-66.62913728113759,93.99975007933996,995.7791990096662,13.367429064679541,56.60491723666455,34.15129890008251,-23.206007605526704,79.74310976100539,325.20158741391623,646.3265788330265,55.1418097788573,-189.28226825633791,-111.39017783821133,-22.75310726976382,-90.0551685515384,-58.79924907259402,-40.123159041791496,-256.7740697478429,-41.94648199514247,-77.90820634441432,-20.85661770967509,-394.17231716470684,-104.68172354108326,20.491518363961713,-60.89992968212755,78.27690242784773
45,1244.8037272222027,28.766640095341966,-239.86193027413663,-25.007446515816905,163.446942623576,-362.35517732981333,-2.9318859285189913,202.24238310412332,-43.01834494535082,151.41999222860824,-400.50332460376023,269.7825148752822,-104.86133137868896,-113.58708465696719,-188.90719689454878,36.41636819274622,-21.6285593489122,-34.85643420174556,496.46021808239385,16.178881164235776,52.043414446347384,-591.9256341747058,0.19104718303045484,-44.57082686426804,170.08658193104102,126.87385418750706,14.628501791675133,-76.33020084372203,698.0694613754523,1367.0378233113595,-132.117995593828,16.856288845207647,-29.56913876355829,-30.674238845484666,533.7348012561538,-32.443540984770564,623.1552080391311,26.37485113732715,9.14421167628062,-690.876920167347,1709.7042940537415,-1686.0775642358117,-459.16262265132997,1071.6744636376015,-836.0213244109519,-581.6674934976267,6026.136553830355,361.43276348165205,49.13283497377211,601.860498870733,257.426127659702,-196.1735927763868,772.2508599039039,915.0933022413901,201.7107974049042,30.93836303501859,-77.08080939428312,141.72077201700185,45.72295754561054,307.17803531972555,-65.32824889551449,137.8979389511319,5579.320669885045,-1.9447341599528252,992.790261723811,-325.1174460938473,5.256125559348406,-40.94100058975035,20.384375561564077,-78.09787951930588,80.58731801396594,884.8499186237505,3.716005058083634,77.11889610594523,52.910525265861146,43.55749854873273,438.4479369330572,410.515535307497,1334.4604856350147,-302.6702795520188,-101.18046896851718,106.19173660100981,-18.583665651754618,-80.85995956447856,-93.13672919361375,-23.56955678377468,-306.7798998549348,188.29281782088833,251.91558835269257,-4.300726498217662,-312.46501774853436,-80.29096710011416,-4.908480395965677,-45.60502321534582,169.4375726775109
46,418.4605401885965,80.96539066265979,86.09340344614331,168.73052498345263,2576.1922956709527,-301.7630729359581,8.518141184981696,72.09993741512724,747.5546088694527,2890.3223279597596,-433.8469039219948,-1.702959550591415,-62.4131219804627,277.7154798554603,-26.49692714180098,164.26922191265749,-2.0372371529565143,-18.20016126646754,-54.10480050712569,1318.2879261480562,-18.098713559042785,-131.58839638552635,109.68169531804764,-23.076959977140536,-189.38990325295003,70.06438460722082,164.78243429228368,194.69736667936021,513.2664384589776,19.469580132915556,217.47727916554007,-20.515239076887614,111.43772625562887,39.290363496455214,937.2012207075339,43.85697250729035,203.34307533191176,48.34368500482362,43.06007568331777,-1003.3271474379038,3071.5867551471315,971.1978930954117,-79.16819429694641,-57.60171557476338,4663.14852600514,-473.9776441285458,700.6920427977193,295.5829253181294,-19.16357343190584,683.3101709443114,70.52549270786093,92.05411629086746,651.66057982488,508.68715662832034,795.9913980511151,17.890435399899886,32.8764961201143,407.39830925892284,93.7147742799605,21.852928635288,-63.95553548729541,24.015164708295313,1269.5641258951223,33.61298381952963,590.8122161952068,43.100561048342826,8.831403559892195,-31.97985055118799,52.62969651442645,-53.58024491961497,529.5498906547016,437.07240638436633,21.11508732805224,14.305739142646493,3.731577485129287,164.30951463827685,129.2884372958071,-458.1769501110585,1096.0318752018761,1136.5489131499264,-51.27950925167255,340.828490984902,-10.040782189698358,-8.578440460527043,2.152530182562161,45.236983173083054,-227.64208332569228,35.77126395375898,398.38686254468394,39.939930647426465,-307.5517776887331,4.040576017504365,113.32034149826035,3.3746015875096087,24.894258255053213
47,69137.44028560232,88047.95540520309,189418.6542737892,55371.490944523895,57838.03615807574,21476.54702391016,1068.323212522054,108762.38497821418,20310653.690338425,17079008.084173527,20401.147099792666,52710.22960314804,56267.28563870026,92039.38218379184,46556.113757534134,55960.91821300722,39785.30853834837,12233.346849028521,90148.82979205289,16231.231621201892,5223.3238637589575,99733741.22253247,-205.6882147262887,15219.68616334481,2857.999855491919,80849.93201870857,48919.89592263556,23519.07310762215,12322.735591871424,235732.95525438988,155050.54353942952,17987.540554429477,43265.33266568395,35790.38591710339,264367714.1107275,13028.694681030145,40085.57816332342,8110.218508741269,87473.2565592247,43568.60865490962,1607397687857232.0,167593.4884273724,21172.431814262225,21138.202367063514,32605.307903766836,-522.7293023495952,59152.26958221378,6250.360307989839,24835.08739942697,32271.72548293937,27793.599611878944,47175.40625256935,219433.0654253359,62340.12187764465,56171.091114058356,7113.343959253586,124481.44585462764,57313.7964973245,150849.0014928877,66535.3347606168,70899.08321352734,26024.50845219452,45400.402144504966,25447.08758016344,1.6013407829540684e+16,2436.3700588892357,3478.7655680704665,37485.99569718939,36468.682664274784,8036.02507470307,58081.99958936342,363933274.3727878,117933.6270459208,21336.148035347378,54788.28421310592,58609.60679107149,8021.08484693208,9890585.992561964,145760.84594659656,9942026.96149973,16898177.862279657,80654.79098256046,5036.366925704645,34214.527455742005,100648.0019900078,69367.6562484771,19797.569851483673,51761.26225707165,98447.19459217737,152998.27211349952,20346656.554019645,89963.71825672657,31037.669730984373,6887.567015274635,137015.77738729876
48,67035.69891998613,49744.573333143395,73650.06240806768,25704.555414787807,16027.186989156007,59801.52777944454,176.09312287191543,74733.97757783598,25171.905125062534,203592.25011092576,4306.54207535801,31071.488632720597,407336.95587856916,63397.074197899725,77897.38573678784,63946.7522703539,54462.19688971977,36075.10141809184,21595.286542818158,117199.00164215225,10014.128019333655,129780.50546197734,10133.602674251997,6683.31808536775,12577.135440846712,105786.37209948995,50453.89514009501,24294.42250282814,29477.074736154853,19241.112297436273,42092.50367969808,27067.55858296498,59996.13617211432,27531.1769408714,34444.014115356906,19841.57151760886,60336.265446262936,55535.90911197529,91533.11081464564,18549.937901473433,1.305300965645256e+19,160938.4967433837,15864.690379000338,18010.784564915597,30483.704968152262,-538.3096207376703,34816.87340267346,7172.591984583424,4864.794842400606,61694.44858718422,49358.13347458693,88904.35030722932,59415.534132155255,30763.51011954916,74685.99775683609,16686.699209547463,41280.62694570931,36119.0805327049,110868.2985633283,53178.697313678895,63566.99806415087,50645.08155206424,24598.05872035078,24723.924879130267,1.3013057377809852e+20,22664.520549243625,3495.6047246320572,25787.12664275737,43704.876611596505,1822.348597764281,26839.008158054447,78470.95893047923,101519.12449357548,4059.6040844949607,64493.23271482407,57113.19117179838,10737.893324385748,442284.6321156817,66701.16927245483,236712.29580065585,9359.179631360254,67699.71579246386,4632.880602361849,83987.26911812898,77036.8013269168,25317.672291635983,32980.95886634598,137487.11040187048,59108.262854614855,167459.97125957996,45536.14885346476,89848.29662857174,27547.974328853863,5825.141373403514,69812.07902172167
49,98100.5104413128,53629.073739511696,134453.779775954,141424.46987099826,90889.82002479439,54667.84495138249,-55.661557021424095,119665.36187488963,11743.177544234539,363289400.3619117,18324.56784075226,32722.16076904534,26937.25185805483,38085.43375830243,83177.58525136676,85035.88486253927,33861.148889139666,32605.335001792944,77579.39190942018,35584.32122769197,4886.743293894378,262909.38358080643,10367.588815827708,14530.720773657458,1940.9493856229233,126903.37117147387,52982.32403565658,46736.1090278478,97947.5198178111,150605.0955317038,155962.08124840702,5985.276385447961,54465.525903996044,40739.22140766953,278876500.64360625,31973.10281906974,42251.65047928768,-274.2938880250857,11649.044730520736,50094.60328777527,4.432386843291937e+20,169361.35878731837,15760.040944800186,8549.50175755111,41526.73034466214,-559.0117333679649,13992.354633358305,17285.259231892265,18835.434554491723,164553.61724898696,17076.72011420355,47034.32662842319,67401.16301121523,21863.17087496553,218399.00255875147,33286.73559166638,103258.91184765392,60560.59539011826,86924.04077154916,47565.6868867175,64468.3005503803,15943.242052519325,94936.87285708175,9797.146103007635,-2.942011530312441e+21,221.61964794484945,1867.5221844770024,53232.1477151918,56038.50746808714,16554.194309957744,41467.41465083343,278761637.8295656,111309.41825159789,854.56039244622,15728.085675288776,49924.602993352855,12270.299489804842,88961.7319846157,232209.3432451597,106177.3373268833,363116164.4670657,102225.03627655988,-86.37062587813122,61519.24067617817,87026.7932613471,25527.245987297523,2285.684366691066,83812.75048823086,55740.91950703788,98583.38273645146,6406.598827560005,155904.9777684694,24435.2449184589,6837.48456664259,95187.12115208269
