name,scn_name,bus,carrier,p_nom,p_max_pu,marginal_cost,build_year,efficiency,min_up_time,min_down_time,up_time_before,down_time_before,e_nom_max,control,weight,p_nom_opt
0 biomass,eGon2035,0,biomass,111.03634450638015,0.9999999999999998,42.1081111816994,0,0.9999999999999998,0,0,0,0,inf,Slack,111.03634450638015,111.03634450638015
0 central_biomass_CHP,eGon2035,0,central_biomass_CHP,111.18055693067075,1.0,42.10930317394772,0,1.0,0,0,0,0,inf,PV,111.18055693067075,111.18055693067075
0 industrial_biomass_CHP,eGon2035,0,industrial_biomass_CHP,541.5227155860914,1.0,42.108347623305875,0,1.0,0,0,0,0,inf,PV,541.5227155860914,541.5227155860914
0 load shedding,,0,load shedding,81320320.0,1.0,10000.007979498694,0,1.0,0,0,1,0,0.0,PQ,81320320.0,81320320.0
0 oil,eGon2035,0,oil,137.0,1.0,101.84117907643947,0,1.0,0,0,0,0,inf,PV,137.0,137.0
0 reservoir,eGon2035,0,reservoir,1.9484952659304078,0.65,0.005169638116095879,0,1.0,0,0,0,0,inf,PV,1.9484952659304078,1.9484952659304078
0 run_of_river,eGon2035,0,run_of_river,93.08543274859333,0.6500000000000001,0.007063260949359872,0,1.0,0,0,0,0,inf,PV,93.08543274859333,93.08543274859333
0 solar,eGon2035,0,solar,4704.595570914344,1.0,0.018301186926021822,0,1.0,0,0,0,0,inf,PV,4704.595570914344,4704.595570914344
0 solar_rooftop,eGon2035,0,solar_rooftop,6934.055377469914,1.0,0.01804374239336692,0,1.0,0,0,0,0,inf,PV,6934.055377469914,6934.055377469914
0 wind_onshore,eGon2035,0,wind_onshore,10669.730345285483,0.9999999999999999,1.3083142559428858,0,0.9999999999999999,0,0,0,0,inf,PV,10669.730345285483,10669.730345285483
1 biomass,eGon2035,1,biomass,233.702077627811,1.0,42.10788678232429,0,1.0,0,0,0,0,inf,PV,233.702077627811,233.702077627811
1 central_biomass_CHP,eGon2035,1,central_biomass_CHP,271.35102569558484,1.0,42.10693186846325,0,1.0,0,0,0,0,inf,PV,271.35102569558484,271.35102569558484
1 industrial_biomass_CHP,eGon2035,1,industrial_biomass_CHP,1031.0253726639348,1.0,42.1079954763128,0,1.0,0,0,0,0,inf,PV,1031.0253726639348,1031.0253726639348
1 load shedding,,1,load shedding,185720280.0,1.0,10000.007936839174,0,1.0,0,0,1,0,0.0,PQ,185720280.0,185720280.0
1 oil,eGon2035,1,oil,65.6,1.0,101.84696011080571,0,1.0,0,0,0,0,inf,PV,65.6,65.6
1 others,eGon2035,1,others,400.0,1.0,0.008326306744762136,0,1.0,0,0,0,0,inf,PV,400.0,400.0
1 reservoir,eGon2035,1,reservoir,197.485998634836,0.6500000000000001,0.01054923704372173,0,1.0000000000000002,0,0,0,0,inf,PV,197.485998634836,197.485998634836
1 run_of_river,eGon2035,1,run_of_river,70.48356394933796,0.65,0.008096215084123469,0,1.0,0,0,0,0,inf,PV,70.48356394933796,70.48356394933796
1 solar,eGon2035,1,solar,1660.6855249527873,0.9999999999999999,0.017588492402776327,0,0.9999999999999999,0,0,0,0,inf,PV,1660.6855249527873,1660.6855249527873
1 solar_rooftop,eGon2035,1,solar_rooftop,18042.59530469017,1.0,0.018517574515389663,0,1.0,0,0,0,0,inf,PV,18042.59530469017,18042.59530469017
1 wind_offshore,eGon2035,1,wind_offshore,10714.0,1.0,2.5702560055936563,0,1.0,0,0,0,0,inf,PV,10714.0,10714.0
1 wind_onshore,eGon2035,1,wind_onshore,16688.153017205837,0.9999999999999999,1.3086749594006037,0,0.9999999999999999,0,0,0,0,inf,PV,16688.153017205837,16688.153017205837
2 biomass,eGon2035,2,biomass,147.52291586638108,1.0,42.10837673585927,0,1.0,0,0,0,0,inf,PV,147.52291586638108,147.52291586638108
2 central_biomass_CHP,eGon2035,2,central_biomass_CHP,127.22052772770061,1.0,42.10857531194463,0,1.0,0,0,0,0,inf,PV,127.22052772770061,127.22052772770061
2 industrial_biomass_CHP,eGon2035,2,industrial_biomass_CHP,1525.9761131939765,1.0,42.10810093830292,0,1.0,0,0,0,0,inf,PV,1525.9761131939765,1525.9761131939765
2 load shedding,,2,load shedding,113398520.0,0.9999999999999999,10000.007873123423,0,0.9999999999999999,0,0,1,0,0.0,PQ,113398520.0,113398520.0
2 others,eGon2035,2,others,106.85649517471778,0.9999999999999999,0.008627448687309355,0,0.9999999999999999,0,0,0,0,inf,PV,106.85649517471778,106.85649517471778
2 reservoir,eGon2035,2,reservoir,196.13800339213137,0.6499999999999999,0.007505953280954317,0,0.9999999999999999,0,0,0,0,inf,PV,196.13800339213137,196.13800339213137
2 run_of_river,eGon2035,2,run_of_river,2702.3746066282574,0.65,0.008065634059550741,0,1.0,0,0,0,0,inf,PV,2702.3746066282574,2702.3746066282574
2 solar,eGon2035,2,solar,11014.894760943142,1.0,0.01732291985820364,0,1.0,0,0,0,0,inf,PV,11014.894760943142,11014.894760943142
2 solar_rooftop,eGon2035,2,solar_rooftop,17120.586329670736,0.9999999999999999,0.01801251362716945,0,0.9999999999999999,0,0,0,0,inf,PV,17120.586329670736,17120.586329670736
2 wind_onshore,eGon2035,2,wind_onshore,3151.532487304839,1.0000000000000002,1.307724356840987,0,1.0000000000000002,0,0,0,0,inf,PV,3151.532487304839,3151.532487304839
3 biomass,eGon2035,3,biomass,120.77371793130558,0.9999999999999998,42.10855636598386,0,0.9999999999999998,0,0,0,0,inf,PV,120.77371793130558,120.77371793130558
3 central_biomass_CHP,eGon2035,3,central_biomass_CHP,155.7469153274711,1.0,42.107573440865174,0,1.0,0,0,0,0,inf,PV,155.7469153274711,155.7469153274711
3 industrial_biomass_CHP,eGon2035,3,industrial_biomass_CHP,1558.051359681103,1.0,42.108382051382875,0,1.0,0,0,0,0,inf,PV,1558.051359681103,1558.051359681103
3 load shedding,,3,load shedding,103066840.0,1.0,10000.00836429285,0,1.0,0,0,1,0,0.0,PQ,103066840.0,103066840.0
3 others,eGon2035,3,others,100.0,1.0,0.0038578662085752245,0,1.0,0,0,0,0,inf,PV,100.0,100.0
3 run_of_river,eGon2035,3,run_of_river,69.00680490008513,0.6499999999999999,0.008396156549440282,0,0.9999999999999998,0,0,0,0,inf,PV,69.00680490008513,69.00680490008513
3 solar,eGon2035,3,solar,2771.2093625678294,1.0000000000000002,0.01801000253620501,0,1.0000000000000002,0,0,0,0,inf,PV,2771.2093625678294,2771.2093625678294
3 solar_rooftop,eGon2035,3,solar_rooftop,9932.514625257338,1.0,0.01811100079132459,0,1.0,0,0,0,0,inf,PV,9932.514625257338,9932.514625257338
3 wind_offshore,eGon2035,3,wind_offshore,20901.0,1.0,2.564948696766454,0,1.0,0,0,0,0,inf,PV,20901.0,20901.0
3 wind_onshore,eGon2035,3,wind_onshore,27134.361217481375,1.0,1.3083176221540662,0,1.0,0,0,0,0,inf,PV,27134.361217481375,27134.361217481375
37222 load shedding,,37222,load shedding,50325280.0,1.0,10000.008189037,0,1.0,0,0,1,0,0.0,PQ,50325280.0,50325280.0
4 biomass,eGon2035,4,biomass,150.31075971028977,1.0,42.10877993009308,0,1.0,0,0,0,0,inf,PV,150.31075971028977,150.31075971028977
4 central_biomass_CHP,eGon2035,4,central_biomass_CHP,145.82656301677008,1.0,42.10896563248384,0,1.0,0,0,0,0,inf,PV,145.82656301677008,145.82656301677008
4 industrial_biomass_CHP,eGon2035,4,industrial_biomass_CHP,1064.5601390800575,0.9999999999999999,42.1081235193649,0,0.9999999999999999,0,0,0,0,inf,PV,1064.5601390800575,1064.5601390800575
4 load shedding,,4,load shedding,172472400.0,1.0,10000.008072441671,0,1.0,0,0,1,0,0.0,PQ,172472400.0,172472400.0
4 oil,eGon2035,4,oil,24.8,1.0,101.83419863104844,0,1.0,0,0,0,0,inf,PV,24.8,24.8
4 others,eGon2035,4,others,193.14350482528224,1.0,0.006282266083479749,0,1.0,0,0,0,0,inf,PV,193.14350482528224,193.14350482528224
4 reservoir,eGon2035,4,reservoir,16.159556461823463,0.65,0.007903555334329532,0,1.0,0,0,0,0,inf,PV,16.159556461823463,16.159556461823463
4 run_of_river,eGon2035,4,run_of_river,1463.843627321279,0.65,0.007698629992341821,0,1.0,0,0,0,0,inf,PV,1463.843627321279,1463.843627321279
4 solar,eGon2035,4,solar,6519.481016067171,1.0,0.018063466271372154,0,1.0,0,0,0,0,inf,PV,6519.481016067171,6519.481016067171
4 solar_rooftop,eGon2035,4,solar_rooftop,24055.67423460677,1.0,0.018070175198484733,0,1.0,0,0,0,0,inf,PV,24055.67423460677,24055.67423460677
4 wind_onshore,eGon2035,4,wind_onshore,12121.928524248937,1.0,1.3077142883823991,0,1.0,0,0,0,0,inf,PV,12121.928524248937,12121.928524248937
41648 load shedding,,41648,load shedding,33827920.0,1.0,10000.007928095092,0,1.0,0,0,1,0,0.0,PQ,33827920.0,33827920.0
42100 load shedding,,42100,load shedding,69655520.0,1.0,10000.007946862128,0,1.0,0,0,1,0,0.0,PQ,69655520.0,69655520.0
42102 load shedding,,42102,load shedding,46825840.0,1.0,10000.008010534122,0,1.0,0,0,1,0,0.0,PQ,46825840.0,46825840.0
42106 load shedding,,42106,load shedding,66822640.0,1.0,10000.007828864162,0,1.0,0,0,1,0,0.0,PQ,66822640.0,66822640.0
43534 load shedding,,43534,load shedding,48908840.0,1.0,10000.00826505302,0,1.0,0,0,1,0,0.0,PQ,48908840.0,48908840.0
43761 load shedding,,43761,load shedding,749880.0,1.0,10000.040786525162,0,1.0,0,0,1,0,0.0,PQ,749880.0,749880.0
43761 oil,eGon2035,43761,oil,84.20300295,1.0,101.8727865251626,0,1.0,0,0,0,0,inf,PV,84.20300295,84.20300295
43761 others,eGon2035,43761,others,1552.2437133000003,1.0,0.04078652516259929,0,1.0,0,0,0,0,inf,PV,1552.2437133000003,1552.2437133000003
43761 reservoir,eGon2035,43761,reservoir,8301.08374,0.65,0.04078652516259929,0,1.0,0,0,0,0,inf,PV,8301.08374,8301.08374
43761 run_of_river,eGon2035,43761,run_of_river,6217.211426,0.65,0.04078652516259929,0,1.0,0,0,0,0,inf,PV,6217.211426,6217.211426
43761 solar,eGon2035,43761,solar,22500.0,1.0,0.050786525162599294,0,1.0,0,0,0,0,inf,PV,22500.0,22500.0
43761 wind_onshore,eGon2035,43761,wind_onshore,12500.0,1.0,1.3407865251625994,0,1.0,0,0,0,0,inf,PV,12500.0,12500.0
43762 coal,eGon2035,43762,coal,615.78599922,1.0,49.3682865251626,0,1.0,0,0,0,0,inf,PV,615.78599922,615.78599922
43762 load shedding,,43762,load shedding,83320.0,1.0,10000.040786525162,0,1.0,0,0,1,0,0.0,PQ,83320.0,83320.0
43762 oil,eGon2035,43762,oil,158.2999992,1.0,101.8727865251626,0,1.0,0,0,0,0,inf,PV,158.2999992,158.2999992
43762 others,eGon2035,43762,others,1530.1999969,1.0,0.04078652516259929,0,1.0,0,0,0,0,inf,PV,1530.1999969,1530.1999969
43762 run_of_river,eGon2035,43762,run_of_river,148.1999969,0.65,0.04078652516259929,0,1.0,0,0,0,0,inf,PV,148.1999969,148.1999969
43762 solar,eGon2035,43762,solar,16443.135739999998,1.0,0.050786525162599294,0,1.0,0,0,0,0,inf,PV,16443.135739999998,16443.135739999998
43762 wind_offshore,eGon2035,43762,wind_offshore,5250.0,1.0,2.6007865251625994,0,1.0,0,0,0,0,inf,PV,5250.0,5250.0
43762 wind_onshore,eGon2035,43762,wind_onshore,7465.0490675,1.0,1.3407865251625994,0,1.0,0,0,0,0,inf,PV,7465.0490675,7465.0490675
43763 load shedding,,43763,load shedding,249960.0,1.0,10000.040786525162,0,1.0,0,0,1,0,0.0,PQ,249960.0,249960.0
43763 nuclear,eGon2035,43763,nuclear,595.0,1.0,5.2407865251626,0,1.0,0,0,0,0,inf,PV,595.0,595.0
43763 others,eGon2035,43763,others,2086.8406982,1.0,0.04078652516259929,0,1.0,0,0,0,0,inf,PV,2086.8406982,2086.8406982
43763 reservoir,eGon2035,43763,reservoir,8152.0,0.65,0.04078652516259929,0,1.0,0,0,0,0,inf,PV,8152.0,8152.0
43763 run_of_river,eGon2035,43763,run_of_river,4113.0,0.65,0.04078652516259929,0,1.0,0,0,0,0,inf,PV,4113.0,4113.0
43763 solar,eGon2035,43763,solar,14364.3525,1.0,0.050786525162599294,0,1.0,0,0,0,0,inf,PV,14364.3525,14364.3525
43763 wind_onshore,eGon2035,43763,wind_onshore,1551.0,1.0,1.3407865251625994,0,1.0,0,0,0,0,inf,PV,1551.0,1551.0
43764 coal,eGon2035,43764,coal,186.0,1.0,49.3682865251626,0,1.0,0,0,0,0,inf,PV,186.0,186.0
43764 lignite,eGon2035,43764,lignite,2967.69999245,1.0,37.605286525162605,0,1.0,0,0,0,0,inf,PV,2967.69999245,2967.69999245
43764 load shedding,,43764,load shedding,83320.0,1.0,10000.040786525162,0,1.0,0,0,1,0,0.0,PQ,83320.0,83320.0
43764 nuclear,eGon2035,43764,nuclear,4041.0,1.0,5.2407865251626,0,1.0,0,0,0,0,inf,PV,4041.0,4041.0
43764 oil,eGon2035,43764,oil,6.94999981,1.0,101.8727865251626,0,1.0,0,0,0,0,inf,PV,6.94999981,6.94999981
43764 others,eGon2035,43764,others,2289.3577880000003,1.0,0.04078652516259929,0,1.0,0,0,0,0,inf,PV,2289.3577880000003,2289.3577880000003
43764 reservoir,eGon2035,43764,reservoir,1170.3999939,0.65,0.04078652516259929,0,1.0,0,0,0,0,inf,PV,1170.3999939,1170.3999939
43764 run_of_river,eGon2035,43764,run_of_river,395.0,0.65,0.04078652516259929,0,1.0,0,0,0,0,inf,PV,395.0,395.0
43764 solar,eGon2035,43764,solar,14499.5,1.0,0.050786525162599294,0,1.0,0,0,0,0,inf,PV,14499.5,14499.5
43764 wind_onshore,eGon2035,43764,wind_onshore,7761.234055,1.0,1.3407865251625994,0,1.0,0,0,0,0,inf,PV,7761.234055,7761.234055
43765 coal,eGon2035,43765,coal,447.0,1.0,49.3682865251626,0,1.0,0,0,0,0,inf,PV,447.0,447.0
43765 load shedding,,43765,load shedding,249960.0,1.0,10000.040786525162,0,1.0,0,0,1,0,0.0,PQ,249960.0,249960.0
43765 oil,eGon2035,43765,oil,200.0,1.0,101.8727865251626,0,1.0,0,0,0,0,inf,PV,200.0,200.0
43765 others,eGon2035,43765,others,578.3999939,1.0,0.04078652516259929,0,1.0,0,0,0,0,inf,PV,578.3999939,578.3999939
43765 solar,eGon2035,43765,solar,3943.5,1.0,0.050786525162599294,0,1.0,0,0,0,0,inf,PV,3943.5,3943.5
43765 wind_offshore,eGon2035,43765,wind_offshore,4600.0,1.0,2.6007865251625994,0,1.0,0,0,0,0,inf,PV,4600.0,4600.0
43765 wind_onshore,eGon2035,43765,wind_onshore,4564.5,1.0,1.3407865251625994,0,1.0,0,0,0,0,inf,PV,4564.5,4564.5
43766 coal,eGon2035,43766,coal,320.0,1.0,49.3682865251626,0,1.0,0,0,0,0,inf,PV,320.0,320.0
43766 load shedding,,43766,load shedding,83320.0,1.0,10000.040786525162,0,1.0,0,0,1,0,0.0,PQ,83320.0,83320.0
43766 oil,eGon2035,43766,oil,212.00000001,1.0,101.8727865251626,0,1.0,0,0,0,0,inf,PV,212.00000001,212.00000001
43766 others,eGon2035,43766,others,315.20500943,1.0,0.04078652516259929,0,1.0,0,0,0,0,inf,PV,315.20500943,315.20500943
43766 solar,eGon2035,43766,solar,1690.0,1.0,0.050786525162599294,0,1.0,0,0,0,0,inf,PV,1690.0,1690.0
43766 wind_offshore,eGon2035,43766,wind_offshore,1809.0,1.0,2.6007865251625994,0,1.0,0,0,0,0,inf,PV,1809.0,1809.0
43766 wind_onshore,eGon2035,43766,wind_onshore,1300.0,1.0,1.3407865251625994,0,1.0,0,0,0,0,inf,PV,1300.0,1300.0
43767 load shedding,,43767,load shedding,249960.0,1.0,10000.040786525162,0,1.0,0,0,1,0,0.0,PQ,249960.0,249960.0
43767 nuclear,eGon2035,43767,nuclear,53597.0,1.0,5.2407865251626,0,1.0,0,0,0,0,inf,PV,53597.0,53597.0
43767 oil,eGon2035,43767,oil,76.0,1.0,101.8727865251626,0,1.0,0,0,0,0,inf,PV,76.0,76.0
43767 others,eGon2035,43767,others,4431.7999767599995,1.0,0.04078652516259929,0,1.0,0,0,0,0,inf,PV,4431.7999767599995,4431.7999767599995
43767 reservoir,eGon2035,43767,reservoir,10094.0,0.65,0.04078652516259929,0,1.0,0,0,0,0,inf,PV,10094.0,10094.0
43767 run_of_river,eGon2035,43767,run_of_river,13638.0,0.65,0.04078652516259929,0,1.0,0,0,0,0,inf,PV,13638.0,13638.0
43767 solar,eGon2035,43767,solar,60622.60725,1.0,0.050786525162599294,0,1.0,0,0,0,0,inf,PV,60622.60725,60622.60725
43767 wind_offshore,eGon2035,43767,wind_offshore,4000.0,1.0,2.6007865251625994,0,1.0,0,0,0,0,inf,PV,4000.0,4000.0
43767 wind_onshore,eGon2035,43767,wind_onshore,67433.11411380001,1.0,1.3407865251625994,0,1.0,0,0,0,0,inf,PV,67433.11411380001,67433.11411380001
43768 lignite,eGon2035,43768,lignite,18.0,1.0,37.605286525162605,0,1.0,0,0,0,0,inf,PV,18.0,18.0
43768 load shedding,,43768,load shedding,83320.0,1.0,10000.040786525162,0,1.0,0,0,1,0,0.0,PQ,83320.0,83320.0
43768 oil,eGon2035,43768,oil,194.00000001,1.0,101.8727865251626,0,1.0,0,0,0,0,inf,PV,194.00000001,194.00000001
43768 others,eGon2035,43768,others,325.0,1.0,0.04078652516259929,0,1.0,0,0,0,0,inf,PV,325.0,325.0
43768 solar,eGon2035,43768,solar,1237.9538499999999,1.0,0.050786525162599294,0,1.0,0,0,0,0,inf,PV,1237.9538499999999,1237.9538499999999
43768 wind_onshore,eGon2035,43768,wind_onshore,2404.5,1.0,1.3407865251625994,0,1.0,0,0,0,0,inf,PV,2404.5,2404.5
43769 coal,eGon2035,43769,coal,3402.0,1.0,49.3682865251626,0,1.0,0,0,0,0,inf,PV,3402.0,3402.0
43769 load shedding,,43769,load shedding,83320.0,1.0,10000.040786525162,0,1.0,0,0,1,0,0.0,PQ,83320.0,83320.0
43769 nuclear,eGon2035,43769,nuclear,5111.5,1.0,5.2407865251626,0,1.0,0,0,0,0,inf,PV,5111.5,5111.5
43769 oil,eGon2035,43769,oil,371.00000003,1.0,101.8727865251626,0,1.0,0,0,0,0,inf,PV,371.00000003,371.00000003
43769 others,eGon2035,43769,others,4700.411133,1.0,0.04078652516259929,0,1.0,0,0,0,0,inf,PV,4700.411133,4700.411133
43769 run_of_river,eGon2035,43769,run_of_river,1969.352051,0.65,0.04078652516259929,0,1.0,0,0,0,0,inf,PV,1969.352051,1969.352051
43769 solar,eGon2035,43769,solar,47966.680995,1.0,0.050786525162599294,0,1.0,0,0,0,0,inf,PV,47966.680995,47966.680995
43769 wind_offshore,eGon2035,43769,wind_offshore,19335.15,1.0,2.6007865251625994,0,1.0,0,0,0,0,inf,PV,19335.15,19335.15
43769 wind_onshore,eGon2035,43769,wind_onshore,25168.151905,1.0,1.3407865251625994,0,1.0,0,0,0,0,inf,PV,25168.151905,25168.151905
43770 load shedding,,43770,load shedding,166640.0,1.0,10000.040786525162,0,1.0,0,0,1,0,0.0,PQ,166640.0,166640.0
43771 load shedding,,43771,load shedding,83320.0,1.0,10000.040786525162,0,1.0,0,0,1,0,0.0,PQ,83320.0,83320.0
43771 nuclear,eGon2035,43771,nuclear,243.0,1.0,5.2407865251626,0,1.0,0,0,0,0,inf,PV,243.0,243.0
43771 others,eGon2035,43771,others,4310.0,1.0,0.04078652516259929,0,1.0,0,0,0,0,inf,PV,4310.0,4310.0
43771 run_of_river,eGon2035,43771,run_of_river,46.57143021,0.65,0.04078652516259929,0,1.0,0,0,0,0,inf,PV,46.57143021,46.57143021
43771 solar,eGon2035,43771,solar,20020.0,1.0,0.050786525162599294,0,1.0,0,0,0,0,inf,PV,20020.0,20020.0
43771 wind_offshore,eGon2035,43771,wind_offshore,8360.0,1.0,2.6007865251625994,0,1.0,0,0,0,0,inf,PV,8360.0,8360.0
43771 wind_onshore,eGon2035,43771,wind_onshore,13633.24947,1.0,1.3407865251625994,0,1.0,0,0,0,0,inf,PV,13633.24947,13633.24947
43772 load shedding,,43772,load shedding,83320.0,1.0,10000.040786525162,0,1.0,0,0,1,0,0.0,PQ,83320.0,83320.0
43772 others,eGon2035,43772,others,341.30299759,0.9999999999999998,0.04078652516259929,0,0.9999999999999998,0,0,0,0,inf,PV,341.30299759,341.30299759
43772 reservoir,eGon2035,43772,reservoir,36062.200194,0.65,0.04078652516259929,0,1.0,0,0,0,0,inf,PV,36062.200194,36062.200194
43772 solar,eGon2035,43772,solar,2000.0,1.0,0.050786525162599294,0,1.0,0,0,0,0,inf,PV,2000.0,2000.0
43772 wind_onshore,eGon2035,43772,wind_onshore,9217.9594595,1.0,1.3407865251625994,0,1.0,0,0,0,0,inf,PV,9217.9594595,9217.9594595
43773 coal,eGon2035,43773,coal,8437.217028500001,1.0,49.3682865251626,0,1.0,0,0,0,0,inf,PV,8437.217028500001,8437.217028500001
43773 lignite,eGon2035,43773,lignite,3505.8599857,1.0,37.605286525162605,0,1.0,0,0,0,0,inf,PV,3505.8599857,3505.8599857
43773 load shedding,,43773,load shedding,249960.0,1.0,10000.040786525162,0,1.0,0,0,1,0,0.0,PQ,249960.0,249960.0
43773 others,eGon2035,43773,others,9161.5,1.0,0.04078652516259929,0,1.0,0,0,0,0,inf,PV,9161.5,9161.5
43773 reservoir,eGon2035,43773,reservoir,362.5,0.65,0.04078652516259929,0,1.0,0,0,0,0,inf,PV,362.5,362.5
43773 run_of_river,eGon2035,43773,run_of_river,536.5,0.65,0.04078652516259929,0,1.0,0,0,0,0,inf,PV,536.5,536.5
43773 solar,eGon2035,43773,solar,22190.819985000002,1.0,0.050786525162599294,0,1.0,0,0,0,0,inf,PV,22190.819985000002,22190.819985000002
43773 wind_offshore,eGon2035,43773,wind_offshore,2400.0,1.0,2.6007865251625994,0,1.0,0,0,0,0,inf,PV,2400.0,2400.0
43773 wind_onshore,eGon2035,43773,wind_onshore,18065.333720000002,1.0,1.3407865251625994,0,1.0,0,0,0,0,inf,PV,18065.333720000002,18065.333720000002
43774 load shedding,,43774,load shedding,83320.0,1.0,10000.040786525162,0,1.0,0,0,1,0,0.0,PQ,83320.0,83320.0
43774 nuclear,eGon2035,43774,nuclear,2925.5,1.0,5.2407865251626,0,1.0,0,0,0,0,inf,PV,2925.5,2925.5
43774 others,eGon2035,43774,others,4185.0,1.0,0.04078652516259929,0,1.0,0,0,0,0,inf,PV,4185.0,4185.0
43774 reservoir,eGon2035,43774,reservoir,16630.0,0.65,0.04078652516259929,0,1.0,0,0,0,0,inf,PV,16630.0,16630.0
43774 solar,eGon2035,43774,solar,7551.0714284999995,1.0,0.050786525162599294,0,1.0,0,0,0,0,inf,PV,7551.0714284999995,7551.0714284999995
43774 wind_offshore,eGon2035,43774,wind_offshore,750.0,1.0,2.6007865251625994,0,1.0,0,0,0,0,inf,PV,750.0,750.0
43774 wind_onshore,eGon2035,43774,wind_onshore,27075.605246500003,1.0,1.3407865251625994,0,1.0,0,0,0,0,inf,PV,27075.605246500003,27075.605246500003
48623 CH4,eGon2035,48623,CH4,1223.8263116666665,1.0,30.376595360048114,0,1.0,0,0,0,0,10276424.977699999,Slack,1223.8263116666665,1223.8263116666665
48623 load shedding,,48623,load shedding,83320.0,1.0,10000.040786525162,0,1.0,0,0,1,0,0.0,PQ,83320.0,83320.0
48624 CH4,eGon2035,48624,CH4,22992.144076458335,1.0,25.6407865251626,0,1.0,0,0,0,0,5938145.446044999,Slack,22992.144076458335,22992.144076458335
48624 load shedding,,48624,load shedding,83320.0,1.0,10000.040786525162,0,1.0,0,0,1,0,0.0,PQ,83320.0,83320.0
48625 load shedding,,48625,load shedding,83320.0,1.0,10000.040786525162,0,1.0,0,0,1,0,0.0,PQ,83320.0,83320.0
48626 CH4,eGon2035,48626,CH4,1145.198149375,1.0,29.81403417183162,0,1.0,0,0,0,0,10031935.788525,Slack,1145.198149375,1145.198149375
48626 load shedding,,48626,load shedding,83320.0,1.0,10000.040786525162,0,1.0,0,0,1,0,0.0,PQ,83320.0,83320.0
48627 CH4,eGon2035,48627,CH4,3411.7605122916666,1.0,36.63637054532604,0,1.0,0,0,0,0,27624196.192675,Slack,3411.7605122916666,3411.7605122916666
48627 load shedding,,48627,load shedding,83320.0,1.0,10000.040786525162,0,1.0,0,0,1,0,0.0,PQ,83320.0,83320.0
48628 CH4,eGon2035,48628,CH4,66666.77280984167,1.0,25.6407865251626,0,1.0,0,0,0,0,102689225.3045,Slack,66666.77280984167,66666.77280984167
48628 load shedding,,48628,load shedding,83320.0,1.0,10000.040786525162,0,1.0,0,0,1,0,0.0,PQ,83320.0,83320.0
48629 CH4,eGon2035,48629,CH4,114009.58196449144,1.0,27.57325936648861,0,1.0,0,0,0,0,144936842.828125,Slack,114009.58196449144,114009.58196449144
48629 load shedding,,48629,load shedding,83320.0,1.0,10000.040786525162,0,1.0,0,0,1,0,0.0,PQ,83320.0,83320.0
48630 CH4,eGon2035,48630,CH4,91.826031,1.0,35.12388883556847,0,1.0,0,0,0,0,581746.0315599999,Slack,91.826031,91.826031
48630 load shedding,,48630,load shedding,83320.0,1.0,10000.040786525162,0,1.0,0,0,1,0,0.0,PQ,83320.0,83320.0
48631 CH4,eGon2035,48631,CH4,24654.71423279167,1.0,27.421902613649852,0,1.0,0,0,0,0,47180266.330425,Slack,24654.71423279167,24654.71423279167
48631 load shedding,,48631,load shedding,83320.0,1.0,10000.040786525162,0,1.0,0,0,1,0,0.0,PQ,83320.0,83320.0
48632 load shedding,,48632,load shedding,83320.0,1.0,10000.040786525162,0,1.0,0,0,1,0,0.0,PQ,83320.0,83320.0
48633 CH4,eGon2035,48633,CH4,14680.832195275001,1.0,30.788129269527058,0,1.0,0,0,0,0,69781520.032725,Slack,14680.832195275001,14680.832195275001
48633 load shedding,,48633,load shedding,83320.0,1.0,10000.040786525162,0,1.0,0,0,1,0,0.0,PQ,83320.0,83320.0
48634 CH4,eGon2035,48634,CH4,6417.153026700132,1.0,25.6407865251626,0,1.0,0,0,0,0,16359361.19955,Slack,6417.153026700132,6417.153026700132
48634 load shedding,,48634,load shedding,83320.0,1.0,10000.040786525162,0,1.0,0,0,1,0,0.0,PQ,83320.0,83320.0
48636 CH4,eGon2035,48636,CH4,1000000000.0,1.0,41.0172865251626,0,1.0,0,0,0,0,inf,Slack,1000000000.0,1000000000.0
48636 load shedding,,48636,load shedding,83320.0,1.0,10000.040786525162,0,1.0,0,0,1,0,0.0,PQ,83320.0,83320.0
48637 load shedding,,48637,load shedding,5082520.0,1.0,10000.007661247604,0,1.0,0,0,1,0,0.0,PQ,5082520.0,5082520.0
48679 load shedding,,48679,load shedding,6082360.0,1.0,10000.008291968357,0,1.0,0,0,1,0,0.0,PQ,6082360.0,6082360.0
48681 load shedding,,48681,load shedding,3332800.0,1.0,10000.008876080883,0,1.0,0,0,1,0,0.0,PQ,3332800.0,3332800.0
48701 load shedding,,48701,load shedding,3666080.0,1.0,10000.007232526512,0,1.0,0,0,1,0,0.0,PQ,3666080.0,3666080.0
49887 load shedding,,49887,load shedding,83320.0,1.0,10000.007044444832,0,1.0,0,0,1,0,0.0,PQ,83320.0,83320.0
5 biomass,eGon2035,5,biomass,167.15914290475698,1.0000000000000002,42.10826709681332,0,1.0000000000000002,0,0,0,0,inf,PV,167.15914290475698,167.15914290475698
5 central_biomass_CHP,eGon2035,5,central_biomass_CHP,250.25791383187834,1.0,42.10827458794251,0,1.0,0,0,0,0,inf,PV,250.25791383187834,250.25791383187834
5 industrial_biomass_CHP,eGon2035,5,industrial_biomass_CHP,886.7758387178363,1.0,42.107589717382815,0,1.0,0,0,0,0,inf,PV,886.7758387178363,886.7758387178363
5 load shedding,,5,load shedding,114481680.0,1.0,10000.007890332397,0,1.0,0,0,1,0,0.0,PQ,114481680.0,114481680.0
5 oil,eGon2035,5,oil,93.5,1.0,101.83877328727546,0,1.0,0,0,0,0,inf,PV,93.5,93.5
5 run_of_river,eGon2035,5,run_of_river,9.297758716180487,0.65,0.00819306586925818,0,1.0,0,0,0,0,inf,PV,9.297758716180487,9.297758716180487
5 solar,eGon2035,5,solar,9263.563472777532,1.0,0.01772225242786063,0,1.0,0,0,0,0,inf,PV,9263.563472777532,9263.563472777532
5 solar_rooftop,eGon2035,5,solar_rooftop,7984.574128305067,1.0,0.017888904703013492,0,1.0,0,0,0,0,inf,PV,7984.574128305067,7984.574128305067
5 wind_offshore,eGon2035,5,wind_offshore,2404.0,1.0,2.5740999564607545,0,1.0,0,0,0,0,inf,PV,2404.0,2404.0
5 wind_onshore,eGon2035,5,wind_onshore,21134.294408473528,1.0,1.308233268859121,0,1.0,0,0,0,0,inf,PV,21134.294408473528,21134.294408473528
50660 central_biomass_CHP_heat,eGon2035,50660,central_biomass_CHP_heat,0.9490000000000001,1.0,1.9952028606299226e-05,0,1.0,0,0,0,0,inf,Slack,0.9490000000000001,0.9490000000000001
50660 load shedding,,50660,load shedding,83320.0,1.0,10000.002220244858,0,1.0,0,0,1,0,0.0,PQ,83320.0,83320.0
50734 load shedding,,50734,load shedding,83320.0,1.0,10000.004982068795,0,1.0,0,0,1,0,0.0,PQ,83320.0,83320.0
50981 central_biomass_CHP_heat,eGon2035,50981,central_biomass_CHP_heat,2.89,1.0,0.005393090303663771,0,1.0,0,0,0,0,inf,Slack,2.89,2.89
50981 load shedding,,50981,load shedding,83320.0,1.0,10000.006795399762,0,1.0,0,0,1,0,0.0,PQ,83320.0,83320.0
50981 solar_thermal_collector,eGon2035,50981,solar_thermal_collector,1.0690896723566041,1.0,0.002948994915505901,0,1.0,0,0,0,0,inf,PQ,1.0690896723566041,1.0690896723566041
51723 load shedding,,51723,load shedding,83320.0,1.0,10000.01310750406,0,1.0,0,0,1,0,0.0,PQ,83320.0,83320.0
51723 solar_thermal_collector,eGon2035,51723,solar_thermal_collector,0.07089528624079464,1.0,0.02790787946081285,0,1.0,0,0,0,0,inf,PQ,0.07089528624079464,0.07089528624079464
52023 load shedding,,52023,load shedding,70238760.0,1.0,10000.007580830823,0,1.0,0,0,1,0,0.0,PQ,70238760.0,70238760.0
52025 load shedding,,52025,load shedding,49242120.0,1.0,10000.007537226546,0,1.0,0,0,1,0,0.0,PQ,49242120.0,49242120.0
52027 load shedding,,52027,load shedding,47825680.0,1.0,10000.008103598555,0,1.0,0,0,1,0,0.0,PQ,47825680.0,47825680.0
52028 load shedding,,52028,load shedding,51991680.0,1.0,10000.007693621488,0,1.0,0,0,1,0,0.0,PQ,51991680.0,51991680.0
52030 load shedding,,52030,load shedding,34077880.0,1.0,10000.007976035335,0,1.0,0,0,1,0,0.0,PQ,34077880.0,34077880.0
52038 load shedding,,52038,load shedding,66989280.0,1.0,10000.007847464936,0,1.0,0,0,1,0,0.0,PQ,66989280.0,66989280.0
63912 load shedding,,63912,load shedding,83320.0,1.0,10000.01455838469,0,1.0,0,0,1,0,0.0,PQ,83320.0,83320.0
64685 load shedding,,64685,load shedding,83320.0,1.0,10000.002452101144,0,1.0,0,0,1,0,0.0,PQ,83320.0,83320.0
64759 load shedding,,64759,load shedding,83320.0,1.0,10000.026693031863,0,1.0,0,0,1,0,0.0,PQ,83320.0,83320.0
65006 load shedding,,65006,load shedding,83320.0,1.0,10000.008077758133,0,1.0,0,0,1,0,0.0,PQ,83320.0,83320.0
65748 load shedding,,65748,load shedding,83320.0,1.0,10000.00034357523,0,1.0,0,0,1,0,0.0,PQ,83320.0,83320.0
66048 load shedding,,66048,load shedding,70238760.0,1.0,10000.00793419097,0,1.0,0,0,1,0,0.0,PQ,70238760.0,70238760.0
66050 load shedding,,66050,load shedding,49242120.0,1.0,10000.008158058017,0,1.0,0,0,1,0,0.0,PQ,49242120.0,49242120.0
66052 load shedding,,66052,load shedding,47825680.0,1.0,10000.008094565192,0,1.0,0,0,1,0,0.0,PQ,47825680.0,47825680.0
66053 load shedding,,66053,load shedding,51991680.0,1.0,10000.008134962114,0,1.0,0,0,1,0,0.0,PQ,51991680.0,51991680.0
66055 load shedding,,66055,load shedding,34077880.0,1.0,10000.0076701418,0,1.0,0,0,1,0,0.0,PQ,34077880.0,34077880.0
66063 load shedding,,66063,load shedding,66989280.0,1.0,10000.0079661787,0,1.0,0,0,1,0,0.0,PQ,66989280.0,66989280.0
69893 load shedding,,69893,load shedding,33994560.0,1.0,10000.007915059685,0,1.0,0,0,1,0,0.0,PQ,33994560.0,33994560.0
69895 load shedding,,69895,load shedding,47242440.0,1.0,10000.007977374107,0,1.0,0,0,1,0,0.0,PQ,47242440.0,47242440.0
69898 load shedding,,69898,load shedding,49158800.0,1.0,10000.008375139965,0,1.0,0,0,1,0,0.0,PQ,49158800.0,49158800.0
69900 load shedding,,69900,load shedding,66822640.0,1.0,10000.008153211978,0,1.0,0,0,1,0,0.0,PQ,66822640.0,66822640.0
69906 load shedding,,69906,load shedding,51741720.0,1.0,10000.007569526826,0,1.0,0,0,1,0,0.0,PQ,51741720.0,51741720.0
69909 load shedding,,69909,load shedding,70072120.0,0.9999999999999999,10000.00821819366,0,0.9999999999999999,0,0,1,0,0.0,PQ,70072120.0,70072120.0
69910 CH4_biogas,eGon2035,69910,CH4_biogas,132.3426,0.9999999999999999,25.60867858741238,0,0.9999999999999999,0,0,0,0,,Slack,132.3426,132.3426
69910 load shedding,,69910,load shedding,7665440.0,1.0,10000.007669921817,0,1.0,0,0,1,0,0.0,PQ,7665440.0,7665440.0
69911 CH4_biogas,eGon2035,69911,CH4_biogas,505.50108,1.0,25.605871538455798,0,1.0,0,0,0,0,,Slack,505.50107999999994,505.50108
69911 load shedding,,69911,load shedding,8915240.0,0.9999999999999999,10000.008042599899,0,0.9999999999999999,0,0,1,0,0.0,PQ,8915240.0,8915240.0
69912 CH4_NG,eGon2035,69912,CH4_NG,3062065.907085781,0.9999999999999999,40.988916115478986,0,0.9999999999999999,0,0,0,0,,Slack,3062065.9070857805,3062065.907085781
69912 CH4_biogas,eGon2035,69912,CH4_biogas,156.22275,1.0,25.608065681136058,0,1.0,0,0,0,0,,PQ,156.22275,156.22275
69912 load shedding,,69912,load shedding,7832080.0,1.0,10000.008720995635,0,1.0,0,0,1,0,0.0,PQ,7832080.0,7832080.0
69913 CH4_NG,eGon2035,69913,CH4_NG,1121947.1825035778,1.0,40.97953840773313,0,1.0,0,0,0,0,,Slack,1121947.1825035778,1121947.1825035778
69913 CH4_biogas,eGon2035,69913,CH4_biogas,185.82113999999999,1.0,25.606538120956735,0,1.0,0,0,0,0,,PQ,185.82113999999999,185.82113999999999
69913 load shedding,,69913,load shedding,12248040.0,1.0,10000.008109908626,0,1.0,0,0,1,0,0.0,PQ,12248040.0,12248040.0
69914 CH4_biogas,eGon2035,69914,CH4_biogas,474.7872,0.9999999999999999,25.607025309549847,0,0.9999999999999999,0,0,0,0,,Slack,474.7872,474.7872
69914 load shedding,,69914,load shedding,6582280.0,1.0,10000.00725876397,0,1.0,0,0,1,0,0.0,PQ,6582280.0,6582280.0
69915 CH4_biogas,eGon2035,69915,CH4_biogas,140.41095,0.9999999999999999,25.608084413557183,0,0.9999999999999999,0,0,0,0,,Slack,140.41094999999999,140.41095
69915 load shedding,,69915,load shedding,6249000.0,1.0,10000.009099823079,0,1.0,0,0,1,0,0.0,PQ,6249000.0,6249000.0
69916 CH4_biogas,eGon2035,69916,CH4_biogas,78.67994999999999,1.0,25.609060391767077,0,1.0,0,0,0,0,,Slack,78.67995,78.67994999999999
69916 load shedding,,69916,load shedding,1999680.0,1.0,10000.00781802772,0,1.0,0,0,1,0,0.0,PQ,1999680.0,1999680.0
69930 load shedding,,69930,load shedding,7665440.0,1.0,10000.008216113129,0,1.0,0,0,1,0,0.0,PQ,7665440.0,7665440.0
69931 load shedding,,69931,load shedding,8915240.0,0.9999999999999999,10000.00888999046,0,0.9999999999999999,0,0,1,0,0.0,PQ,8915240.0,8915240.0
69932 load shedding,,69932,load shedding,7832080.0,1.0,10000.008212981204,0,1.0,0,0,1,0,0.0,PQ,7832080.0,7832080.0
69933 load shedding,,69933,load shedding,12248040.0,1.0,10000.008028977567,0,1.0,0,0,1,0,0.0,PQ,12248040.0,12248040.0
69934 load shedding,,69934,load shedding,6582280.0,1.0,10000.008413233096,0,1.0,0,0,1,0,0.0,PQ,6582280.0,6582280.0
69935 load shedding,,69935,load shedding,6249000.0,1.0,10000.007556511644,0,1.0,0,0,1,0,0.0,PQ,6249000.0,6249000.0
69936 load shedding,,69936,load shedding,1999680.0,1.0,10000.007056892893,0,1.0,0,0,1,0,0.0,PQ,1999680.0,1999680.0
69937 central_biomass_CHP_heat,eGon2035,69937,central_biomass_CHP_heat,1329.6921199999997,1.0000000000000002,0.00823765965543104,0,1.0000000000000002,0,0,0,0,,Slack,1329.69212,1329.6921199999997
69937 geo_thermal,eGon2035,69937,geo_thermal,232.72009029344292,1.0,0.008153025844475937,0,1.0,0,0,0,0,,PQ,232.72009029344292,232.72009029344292
69937 load shedding,,69937,load shedding,34577800.0,1.0,10000.008005001402,0,1.0,0,0,1,0,0.0,PQ,34577800.0,34577800.0
69937 solar_thermal_collector,eGon2035,69937,solar_thermal_collector,1068.2345914350483,1.0,0.008011840609004235,0,1.0,0,0,0,0,,PQ,1068.2345914350483,1068.2345914350483
69938 central_biomass_CHP_heat,eGon2035,69938,central_biomass_CHP_heat,0.092,1.0,0.011825073401671535,0,1.0,0,0,0,0,inf,Slack,0.092,0.092
69938 load shedding,,69938,load shedding,2749560.0,1.0,10000.007116569433,0,1.0,0,0,1,0,0.0,PQ,2749560.0,2749560.0
69938 solar_thermal_collector,eGon2035,69938,solar_thermal_collector,98.48068594622984,1.0000000000000002,0.009221822014961049,0,1.0000000000000002,0,0,0,0,,PQ,98.48068594622985,98.48068594622984
69939 central_biomass_CHP_heat,eGon2035,69939,central_biomass_CHP_heat,288.3252,1.0,0.008805332530711956,0,1.0,0,0,0,0,,Slack,288.3252,288.3252
69939 geo_thermal,eGon2035,69939,geo_thermal,367.6749914014241,1.0,0.006961068594072493,0,1.0,0,0,0,0,,PQ,367.6749914014241,367.6749914014241
69939 load shedding,,69939,load shedding,44576200.0,1.0,10000.00821365618,0,1.0,0,0,1,0,0.0,PQ,44576200.0,44576200.0
69939 solar_thermal_collector,eGon2035,69939,solar_thermal_collector,1627.759069650208,1.0,0.00824171397359389,0,1.0,0,0,0,0,,PQ,1627.759069650208,1627.759069650208
69941 central_biomass_CHP_heat,eGon2035,69941,central_biomass_CHP_heat,4.136,0.9999999999999999,0.01479008962003905,0,0.9999999999999999,0,0,0,0,,Slack,4.136,4.136
69941 load shedding,,69941,load shedding,3166160.0,1.0,10000.008782087383,0,1.0,0,0,1,0,0.0,PQ,3166160.0,3166160.0
69941 solar_thermal_collector,eGon2035,69941,solar_thermal_collector,72.806717921304,0.9999999999999998,0.008247223080230294,0,0.9999999999999998,0,0,0,0,,PQ,72.80671792130399,72.806717921304
69942 central_biomass_CHP_heat,eGon2035,69942,central_biomass_CHP_heat,34.227999999999994,1.0000000000000002,0.008613002850043298,0,1.0000000000000002,0,0,0,0,,Slack,34.228,34.227999999999994
69942 geo_thermal,eGon2035,69942,geo_thermal,14.284841281502748,1.0,0.01778075753676723,0,1.0,0,0,0,0,inf,PQ,14.284841281502748,14.284841281502748
69942 load shedding,,69942,load shedding,12248040.0,1.0,10000.007469867267,0,1.0,0,0,1,0,0.0,PQ,12248040.0,12248040.0
69942 solar_thermal_collector,eGon2035,69942,solar_thermal_collector,290.45561170933416,0.9999999999999999,0.006795982496440621,0,0.9999999999999999,0,0,0,0,,PQ,290.45561170933416,290.45561170933416
69943 central_biomass_CHP_heat,eGon2035,69943,central_biomass_CHP_heat,5.039,1.0,0.0061790423638665845,0,1.0,0,0,0,0,,Slack,5.039,5.039
69943 load shedding,,69943,load shedding,1749720.0,1.0,10000.011002810448,0,1.0,0,0,1,0,0.0,PQ,1749720.0,1749720.0
69943 solar_thermal_collector,eGon2035,69943,solar_thermal_collector,29.212702888144495,1.0,0.008653427027821346,0,1.0,0,0,0,0,,PQ,29.2127028881445,29.212702888144495
69944 central_biomass_CHP_heat,eGon2035,69944,central_biomass_CHP_heat,0.662,1.0,0.009153761838564273,0,1.0,0,0,0,0,,Slack,0.662,0.662
69944 load shedding,,69944,load shedding,249960.0,1.0,10000.008947085727,0,1.0,0,0,1,0,0.0,PQ,249960.0,249960.0
69944 solar_thermal_collector,eGon2035,69944,solar_thermal_collector,4.898761835803908,1.0,0.009903544420027525,0,1.0,0,0,0,0,inf,PQ,4.898761835803908,4.898761835803908
69945 central_biomass_CHP_heat,eGon2035,69945,central_biomass_CHP_heat,138.72299999999998,1.0000000000000002,0.006171197939629284,0,1.0000000000000002,0,0,0,0,,Slack,138.723,138.72299999999998
69945 load shedding,,69945,load shedding,18080440.0,1.0,10000.00787526258,0,1.0,0,0,1,0,0.0,PQ,18080440.0,18080440.0
69945 solar_thermal_collector,eGon2035,69945,solar_thermal_collector,765.7468617671601,1.0,0.009180760399309491,0,1.0,0,0,0,0,,PQ,765.7468617671602,765.7468617671601
69946 central_biomass_CHP_heat,eGon2035,69946,central_biomass_CHP_heat,753.6894000000001,0.9999999999999999,0.008028373901549908,0,0.9999999999999999,0,0,0,0,,Slack,753.6894,753.6894000000001
69946 load shedding,,69946,load shedding,34077880.0,1.0,10000.007304719733,0,1.0,0,0,1,0,0.0,PQ,34077880.0,34077880.0
69946 solar_thermal_collector,eGon2035,69946,solar_thermal_collector,894.1679108606905,1.0,0.008159999542409629,0,1.0,0,0,0,0,,PQ,894.1679108606907,894.1679108606905
69949 central_biomass_CHP_heat,eGon2035,69949,central_biomass_CHP_heat,0.4,1.0,0.014595802989936901,0,1.0,0,0,0,0,inf,Slack,0.4,0.4
69949 load shedding,,69949,load shedding,249960.0,1.0,10000.003840069954,0,1.0,0,0,1,0,0.0,PQ,249960.0,249960.0
69949 solar_thermal_collector,eGon2035,69949,solar_thermal_collector,0.47916324656825887,1.0,0.009011058101212659,0,1.0,0,0,0,0,inf,PQ,0.47916324656825887,0.47916324656825887
69950 central_biomass_CHP_heat,eGon2035,69950,central_biomass_CHP_heat,10.678,0.9999999999999999,0.006804101093224957,0,0.9999999999999999,0,0,0,0,,Slack,10.677999999999999,10.678
69950 load shedding,,69950,load shedding,1999680.0,1.0,10000.011541196405,0,1.0,0,0,1,0,0.0,PQ,1999680.0,1999680.0
69950 solar_thermal_collector,eGon2035,69950,solar_thermal_collector,21.991707641286645,1.0,0.0075063577085784485,0,1.0,0,0,0,0,,PQ,21.991707641286645,21.991707641286645
69951 central_biomass_CHP_heat,eGon2035,69951,central_biomass_CHP_heat,29.3118,1.0,0.009651117084371691,0,1.0,0,0,0,0,,Slack,29.3118,29.3118
69951 load shedding,,69951,load shedding,2916200.0,1.0,10000.007030655752,0,1.0,0,0,1,0,0.0,PQ,2916200.0,2916200.0
69951 solar_thermal_collector,eGon2035,69951,solar_thermal_collector,205.82572367455236,1.0,0.006750064663588281,0,1.0,0,0,0,0,,PQ,205.82572367455236,205.82572367455236
69952 central_biomass_CHP_heat,eGon2035,69952,central_biomass_CHP_heat,0.8410000000000001,0.9999999999999999,0.009801273761776983,0,0.9999999999999999,0,0,0,0,,Slack,0.841,0.8410000000000001
69952 load shedding,,69952,load shedding,1083160.0,1.0,10000.00674810365,0,1.0,0,0,1,0,0.0,PQ,1083160.0,1083160.0
69952 solar_thermal_collector,eGon2035,69952,solar_thermal_collector,33.41494602914763,1.0,0.006425784492613618,0,1.0,0,0,0,0,,PQ,33.41494602914763,33.41494602914763
69953 central_biomass_CHP_heat,eGon2035,69953,central_biomass_CHP_heat,81.582,1.0,0.006700474870224686,0,1.0,0,0,0,0,,Slack,81.582,81.582
69953 load shedding,,69953,load shedding,10415000.0,1.0,10000.006795972926,0,1.0,0,0,1,0,0.0,PQ,10415000.0,10415000.0
69953 solar_thermal_collector,eGon2035,69953,solar_thermal_collector,103.70297914361792,1.0,0.007287305667544124,0,1.0,0,0,0,0,,PQ,103.70297914361792,103.70297914361792
69954 central_biomass_CHP_heat,eGon2035,69954,central_biomass_CHP_heat,491.8176,0.9999999999999999,0.00690917165736093,0,0.9999999999999999,0,0,0,0,,Slack,491.8176,491.8176
69954 geo_thermal,eGon2035,69954,geo_thermal,15.814567294230695,1.0,0.012604871289476823,0,1.0,0,0,0,0,,PQ,15.814567294230695,15.814567294230695
69954 load shedding,,69954,load shedding,16580680.0,1.0,10000.00832698918,0,1.0,0,0,1,0,0.0,PQ,16580680.0,16580680.0
69954 solar_thermal_collector,eGon2035,69954,solar_thermal_collector,868.1383113126518,1.0,0.00798901013505784,0,1.0,0,0,0,0,,PQ,868.1383113126518,868.1383113126518
69956 load shedding,,69956,load shedding,333280.0,1.0,10000.007343518497,0,1.0,0,0,1,0,0.0,PQ,333280.0,333280.0
69956 solar_thermal_collector,eGon2035,69956,solar_thermal_collector,12.082924124020133,1.0,0.012815034240504461,0,1.0,0,0,0,0,inf,PQ,12.082924124020133,12.082924124020133
69957 central_biomass_CHP_heat,eGon2035,69957,central_biomass_CHP_heat,151.0175,0.9999999999999999,0.007498855121341048,0,0.9999999999999999,0,0,0,0,,Slack,151.01749999999998,151.0175
69957 geo_thermal,eGon2035,69957,geo_thermal,499.0197324849654,0.9999999999999999,0.008872341338870387,0,0.9999999999999999,0,0,0,0,,PQ,499.0197324849654,499.0197324849654
69957 load shedding,,69957,load shedding,12248040.0,1.0,10000.008326608357,0,1.0,0,0,1,0,0.0,PQ,12248040.0,12248040.0
69957 solar_thermal_collector,eGon2035,69957,solar_thermal_collector,476.78924393518616,1.0000000000000002,0.006117098004569228,0,1.0000000000000002,0,0,0,0,,PQ,476.7892439351862,476.78924393518616
69958 central_biomass_CHP_heat,eGon2035,69958,central_biomass_CHP_heat,18.392,1.0,0.0074979728225591,0,1.0,0,0,0,0,,Slack,18.392,18.392
69958 load shedding,,69958,load shedding,2332960.0,1.0,10000.006335015189,0,1.0,0,0,1,0,0.0,PQ,2332960.0,2332960.0
69958 solar_thermal_collector,eGon2035,69958,solar_thermal_collector,28.402971659797323,1.0,0.0085370082666182,0,1.0,0,0,0,0,,PQ,28.402971659797323,28.402971659797323
69959 central_biomass_CHP_heat,eGon2035,69959,central_biomass_CHP_heat,4458.5289999999995,1.0,0.0075642862821626135,0,1.0,0,0,0,0,,Slack,4458.5289999999995,4458.5289999999995
69959 load shedding,,69959,load shedding,10914920.0,1.0,10000.007872922371,0,1.0,0,0,1,0,0.0,PQ,10914920.0,10914920.0
69959 solar_thermal_collector,eGon2035,69959,solar_thermal_collector,197.28191075497287,0.9999999999999999,0.007291737172558865,0,0.9999999999999999,0,0,0,0,,PQ,197.28191075497284,197.28191075497287
69960 central_biomass_CHP_heat,eGon2035,69960,central_biomass_CHP_heat,2.98,1.0,0.004752509270158107,0,1.0,0,0,0,0,inf,Slack,2.98,2.98
69960 load shedding,,69960,load shedding,249960.0,1.0,10000.005835283439,0,1.0,0,0,1,0,0.0,PQ,249960.0,249960.0
69961 load shedding,,69961,load shedding,333280.0,1.0,10000.014019383856,0,1.0,0,0,1,0,0.0,PQ,333280.0,333280.0
69961 solar_thermal_collector,eGon2035,69961,solar_thermal_collector,1.126489210682717,1.0,0.010522167223136442,0,1.0,0,0,0,0,inf,PQ,1.126489210682717,1.126489210682717
69963 central_biomass_CHP_heat,eGon2035,69963,central_biomass_CHP_heat,19.14,1.0,0.00496528760976193,0,1.0,0,0,0,0,,Slack,19.14,19.14
69963 geo_thermal,eGon2035,69963,geo_thermal,4.619110577767425,1.0,0.0076816406176103795,0,1.0,0,0,0,0,inf,PQ,4.619110577767425,4.619110577767425
69963 load shedding,,69963,load shedding,916520.0,1.0,10000.005971786639,0,1.0,0,0,1,0,0.0,PQ,916520.0,916520.0
69963 solar_thermal_collector,eGon2035,69963,solar_thermal_collector,25.322268756533173,1.0,0.010174351534148356,0,1.0,0,0,0,0,,PQ,25.322268756533177,25.322268756533173
69964 load shedding,,69964,load shedding,34577800.0,1.0,10000.007815331359,0,1.0,0,0,1,0,0.0,PQ,34577800.0,34577800.0
69965 load shedding,,69965,load shedding,2749560.0,1.0,10000.006806272513,0,1.0,0,0,1,0,0.0,PQ,2749560.0,2749560.0
69966 load shedding,,69966,load shedding,44576200.0,1.0,10000.008177039,0,1.0,0,0,1,0,0.0,PQ,44576200.0,44576200.0
69967 load shedding,,69967,load shedding,3166160.0,1.0,10000.009421276003,0,1.0,0,0,1,0,0.0,PQ,3166160.0,3166160.0
69968 load shedding,,69968,load shedding,12248040.0,1.0,10000.007701018189,0,1.0,0,0,1,0,0.0,PQ,12248040.0,12248040.0
69969 load shedding,,69969,load shedding,1749720.0,1.0,10000.008033345763,0,1.0,0,0,1,0,0.0,PQ,1749720.0,1749720.0
69970 load shedding,,69970,load shedding,249960.0,1.0,10000.01956593166,0,1.0,0,0,1,0,0.0,PQ,249960.0,249960.0
69971 load shedding,,69971,load shedding,18080440.0,1.0,10000.007807279622,0,1.0,0,0,1,0,0.0,PQ,18080440.0,18080440.0
69972 load shedding,,69972,load shedding,34077880.0,1.0,10000.007887325288,0,1.0,0,0,1,0,0.0,PQ,34077880.0,34077880.0
69973 load shedding,,69973,load shedding,249960.0,1.0,10000.002345035437,0,1.0,0,0,1,0,0.0,PQ,249960.0,249960.0
69974 load shedding,,69974,load shedding,1999680.0,1.0,10000.007542275249,0,1.0,0,0,1,0,0.0,PQ,1999680.0,1999680.0
69975 load shedding,,69975,load shedding,2916200.0,1.0,10000.009531333792,0,1.0,0,0,1,0,0.0,PQ,2916200.0,2916200.0
69976 load shedding,,69976,load shedding,1083160.0,1.0,10000.00933915927,0,1.0,0,0,1,0,0.0,PQ,1083160.0,1083160.0
69977 load shedding,,69977,load shedding,10415000.0,1.0,10000.007904417143,0,1.0,0,0,1,0,0.0,PQ,10415000.0,10415000.0
69978 load shedding,,69978,load shedding,16580680.0,1.0,10000.007666414496,0,1.0,0,0,1,0,0.0,PQ,16580680.0,16580680.0
69979 load shedding,,69979,load shedding,333280.0,1.0,10000.008383467846,0,1.0,0,0,1,0,0.0,PQ,333280.0,333280.0
69980 load shedding,,69980,load shedding,12248040.0,1.0,10000.007648890314,0,1.0,0,0,1,0,0.0,PQ,12248040.0,12248040.0
69981 load shedding,,69981,load shedding,2332960.0,1.0,10000.007164044755,0,1.0,0,0,1,0,0.0,PQ,2332960.0,2332960.0
69982 load shedding,,69982,load shedding,10914920.0,1.0,10000.00742917491,0,1.0,0,0,1,0,0.0,PQ,10914920.0,10914920.0
69983 load shedding,,69983,load shedding,249960.0,1.0,10000.004914741867,0,1.0,0,0,1,0,0.0,PQ,249960.0,249960.0
69984 load shedding,,69984,load shedding,333280.0,1.0,10000.011307067321,0,1.0,0,0,1,0,0.0,PQ,333280.0,333280.0
69985 load shedding,,69985,load shedding,916520.0,1.0,10000.009840201246,0,1.0,0,0,1,0,0.0,PQ,916520.0,916520.0
0 OCGT,,0,OCGT,243.57142857142858,1.0,10.714285714285715,0,0.42,0,0,1,0,,PV,1.0,243.57142857142858
0 central_gas_CHP,,0,central_gas_CHP,7501.263324607911,1.0,4.109956238047538,0,0.43,0,0,1,0,,PV,1.0,7501.263324607911
0 industrial_gas_CHP,,0,industrial_gas_CHP,1096.7807212945345,1.0,4.15,0,0.43,0,0,1,0,,PV,1.0,1096.7807212945345
1 OCGT,,1,OCGT,6819.047619047619,1.0,10.714285714285715,0,0.42000000000000004,0,0,1,0,,PV,1.0,6819.047619047619
1 central_gas_CHP,,1,central_gas_CHP,20687.66704806713,1.0,4.1287337101103665,0,0.43,0,0,1,0,,PV,1.0,20687.66704806713
1 industrial_gas_CHP,,1,industrial_gas_CHP,7691.274015580389,1.0,4.15,0,0.43,0,0,1,0,,PV,1.0,7691.274015580389
2 OCGT,,2,OCGT,4869.047619047619,1.0,10.714285714285715,0,0.42,0,0,1,0,,PV,1.0,4869.047619047619
2 central_gas_CHP,,2,central_gas_CHP,8567.284883678862,1.0,4.1258741268234695,0,0.43,0,0,1,0,,PV,1.0,8567.284883678862
2 industrial_gas_CHP,,2,industrial_gas_CHP,2096.8756606933503,1.0,4.15,0,0.43,0,0,1,0,,PV,1.0,2096.8756606933503
3 OCGT,,3,OCGT,1439.2857142857144,1.0,10.714285714285715,0,0.42,0,0,1,0,,PV,1.0,1439.2857142857144
3 central_gas_CHP,,3,central_gas_CHP,10346.699306076536,1.0,4.117090198506869,0,0.43,0,0,1,0,,PV,1.0,10346.699306076536
3 industrial_gas_CHP,,3,industrial_gas_CHP,2600.553231848475,1.0,4.15,0,0.43,0,0,1,0,,PV,1.0,2600.553231848475
4 OCGT,,4,OCGT,1653.8095238095239,1.0,10.714285714285715,0,0.42,0,0,1,0,,PV,1.0,1653.8095238095239
4 central_gas_CHP,,4,central_gas_CHP,16312.865353348643,1.0,4.123866396480909,0,0.43,0,0,1,0,,PV,1.0,16312.865353348643
4 industrial_gas_CHP,,4,industrial_gas_CHP,6452.54547018728,1.0,4.15,0,0.43,0,0,1,0,,PV,1.0,6452.54547018728
5 OCGT,,5,OCGT,436.6666666666667,1.0,10.714285714285715,0,0.42,0,0,1,0,,PV,1.0,436.6666666666667
5 central_gas_CHP,,5,central_gas_CHP,16121.323327066297,1.0,4.124900739841391,0,0.43,0,0,1,0,,PV,1.0,16121.323327066297
5 industrial_gas_CHP,,5,industrial_gas_CHP,1823.8940002890465,1.0,4.15,0,0.43,0,0,1,0,,PV,1.0,1823.8940002890465
