name,scn_name,bus0,bus1,carrier,p_nom,p_nom_extendable,p_nom_max,capital_cost,length,type,efficiency,p_nom_min,p_min_pu,marginal_cost,p_nom_opt,country,build_year,lifetime,min_up_time,min_down_time,up_time_before,down_time_before,p_nom_mod,marginal_cost_quadratic,stand_by_cost,start_up_cost,shut_down_cost,ramp_limit_start_up,ramp_limit_shut_down
0,eGon2035,0,41648,dsm,328.19088077938176,False,inf,0.0,0.0,,1.0,0.0,0.0,0.0,328.19088077938176,,0.0,,0.0,0.0,1.0,0.0,,,,,,,
1,eGon2035,0,48701,power_to_H2,0.0,True,inf,131.77832952639568,0.0,,0.7,0.0,0.0,0.0,2.799599708690915e-08,,0.0,31.0,0.0,0.0,1.0,0.0,,,,,,,
2,eGon2035,0,50660,central_resistive_heater,0.1802218705504377,False,inf,0.0,0.0,,1.0,0.0,0.0,0.0,0.1802218705504377,,0.0,inf,0.0,0.0,1.0,0.0,,,,,,,
3,eGon2035,0,52030,rural_heat_pump,3065.6681621557054,False,inf,0.0,0.0,,1.0,0.0,0.0,0.0,3065.6681621557054,,0.0,,0.0,0.0,1.0,0.0,,,,,,,
4,eGon2035,0,69893,BEV charger,5160.499589920044,False,inf,0.0,0.0,,0.9,0.0,0.0,0.0,5160.499589920044,,0.0,,0.0,0.0,1.0,0.0,,,,,,,
5,eGon2035,0,69930,power_to_H2,0.0,True,inf,131.77832952639568,0.0,,0.7,0.0,0.0,0.0,2105.3779468654175,,0.0,31.0,0.0,0.0,1.0,0.0,,,,,,,
6,eGon2035,0,69931,power_to_H2,0.0,True,inf,131.77832952639568,0.0,,0.7,0.0,0.0,0.0,6.209040985224513e-07,,0.0,31.0,0.0,0.0,1.0,0.0,,,,,,,
7,eGon2035,0,69934,power_to_H2,0.0,True,inf,131.77832952639568,0.0,,0.7,0.0,0.0,0.0,3.4386300709083467e-06,,0.0,31.0,0.0,0.0,1.0,0.0,,,,,,,
8,eGon2035,0,69945,central_heat_pump,99.64363899177016,False,inf,0.0,0.0,,1.0,0.0,0.0,0.0,99.64363899177016,,0.0,,0.0,0.0,1.0,0.0,,,,,,,
9,eGon2035,0,69945,central_resistive_heater,90.95369719053015,False,inf,0.0,0.0,,1.0,0.0,0.0,0.0,90.95369719053015,,0.0,,0.0,0.0,1.0,0.0,,,,,,,
10,eGon2035,0,69949,central_resistive_heater,0.11431758803265064,False,inf,0.0,0.0,,1.0,0.0,0.0,0.0,0.11431758803265064,,0.0,,0.0,0.0,1.0,0.0,,,,,,,
11,eGon2035,0,69951,central_heat_pump,35.07032784796696,False,inf,0.0,0.0,,1.0,0.0,0.0,0.0,35.07032784796696,,0.0,,0.0,0.0,1.0,0.0,,,,,,,
12,eGon2035,0,69951,central_resistive_heater,35.02631899454187,False,inf,0.0,0.0,,1.0,0.0,0.0,0.0,35.02631899454187,,0.0,,0.0,0.0,1.0,0.0,,,,,,,
13,eGon2035,0,69956,central_heat_pump,0.6195417584840748,False,inf,0.0,0.0,,1.0,0.0,0.0,0.0,0.6195417584840748,,0.0,inf,0.0,0.0,1.0,0.0,,,,,,,
14,eGon2035,0,69956,central_resistive_heater,0.26002183577147825,False,inf,0.0,0.0,,1.0,0.0,0.0,0.0,0.26002183577147825,,0.0,,0.0,0.0,1.0,0.0,,,,,,,
15,eGon2035,1,42100,dsm,1197.6411488612541,False,inf,0.0,0.0,,1.0,0.0,0.0,0.0,1197.6411488612541,,0.0,,0.0,0.0,1.0,0.0,,,,,,,
16,eGon2035,1,48681,power_to_H2,0.0,True,inf,131.77832952639568,0.0,,0.7,0.0,0.0,0.0,2.7821867729349356e-08,,0.0,31.0,0.0,0.0,1.0,0.0,,,,,,,
17,eGon2035,1,50734,central_heat_pump,5.353797102438375,False,inf,0.0,0.0,,1.0,0.0,0.0,0.0,5.353797102438375,,0.0,,0.0,0.0,1.0,0.0,,,,,,,
18,eGon2035,1,50734,central_resistive_heater,6.876441482446564,False,inf,0.0,0.0,,1.0,0.0,0.0,0.0,6.876441482446564,,0.0,,0.0,0.0,1.0,0.0,,,,,,,
19,eGon2035,1,50981,central_heat_pump,0.05481667258608949,False,inf,0.0,0.0,,1.0,0.0,0.0,0.0,0.05481667258608949,,0.0,inf,0.0,0.0,1.0,0.0,,,,,,,
20,eGon2035,1,50981,central_resistive_heater,0.017349765443066215,False,inf,0.0,0.0,,1.0,0.0,0.0,0.0,0.017349765443066215,,0.0,inf,0.0,0.0,1.0,0.0,,,,,,,
21,eGon2035,1,52023,rural_heat_pump,8866.947452770688,False,inf,0.0,0.0,,1.0,0.0,0.0,0.0,8866.947452770688,,0.0,,0.0,0.0,1.0,0.0,,,,,,,
22,eGon2035,1,69909,BEV charger,15842.501391023397,False,inf,0.0,0.0,,0.9,0.0,0.0,0.0,15842.501391023397,,0.0,,0.0,0.0,1.0,0.0,,,,,,,
23,eGon2035,1,69930,power_to_H2,0.0,True,1.0,131.77832952639568,0.0,,0.7,0.0,0.0,0.0,3.1726976283891553e-07,,0.0,31.0,0.0,0.0,1.0,0.0,,,,,,,
24,eGon2035,1,69932,power_to_H2,0.0,True,inf,131.77832952639568,0.0,,0.7,0.0,0.0,0.0,3.0081837788235486e-07,,0.0,31.0,0.0,0.0,1.0,0.0,,,,,,,
25,eGon2035,1,69933,power_to_H2,0.0,True,inf,131.77832952639568,0.0,,0.7,0.0,0.0,0.0,1985.2603317119654,,0.0,31.0,0.0,0.0,1.0,0.0,,,,,,,
26,eGon2035,1,69946,central_heat_pump,223.48500679529946,False,inf,0.0,0.0,,1.0,0.0,0.0,0.0,223.48500679529946,,0.0,,0.0,0.0,1.0,0.0,,,,,,,
27,eGon2035,1,69946,central_resistive_heater,256.41463717524886,False,inf,0.0,0.0,,1.0,0.0,0.0,0.0,256.41463717524886,,0.0,,0.0,0.0,1.0,0.0,,,,,,,
28,eGon2035,1,69952,central_heat_pump,1.6436187071783923,False,inf,0.0,0.0,,1.0,0.0,0.0,0.0,1.6436187071783923,,0.0,,0.0,0.0,1.0,0.0,,,,,,,
29,eGon2035,1,69952,central_resistive_heater,0.45194607830853084,False,inf,0.0,0.0,,1.0,0.0,0.0,0.0,0.45194607830853084,,0.0,,0.0,0.0,1.0,0.0,,,,,,,
30,eGon2035,1,69953,central_heat_pump,6.400061515069954,False,inf,0.0,0.0,,1.0,0.0,0.0,0.0,6.400061515069954,,0.0,,0.0,0.0,1.0,0.0,,,,,,,
31,eGon2035,1,69953,central_resistive_heater,7.92127694367336,False,inf,0.0,0.0,,1.0,0.0,0.0,0.0,7.92127694367336,,0.0,,0.0,0.0,1.0,0.0,,,,,,,
32,eGon2035,1,69960,central_resistive_heater,0.4346856586555776,False,inf,0.0,0.0,,1.0,0.0,0.0,0.0,0.4346856586555776,,0.0,,0.0,0.0,1.0,0.0,,,,,,,
33,eGon2035,2,43534,dsm,1016.7645098651528,False,inf,0.0,0.0,,1.0,0.0,0.0,0.0,1016.7645098651528,,0.0,,0.0,0.0,1.0,0.0,,,,,,,
34,eGon2035,2,52025,rural_heat_pump,5774.682444798248,False,inf,0.0,0.0,,1.0,0.0,0.0,0.0,5774.682444798248,,0.0,,0.0,0.0,1.0,0.0,,,,,,,
35,eGon2035,2,69898,BEV charger,11197.538990557194,False,inf,0.0,0.0,,0.9,0.0,0.0,0.0,11197.538990557194,,0.0,,0.0,0.0,1.0,0.0,,,,,,,
36,eGon2035,2,69930,power_to_H2,0.0,True,3.0,131.77832952639568,0.0,,0.6999999999999998,0.0,0.0,0.0,2.8616348064013455e-07,,0.0,31.0,0.0,0.0,1.0,0.0,,,,,,,
37,eGon2035,2,69935,power_to_H2,0.0,True,inf,131.77832952639568,0.0,,0.7,0.0,0.0,0.0,722.4272886183047,,0.0,31.0,0.0,0.0,1.0,0.0,,,,,,,
38,eGon2035,2,69937,central_heat_pump,137.00517238145542,False,inf,0.0,0.0,,1.0,0.0,0.0,0.0,137.00517238145542,,0.0,,0.0,0.0,1.0,0.0,,,,,,,
39,eGon2035,2,69937,central_resistive_heater,132.8484557537889,False,inf,0.0,0.0,,1.0,0.0,0.0,0.0,132.8484557537889,,0.0,,0.0,0.0,1.0,0.0,,,,,,,
40,eGon2035,2,69941,central_heat_pump,3.123742780569159,False,inf,0.0,0.0,,1.0,0.0,0.0,0.0,3.123742780569159,,0.0,,0.0,0.0,1.0,0.0,,,,,,,
41,eGon2035,2,69941,central_resistive_heater,0.8774922526434182,False,inf,0.0,0.0,,1.0,0.0,0.0,0.0,0.8774922526434182,,0.0,,0.0,0.0,1.0,0.0,,,,,,,
42,eGon2035,2,69943,central_heat_pump,1.2112055418815835,False,inf,0.0,0.0,,1.0,0.0,0.0,0.0,1.2112055418815835,,0.0,,0.0,0.0,1.0,0.0,,,,,,,
43,eGon2035,2,69943,central_resistive_heater,0.4139999653904012,False,inf,0.0,0.0,,1.0,0.0,0.0,0.0,0.4139999653904012,,0.0,,0.0,0.0,1.0,0.0,,,,,,,
44,eGon2035,3,42102,dsm,623.3359544910458,False,inf,0.0,0.0,,1.0,0.0,0.0,0.0,623.3359544910458,,0.0,,0.0,0.0,1.0,0.0,,,,,,,
45,eGon2035,3,43774,DC,600.0,True,2400.0,1729.7867039216405,977.763530128873,,1.0,600.0,-1.0,0.0,600.0000000002846,,0.0,inf,0.0,0.0,1.0,0.0,,,,,,,
46,eGon2035,3,48679,power_to_H2,0.0,True,inf,131.77832952639568,0.0,,0.7,0.0,0.0,0.0,2.8049973116872227e-08,,0.0,31.0,0.0,0.0,1.0,0.0,,,,,,,
47,eGon2035,3,51723,central_resistive_heater,0.004868991462451051,False,inf,0.0,0.0,,1.0,0.0,0.0,0.0,0.004868991462451051,,0.0,inf,0.0,0.0,1.0,0.0,,,,,,,
48,eGon2035,3,52027,rural_heat_pump,4569.37000390432,False,inf,0.0,0.0,,1.0,0.0,0.0,0.0,4569.37000390432,,0.0,,0.0,0.0,1.0,0.0,,,,,,,
49,eGon2035,3,69895,BEV charger,8273.536457508802,False,inf,0.0,0.0,,0.9,0.0,0.0,0.0,8273.536457508802,,0.0,,0.0,0.0,1.0,0.0,,,,,,,
50,eGon2035,3,69931,power_to_H2,0.0,True,8.0,131.77832952639568,0.0,,0.7,0.0,0.0,0.0,7.999999859667491,,0.0,31.0,0.0,0.0,1.0,0.0,,,,,,,
51,eGon2035,3,69932,power_to_H2,0.0,True,inf,131.77832952639568,0.0,,0.7,0.0,0.0,0.0,834.90902449944,,0.0,31.0,0.0,0.0,1.0,0.0,,,,,,,
52,eGon2035,3,69933,power_to_H2,0.0,True,1.0,131.77832952639568,0.0,,0.7,0.0,0.0,0.0,0.9999999860377877,,0.0,31.0,0.0,0.0,1.0,0.0,,,,,,,
53,eGon2035,3,69936,power_to_H2,0.0,True,inf,131.77832952639568,0.0,,0.7,0.0,0.0,0.0,194.7635775337678,,0.0,31.0,0.0,0.0,1.0,0.0,,,,,,,
54,eGon2035,3,69957,central_heat_pump,91.80744324704666,False,inf,0.0,0.0,,1.0,0.0,0.0,0.0,91.80744324704666,,0.0,,0.0,0.0,1.0,0.0,,,,,,,
55,eGon2035,3,69957,central_resistive_heater,102.61604796318464,False,inf,0.0,0.0,,1.0,0.0,0.0,0.0,102.61604796318464,,0.0,,0.0,0.0,1.0,0.0,,,,,,,
56,eGon2035,3,69959,central_heat_pump,35.51912337712241,False,inf,0.0,0.0,,1.0,0.0,0.0,0.0,35.51912337712241,,0.0,,0.0,0.0,1.0,0.0,,,,,,,
57,eGon2035,3,69959,central_resistive_heater,40.812054970585294,False,inf,0.0,0.0,,1.0,0.0,0.0,0.0,40.812054970585294,,0.0,,0.0,0.0,1.0,0.0,,,,,,,
58,eGon2035,3,69961,central_resistive_heater,0.0786376981618101,False,inf,0.0,0.0,,1.0,0.0,0.0,0.0,0.0786376981618101,,0.0,,0.0,0.0,1.0,0.0,,,,,,,
59,eGon2035,3,69963,central_heat_pump,2.687872181719014,False,inf,0.0,0.0,,1.0,0.0,0.0,0.0,2.687872181719014,,0.0,,0.0,0.0,1.0,0.0,,,,,,,
60,eGon2035,3,69963,central_resistive_heater,3.149819106608944,False,inf,0.0,0.0,,1.0,0.0,0.0,0.0,3.149819106608944,,0.0,,0.0,0.0,1.0,0.0,,,,,,,
61,eGon2035,4,42106,dsm,1598.6341021384578,False,inf,0.0,0.0,,1.0,0.0,0.0,0.0,1598.6341021384578,,0.0,,0.0,0.0,1.0,0.0,,,,,,,
62,eGon2035,4,49887,central_heat_pump,2.3876295405082346,False,inf,0.0,0.0,,1.0,0.0,0.0,0.0,2.3876295405082346,,0.0,,0.0,0.0,1.0,0.0,,,,,,,
63,eGon2035,4,49887,central_resistive_heater,3.0823190560579423,False,inf,0.0,0.0,,1.0,0.0,0.0,0.0,3.0823190560579423,,0.0,,0.0,0.0,1.0,0.0,,,,,,,
64,eGon2035,4,50734,central_heat_pump,0.1398244023085465,False,inf,0.0,0.0,,1.0,0.0,0.0,0.0,0.1398244023085465,,0.0,inf,0.0,0.0,1.0,0.0,,,,,,,
65,eGon2035,4,50734,central_resistive_heater,0.17959110177239926,False,inf,0.0,0.0,,1.0,0.0,0.0,0.0,0.17959110177239926,,0.0,inf,0.0,0.0,1.0,0.0,,,,,,,
66,eGon2035,4,52038,rural_heat_pump,9401.326426796935,False,inf,0.0,0.0,,1.0,0.0,0.0,0.0,9401.326426796935,,0.0,,0.0,0.0,1.0,0.0,,,,,,,
67,eGon2035,4,69900,BEV charger,17497.294925272465,False,inf,0.0,0.0,,0.9000000000000001,0.0,0.0,0.0,17497.294925272465,,0.0,,0.0,0.0,1.0,0.0,,,,,,,
68,eGon2035,4,69930,power_to_H2,0.0,True,inf,131.77832952639568,0.0,,0.7,0.0,0.0,0.0,2.8640585765914313e-07,,0.0,31.0,0.0,0.0,1.0,0.0,,,,,,,
69,eGon2035,4,69933,power_to_H2,0.0,True,inf,131.77832952639568,0.0,,0.6999999999999998,0.0,0.0,0.0,2.0027237607109487e-06,,0.0,31.0,0.0,0.0,1.0,0.0,,,,,,,
70,eGon2035,4,69935,power_to_H2,0.0,True,5.0,131.77832952639568,0.0,,0.7,0.0,0.0,0.0,0.2597867100372118,,0.0,31.0,0.0,0.0,1.0,0.0,,,,,,,
71,eGon2035,4,69938,central_heat_pump,4.113128844653297,False,inf,0.0,0.0,,1.0,0.0,0.0,0.0,4.113128844653297,,0.0,,0.0,0.0,1.0,0.0,,,,,,,
72,eGon2035,4,69938,central_resistive_heater,1.2809319470582816,False,inf,0.0,0.0,,1.0,0.0,0.0,0.0,1.2809319470582816,,0.0,,0.0,0.0,1.0,0.0,,,,,,,
73,eGon2035,4,69939,central_heat_pump,150.85468575001877,False,inf,0.0,0.0,,1.0,0.0,0.0,0.0,150.85468575001877,,0.0,,0.0,0.0,1.0,0.0,,,,,,,
74,eGon2035,4,69939,central_resistive_heater,120.41456372258375,False,inf,0.0,0.0,,1.0,0.0,0.0,0.0,120.41456372258375,,0.0,,0.0,0.0,1.0,0.0,,,,,,,
75,eGon2035,4,69942,central_heat_pump,29.431914781515275,False,inf,0.0,0.0,,1.0,0.0,0.0,0.0,29.431914781515275,,0.0,,0.0,0.0,1.0,0.0,,,,,,,
76,eGon2035,4,69942,central_resistive_heater,24.901474960815115,False,inf,0.0,0.0,,1.0,0.0,0.0,0.0,24.901474960815115,,0.0,,0.0,0.0,1.0,0.0,,,,,,,
77,eGon2035,4,69944,central_heat_pump,39.02696799665019,False,inf,0.0,0.0,,1.0,0.0,0.0,0.0,39.02696799665019,,0.0,inf,0.0,0.0,1.0,0.0,,,,,,,
78,eGon2035,4,69944,central_resistive_heater,49.50202240343486,False,inf,0.0,0.0,,1.0,0.0,0.0,0.0,49.50202240343486,,0.0,,0.0,0.0,1.0,0.0,,,,,,,
79,eGon2035,43762,43769,DC,0.0,True,0.0,249.40452191776683,542.4840827461112,,1.0,0.0,-1.0,0.010608893260563735,0.0,,0.0,inf,0.0,0.0,1.0,0.0,,,,,,,
80,eGon2035,43765,43766,DC,600.0,True,2400.0,116.09807813629232,168.37927618101847,,1.0,600.0,-1.0,0.00910228999189938,600.0000000044188,,0.0,inf,0.0,0.0,1.0,0.0,,,,,,,
81,eGon2035,43765,43769,DC,0.0,True,0.0,708.6215708120751,810.1641263072428,,1.0,0.0,-1.0,0.010383478690140533,0.0,,0.0,inf,0.0,0.0,1.0,0.0,,,,,,,
82,eGon2035,43765,43771,DC,0.0,True,0.0,335.53928995160845,485.2908958318637,,1.0,0.0,-1.0,0.010988884892469955,0.0,,0.0,inf,0.0,0.0,1.0,0.0,,,,,,,
83,eGon2035,43765,43772,DC,940.0,True,3760.0,315.4915713202762,558.5259724769619,,1.0,940.0,-1.0,0.009122941939948524,940.000000001731,,0.0,inf,0.0,0.0,1.0,0.0,,,,,,,
84,eGon2035,43765,43774,DC,850.0,True,3400.0,271.9412784693857,705.9106058086279,,1.0,850.0,-1.0,0.010534828551279539,850.0000000020527,,0.0,,0.0,0.0,1.0,0.0,,,,,,,
85,eGon2035,43766,5,DC,600.0,True,2400.0,716.3136546994448,330.87826965723673,,1.0,600.0,-1.0,0.0,600.0000000006821,,0.0,inf,0.0,0.0,1.0,0.0,,,,,,,
86,eGon2035,43767,43769,DC,2000.0,True,8000.0,316.43627120448394,807.1998278940348,,1.0,2000.0,-1.0,0.010065272946990302,7999.999999999997,,0.0,,0.0,0.0,1.0,0.0,,,,,,,
87,eGon2035,43768,43769,DC,500.0,True,2000.0,156.70252779056602,310.4723882783535,,1.0,500.0,-1.0,0.010246461947654868,1840.9978920906876,,0.0,,0.0,0.0,1.0,0.0,,,,,,,
88,eGon2035,43769,43771,DC,1000.0,True,4000.0,321.8356540281457,515.4257544954448,,1.0,1000.0,-1.0,0.01051664063156824,3999.9999999999973,,0.0,inf,0.0,0.0,1.0,0.0,,,,,,,
89,eGon2035,43769,43772,DC,0.0,True,0.0,636.425787349144,1065.0735400123956,,1.0,0.0,-1.0,0.009320031688580132,0.0,,0.0,inf,0.0,0.0,1.0,0.0,,,,,,,
90,eGon2035,43771,43772,DC,700.0,True,2800.0,629.3983844726589,974.5374824832013,,1.0,700.0,-1.0,0.00917766700484962,700.0000000008623,,0.0,inf,0.0,0.0,1.0,0.0,,,,,,,
91,eGon2035,43773,43774,DC,600.0,True,2400.0,407.8275480904631,1030.389406833859,,1.0,600.0,-1.0,0.01026030450633768,600.0000000012319,,0.0,inf,0.0,0.0,1.0,0.0,,,,,,,
92,eGon2035,48623,48625,CH4,27125.0,False,inf,0.0,415.62221327154276,,1.0,0.0,-1.0,0.0,27125.0,,0.0,inf,0.0,0.0,1.0,0.0,,,,,,,
93,eGon2035,48623,48626,CH4,16785.0,False,inf,0.0,281.7514401453481,,1.0,0.0,-1.0,0.0,16785.0,,0.0,inf,0.0,0.0,1.0,0.0,,,,,,,
94,eGon2035,48623,69915,CH4,38766.66666666662,False,inf,0.0,148.01958530257164,,1.0,0.0,-1.0,0.0,38766.66666666662,,0.0,,0.0,0.0,1.0,0.0,,,,,,,
95,eGon2035,48624,48628,CH4,42708.3333333333,False,inf,0.0,453.73185086841903,,1.0,0.0,-1.0,0.0,42708.3333333333,,0.0,inf,0.0,0.0,1.0,0.0,,,,,,,
96,eGon2035,48624,48629,CH4,60629.1666666667,False,inf,0.0,852.7217996254446,,1.0,0.0,-1.0,0.0,60629.1666666667,,0.0,inf,0.0,0.0,1.0,0.0,,,,,,,
97,eGon2035,48624,48630,CH4,2033.33333333333,False,inf,0.0,151.7476169130087,,1.0,0.0,-1.0,0.0,2033.33333333333,,0.0,inf,0.0,0.0,1.0,0.0,,,,,,,
98,eGon2035,48624,48631,CH4,71159.6578333333,False,inf,0.0,188.68558083512778,,1.0,0.0,-1.0,0.0,71159.6578333333,,0.0,inf,0.0,0.0,1.0,0.0,,,,,,,
99,eGon2035,48624,48632,CH4,20333.3333333333,False,inf,0.0,1162.1924417440246,,1.0,0.0,-1.0,0.0,20333.3333333333,,0.0,inf,0.0,0.0,1.0,0.0,,,,,,,
100,eGon2035,48624,69913,CH4,30337.5,False,inf,0.0,99.12164782399903,,1.0,0.0,-1.0,0.0,30337.5,,0.0,inf,0.0,0.0,1.0,0.0,,,,,,,
101,eGon2035,48625,48628,CH4,20115.3704583333,False,inf,0.0,384.404341111123,,1.0,0.0,-1.0,0.0,20115.3704583333,,0.0,inf,0.0,0.0,1.0,0.0,,,,,,,
102,eGon2035,48625,69910,CH4,22904.70758333334,False,inf,0.0,104.17335296430151,,1.0,0.0,-1.0,0.0,22904.70758333334,,0.0,,0.0,0.0,1.0,0.0,,,,,,,
103,eGon2035,48626,48633,CH4,16679.1666666667,False,inf,0.0,321.7396762680511,,1.0,0.0,-1.0,0.0,16679.1666666667,,0.0,inf,0.0,0.0,1.0,0.0,,,,,,,
104,eGon2035,48626,69914,CH4,123111.38437500001,False,inf,0.0,161.92243695652397,,1.0,0.0,-1.0,0.0,123111.38437500001,,0.0,inf,0.0,0.0,1.0,0.0,,,,,,,
105,eGon2035,48626,69915,CH4,41037.128125,False,inf,0.0,197.05299122766993,,1.0,0.0,-1.0,0.0,41037.128125,,0.0,,0.0,0.0,1.0,0.0,,,,,,,
106,eGon2035,48627,48633,CH4,16579.1666666667,False,inf,0.0,776.3146853020132,,1.0,0.0,-1.0,0.0,16579.1666666667,,0.0,inf,0.0,0.0,1.0,0.0,,,,,,,
107,eGon2035,48627,48634,CH4,27125.0,False,inf,0.0,705.9106058086279,,1.0,0.0,-1.0,0.0,27125.0,,0.0,inf,0.0,0.0,1.0,0.0,,,,,,,
108,eGon2035,48627,69916,CH4,5325.0,False,inf,0.0,181.69528358037758,,1.0,0.0,-1.0,0.0,5325.0,,0.0,,0.0,0.0,1.0,0.0,,,,,,,
109,eGon2035,48628,48632,CH4,24583.3333333333,False,inf,0.0,1614.2552457929926,,1.0,0.0,-1.0,0.0,24583.3333333333,,0.0,inf,0.0,0.0,1.0,0.0,,,,,,,
110,eGon2035,48628,69910,CH4,51666.66666666664,False,inf,0.0,391.28907840519224,,1.0,0.0,-1.0,0.0,51666.66666666664,,0.0,,0.0,0.0,1.0,0.0,,,,,,,
111,eGon2035,48629,48631,CH4,20583.3333333333,False,inf,0.0,810.1198420750754,,1.0,0.0,-1.0,0.0,20583.3333333333,,0.0,inf,0.0,0.0,1.0,0.0,,,,,,,
112,eGon2035,48629,48632,CH4,62462.5,False,inf,0.0,1113.888061977508,,1.0,0.0,-1.0,0.0,62462.5,,0.0,inf,0.0,0.0,1.0,0.0,,,,,,,
113,eGon2035,48630,69910,CH4,1600.0,False,inf,0.0,28.219090250836476,,1.0,0.0,-1.0,0.0,1600.0,,0.0,inf,0.0,0.0,1.0,0.0,,,,,,,
114,eGon2035,48631,48632,CH4,40152.4166666667,False,inf,0.0,974.5374824832013,,1.0,0.0,-1.0,0.0,40152.4166666667,,0.0,inf,0.0,0.0,1.0,0.0,,,,,,,
115,eGon2035,48631,69912,CH4,16905.48620833335,False,inf,0.0,156.2373396802866,,1.0,0.0,-1.0,0.0,16905.48620833335,,0.0,,0.0,0.0,1.0,0.0,,,,,,,
116,eGon2035,48631,69913,CH4,33810.9724166667,False,inf,0.0,109.86946495546167,,1.0,0.0,-1.0,0.0,33810.9724166667,,0.0,,0.0,0.0,1.0,0.0,,,,,,,
117,eGon2035,48632,69912,CH4,51958.333333333205,False,inf,0.0,832.856619217913,,1.0,0.0,-1.0,0.0,51958.333333333205,,0.0,inf,0.0,0.0,1.0,0.0,,,,,,,
118,eGon2035,48633,48636,CH4,11479.1666666667,False,inf,0.0,1510.5442323632253,,1.0,0.0,-1.0,0.0,11479.1666666667,,0.0,inf,0.0,0.0,1.0,0.0,,,,,,,
119,eGon2035,48633,69911,CH4,2033.3333333333342,False,inf,0.0,344.49335888459433,,1.0,0.0,-1.0,0.0,2033.3333333333342,,0.0,,0.0,0.0,1.0,0.0,,,,,,,
120,eGon2035,48636,69911,CH4,193718.083333333,False,inf,0.0,1765.1698222734376,,1.0,0.0,-1.0,0.0,193718.083333333,,0.0,inf,0.0,0.0,1.0,0.0,,,,,,,
121,eGon2035,48637,5,H2_to_power,0.0,True,inf,727.3544621347563,0.0,,0.5,0.0,0.0,0.0,8.487355162631152e-09,,0.0,10.0,0.0,0.0,1.0,0.0,,,,,,,
122,eGon2035,48679,3,H2_to_power,0.0,True,inf,727.3544621347563,0.0,,0.5,0.0,0.0,0.0,8.492993153011734e-09,,0.0,10.0,0.0,0.0,1.0,0.0,,,,,,,
123,eGon2035,48681,1,H2_to_power,0.0,True,inf,727.3544621347563,0.0,,0.5,0.0,0.0,0.0,8.361091950106048e-09,,0.0,10.0,0.0,0.0,1.0,0.0,,,,,,,
124,eGon2035,48701,0,H2_to_power,0.0,True,inf,727.3544621347563,0.0,,0.5,0.0,0.0,0.0,8.470827450442544e-09,,0.0,10.0,0.0,0.0,1.0,0.0,,,,,,,
125,eGon2035,49887,63912,central_heat_store_charger,0.0,True,inf,0.0,0.0,,0.84,0.0,0.0,0.0,3.794322392342333e-08,,0.0,inf,0.0,0.0,1.0,0.0,,,,,,,
126,eGon2035,5,37222,dsm,586.0931271707582,False,inf,0.0,0.0,,1.0,0.0,0.0,0.0,586.0931271707582,,0.0,,0.0,0.0,1.0,0.0,,,,,,,
127,eGon2035,5,48637,power_to_H2,0.0,True,inf,131.77832952639568,0.0,,0.7,0.0,0.0,0.0,2.8052240131605378e-08,,0.0,31.0,0.0,0.0,1.0,0.0,,,,,,,
128,eGon2035,5,52028,rural_heat_pump,3340.72662068521,False,inf,0.0,0.0,,1.0,0.0,0.0,0.0,3340.72662068521,,0.0,,0.0,0.0,1.0,0.0,,,,,,,
129,eGon2035,5,69906,BEV charger,6545.904408186674,False,inf,0.0,0.0,,0.8999999999999999,0.0,0.0,0.0,6545.904408186674,,0.0,,0.0,0.0,1.0,0.0,,,,,,,
130,eGon2035,5,69931,power_to_H2,0.0,True,inf,131.77832952639568,0.0,,0.7,0.0,0.0,0.0,429.958627535591,,0.0,31.0,0.0,0.0,1.0,0.0,,,,,,,
131,eGon2035,5,69932,power_to_H2,0.0,True,inf,131.77832952639568,0.0,,0.7,0.0,0.0,0.0,13.069179360396609,,0.0,31.0,0.0,0.0,1.0,0.0,,,,,,,
132,eGon2035,5,69934,power_to_H2,0.0,True,inf,131.77832952639568,0.0,,0.7,0.0,0.0,0.0,611.0836656460341,,0.0,31.0,0.0,0.0,1.0,0.0,,,,,,,
133,eGon2035,5,69936,power_to_H2,0.0,True,2.0,131.77832952639568,0.0,,0.7,0.0,0.0,0.0,1.9999998114546698,,0.0,31.0,0.0,0.0,1.0,0.0,,,,,,,
134,eGon2035,5,69950,central_heat_pump,0.8533700330912476,False,inf,0.0,0.0,,1.0,0.0,0.0,0.0,0.8533700330912476,,0.0,,0.0,0.0,1.0,0.0,,,,,,,
135,eGon2035,5,69950,central_resistive_heater,6.206723614181505,False,inf,0.0,0.0,,1.0,0.0,0.0,0.0,6.206723614181505,,0.0,,0.0,0.0,1.0,0.0,,,,,,,
136,eGon2035,5,69954,central_heat_pump,270.9440211374624,False,inf,0.0,0.0,,1.0,0.0,0.0,0.0,270.9440211374624,,0.0,,0.0,0.0,1.0,0.0,,,,,,,
137,eGon2035,5,69954,central_resistive_heater,306.59247823666686,False,inf,0.0,0.0,,1.0,0.0,0.0,0.0,306.59247823666686,,0.0,,0.0,0.0,1.0,0.0,,,,,,,
138,eGon2035,5,69958,central_heat_pump,1.4207810958334606,False,inf,0.0,0.0,,1.0,0.0,0.0,0.0,1.4207810958334606,,0.0,,0.0,0.0,1.0,0.0,,,,,,,
139,eGon2035,5,69958,central_resistive_heater,3.8285687341401786,False,inf,0.0,0.0,,1.0,0.0,0.0,0.0,3.8285687341401786,,0.0,,0.0,0.0,1.0,0.0,,,,,,,
140,eGon2035,50660,64685,central_heat_store_charger,0.0,True,inf,0.0,0.0,,0.84,0.0,0.0,0.0,3.789341896874453e-08,,0.0,inf,0.0,0.0,1.0,0.0,,,,,,,
141,eGon2035,50734,64759,central_heat_store_charger,0.0,True,inf,0.0,0.0,,0.84,0.0,0.0,0.0,3.802000022958999e-08,,0.0,inf,0.0,0.0,1.0,0.0,,,,,,,
142,eGon2035,50981,65006,central_heat_store_charger,0.0,True,inf,0.0,0.0,,0.84,0.0,0.0,0.0,8.380158994146514e-05,,0.0,inf,0.0,0.0,1.0,0.0,,,,,,,
143,eGon2035,51723,65748,central_heat_store_charger,0.0,True,inf,0.0,0.0,,0.84,0.0,0.0,0.0,3.841259178423812e-08,,0.0,inf,0.0,0.0,1.0,0.0,,,,,,,
144,eGon2035,52023,66048,rural_heat_store_charger,0.0,True,inf,0.0,0.0,,0.84,0.0,0.0,0.0,2.687946903841412e-07,,0.0,,0.0,0.0,1.0,0.0,,,,,,,
145,eGon2035,52025,66050,rural_heat_store_charger,0.0,True,inf,0.0,0.0,,0.84,0.0,0.0,0.0,2.4563968411415906e-07,,0.0,,0.0,0.0,1.0,0.0,,,,,,,
146,eGon2035,52027,66052,rural_heat_store_charger,0.0,True,inf,0.0,0.0,,0.84,0.0,0.0,0.0,2.9493557762387123e-07,,0.0,,0.0,0.0,1.0,0.0,,,,,,,
147,eGon2035,52028,66053,rural_heat_store_charger,0.0,True,inf,0.0,0.0,,0.84,0.0,0.0,0.0,3.325655215790518e-07,,0.0,,0.0,0.0,1.0,0.0,,,,,,,
148,eGon2035,52030,66055,rural_heat_store_charger,0.0,True,inf,0.0,0.0,,0.84,0.0,0.0,0.0,3.0799735934059164e-07,,0.0,,0.0,0.0,1.0,0.0,,,,,,,
149,eGon2035,52038,66063,rural_heat_store_charger,0.0,True,inf,0.0,0.0,,0.84,0.0,0.0,0.0,2.4768683153842026e-07,,0.0,,0.0,0.0,1.0,0.0,,,,,,,
150,eGon2035,63912,49887,central_heat_store_discharger,0.0,True,inf,0.0,0.0,,0.84,0.0,0.0,0.0,3.8296775761223394e-08,,0.0,inf,0.0,0.0,1.0,0.0,,,,,,,
151,eGon2035,64685,50660,central_heat_store_discharger,0.0,True,inf,0.0,0.0,,0.84,0.0,0.0,0.0,3.801422364958017e-08,,0.0,inf,0.0,0.0,1.0,0.0,,,,,,,
152,eGon2035,64759,50734,central_heat_store_discharger,0.0,True,inf,0.0,0.0,,0.84,0.0,0.0,0.0,3.839522249692983e-08,,0.0,inf,0.0,0.0,1.0,0.0,,,,,,,
153,eGon2035,65006,50981,central_heat_store_discharger,0.0,True,inf,0.0,0.0,,0.84,0.0,0.0,0.0,6.99473937486629e-05,,0.0,inf,0.0,0.0,1.0,0.0,,,,,,,
154,eGon2035,65748,51723,central_heat_store_discharger,0.0,True,inf,0.0,0.0,,0.84,0.0,0.0,0.0,3.9760414668448544e-08,,0.0,inf,0.0,0.0,1.0,0.0,,,,,,,
155,eGon2035,66048,52023,rural_heat_store_discharger,0.0,True,inf,0.0,0.0,,0.84,0.0,0.0,0.0,2.0926199349242296e-07,,0.0,,0.0,0.0,1.0,0.0,,,,,,,
156,eGon2035,66050,52025,rural_heat_store_discharger,0.0,True,inf,0.0,0.0,,0.84,0.0,0.0,0.0,1.9211594872925648e-07,,0.0,,0.0,0.0,1.0,0.0,,,,,,,
157,eGon2035,66052,52027,rural_heat_store_discharger,0.0,True,inf,0.0,0.0,,0.84,0.0,0.0,0.0,2.3738610764088646e-07,,0.0,,0.0,0.0,1.0,0.0,,,,,,,
158,eGon2035,66053,52028,rural_heat_store_discharger,0.0,True,inf,0.0,0.0,,0.84,0.0,0.0,0.0,2.6575984273724464e-07,,0.0,,0.0,0.0,1.0,0.0,,,,,,,
159,eGon2035,66055,52030,rural_heat_store_discharger,0.0,True,inf,0.0,0.0,,0.84,0.0,0.0,0.0,2.4864174180423e-07,,0.0,,0.0,0.0,1.0,0.0,,,,,,,
160,eGon2035,66063,52038,rural_heat_store_discharger,0.0,True,inf,0.0,0.0,,0.84,0.0,0.0,0.0,1.9417370809026206e-07,,0.0,,0.0,0.0,1.0,0.0,,,,,,,
161,eGon2035,69910,0,central_gas_CHP,73.67099526598554,False,inf,0.0,0.0,,0.43,0.0,0.0,4.112500000000001,73.67099526598554,,0.0,inf,0.0,0.0,1.0,0.0,,,,,,,
162,eGon2035,69910,0,industrial_gas_CHP,16.67932333638327,False,inf,0.0,0.0,,0.43,0.0,0.0,4.15,16.67932333638327,,0.0,,0.0,0.0,1.0,0.0,,,,,,,
163,eGon2035,69910,1,central_gas_CHP,49.87354953988802,False,inf,0.0,0.0,,0.43,0.0,0.0,4.133125000000001,49.87354953988802,,0.0,,0.0,0.0,1.0,0.0,,,,,,,
164,eGon2035,69910,1,industrial_gas_CHP,140.06029089502653,False,inf,0.0,0.0,,0.43,0.0,0.0,4.15,140.06029089502653,,0.0,,0.0,0.0,1.0,0.0,,,,,,,
165,eGon2035,69910,2,central_gas_CHP,240.4225137058753,False,inf,0.0,0.0,,0.43,0.0,0.0,4.134598214285715,240.4225137058753,,0.0,,0.0,0.0,1.0,0.0,,,,,,,
166,eGon2035,69910,2,industrial_gas_CHP,201.5342674473047,False,inf,0.0,0.0,,0.43,0.0,0.0,4.15,201.5342674473047,,0.0,,0.0,0.0,1.0,0.0,,,,,,,
167,eGon2035,69910,4,OCGT,1653.8095238095239,False,inf,0.0,0.0,,0.42,0.0,0.0,10.714285714285715,1653.8095238095239,,0.0,,0.0,0.0,1.0,0.0,,,,,,,
168,eGon2035,69910,4,central_gas_CHP,12623.572383245555,False,inf,0.0,0.0,,0.43,0.0,0.0,4.1203389398883585,12623.572383245555,,0.0,,0.0,0.0,1.0,0.0,,,,,,,
169,eGon2035,69910,4,industrial_gas_CHP,5519.4258637912435,False,inf,0.0,0.0,,0.43,0.0,0.0,4.15,5519.4258637912435,,0.0,,0.0,0.0,1.0,0.0,,,,,,,
170,eGon2035,69910,49887,central_gas_CHP_heat,0.9299999999999999,False,inf,0.0,0.0,,2.8666666666666667,0.0,0.0,0.0,0.9299999999999999,,0.0,,0.0,0.0,1.0,0.0,,,,,,,
171,eGon2035,69910,50660,central_gas_CHP_heat,18.728,False,inf,0.0,0.0,,2.8666666666666667,0.0,0.0,0.0,18.728,,0.0,,0.0,0.0,1.0,0.0,,,,,,,
172,eGon2035,69910,50660,central_gas_boiler,4163.2551938909755,False,inf,0.0,0.0,,1.04,0.0,0.0,1.0,4163.2551938909755,,0.0,inf,0.0,0.0,1.0,0.0,,,,,,,
173,eGon2035,69910,69912,CH4,27125.0,False,inf,0.0,145.66521683947715,,1.0,0.0,-1.0,0.0,27125.0,,0.0,inf,0.0,0.0,1.0,0.0,,,,,,,
174,eGon2035,69910,69913,CH4,162750.0,False,inf,0.0,79.23506417484909,,1.0,0.0,-1.0,0.0,162750.0,,0.0,,0.0,0.0,1.0,0.0,,,,,,,
175,eGon2035,69910,69914,CH4,27125.0,False,inf,0.0,14.55967590561823,,1.0,0.0,-1.0,0.0,27125.0,,0.0,inf,0.0,0.0,1.0,0.0,,,,,,,
176,eGon2035,69910,69915,CH4,189875.0,False,inf,0.0,29.309158122616292,,1.0,0.0,-1.0,0.0,189875.0,,0.0,,0.0,0.0,1.0,0.0,,,,,,,
177,eGon2035,69910,69930,CH4_to_H2,0.0,True,inf,210.15923461737836,0.0,,0.74,0.0,0.0,0.0,1.55957667804227e-08,,0.0,25.0,0.0,0.0,1.0,0.0,,,,,,,
178,eGon2035,69910,69939,central_gas_CHP_heat,4897.78077,False,inf,0.0,0.0,,2.8666666666666667,0.0,0.0,0.0,4897.78077,,0.0,,0.0,0.0,1.0,0.0,,,,,,,
179,eGon2035,69910,69939,central_gas_boiler,1047741.3769474347,False,inf,0.0,0.0,,1.04,0.0,0.0,1.0,1047741.3769474347,,0.0,,0.0,0.0,1.0,0.0,,,,,,,
180,eGon2035,69910,69941,central_gas_CHP_heat,37.2185,False,inf,0.0,0.0,,2.8666666666666667,0.0,0.0,0.0,37.2185,,0.0,,0.0,0.0,1.0,0.0,,,,,,,
181,eGon2035,69910,69941,central_gas_boiler,20270.703923219993,False,inf,0.0,0.0,,1.04,0.0,0.0,1.0,20270.703923219993,,0.0,,0.0,0.0,1.0,0.0,,,,,,,
182,eGon2035,69910,69944,central_gas_CHP_heat,93.036,False,inf,0.0,0.0,,2.8666666666666667,0.0,0.0,0.0,93.036,,0.0,inf,0.0,0.0,1.0,0.0,,,,,,,
183,eGon2035,69910,69944,central_gas_boiler,225937.5354659716,False,inf,0.0,0.0,,1.04,0.0,0.0,1.0,225937.5354659716,,0.0,,0.0,0.0,1.0,0.0,,,,,,,
184,eGon2035,69910,69949,central_gas_CHP_heat,28.005,False,inf,0.0,0.0,,2.8666666666666667,0.0,0.0,0.0,28.005,,0.0,,0.0,0.0,1.0,0.0,,,,,,,
185,eGon2035,69910,69949,central_gas_boiler,2640.8187345765264,False,inf,0.0,0.0,,1.04,0.0,0.0,1.0,2640.8187345765264,,0.0,,0.0,0.0,1.0,0.0,,,,,,,
186,eGon2035,69910,69952,central_gas_CHP_heat,13.7355,False,inf,0.0,0.0,,2.8666666666666667,0.0,0.0,0.0,13.7355,,0.0,,0.0,0.0,1.0,0.0,,,,,,,
187,eGon2035,69910,69952,central_gas_boiler,10440.280372908817,False,inf,0.0,0.0,,1.04,0.0,0.0,1.0,10440.280372908817,,0.0,,0.0,0.0,1.0,0.0,,,,,,,
188,eGon2035,69911,0,central_gas_CHP,2093.9472539450035,False,inf,0.0,0.0,,0.43,0.0,0.0,4.109375,2093.9472539450035,,0.0,,0.0,0.0,1.0,0.0,,,,,,,
189,eGon2035,69911,0,industrial_gas_CHP,201.31633705524757,False,inf,0.0,0.0,,0.43,0.0,0.0,4.15,201.31633705524757,,0.0,,0.0,0.0,1.0,0.0,,,,,,,
190,eGon2035,69911,3,central_gas_CHP,318.94298535260066,False,inf,0.0,0.0,,0.43,0.0,0.0,4.1000000000000005,318.94298535260066,,0.0,inf,0.0,0.0,1.0,0.0,,,,,,,
191,eGon2035,69911,3,industrial_gas_CHP,18.276519137529995,False,inf,0.0,0.0,,0.43,0.0,0.0,4.15,18.276519137529995,,0.0,,0.0,0.0,1.0,0.0,,,,,,,
192,eGon2035,69911,5,OCGT,380.95238095238096,False,inf,0.0,0.0,,0.42,0.0,0.0,10.714285714285715,380.95238095238096,,0.0,inf,0.0,0.0,1.0,0.0,,,,,,,
193,eGon2035,69911,5,central_gas_CHP,13841.06180891504,False,inf,0.0,0.0,,0.43,0.0,0.0,4.120223052857507,13841.06180891504,,0.0,,0.0,0.0,1.0,0.0,,,,,,,
194,eGon2035,69911,5,industrial_gas_CHP,1150.4704392774522,False,inf,0.0,0.0,,0.43,0.0,0.0,4.15,1150.4704392774522,,0.0,,0.0,0.0,1.0,0.0,,,,,,,
195,eGon2035,69911,69912,CH4,27125.0,False,inf,0.0,211.74930765164362,,1.0,0.0,-1.0,0.0,27125.0,,0.0,inf,0.0,0.0,1.0,0.0,,,,,,,
196,eGon2035,69911,69914,CH4,488250.0,False,inf,0.0,42.76780424251512,,1.0,0.0,-1.0,0.0,488250.0,,0.0,,0.0,0.0,1.0,0.0,,,,,,,
197,eGon2035,69911,69916,CH4,27125.0,False,inf,0.0,165.9369547805347,,1.0,0.0,-1.0,0.0,27125.0,,0.0,inf,0.0,0.0,1.0,0.0,,,,,,,
198,eGon2035,69911,69931,CH4_to_H2,0.0,True,inf,210.15923461737836,0.0,,0.7399999999999999,0.0,0.0,0.0,1.553423207143175e-08,,0.0,25.0,0.0,0.0,1.0,0.0,,,,,,,
199,eGon2035,69911,69951,central_gas_CHP_heat,326.82397000000003,False,inf,0.0,0.0,,2.8666666666666667,0.0,0.0,0.0,326.82397000000003,,0.0,,0.0,0.0,1.0,0.0,,,,,,,
200,eGon2035,69911,69951,central_gas_boiler,227503.27537791574,False,inf,0.0,0.0,,1.04,0.0,0.0,1.0,227503.27537791574,,0.0,,0.0,0.0,1.0,0.0,,,,,,,
201,eGon2035,69911,69954,central_gas_CHP_heat,4398.45571,False,inf,0.0,0.0,,2.8666666666666667,0.0,0.0,0.0,4398.45571,,0.0,,0.0,0.0,1.0,0.0,,,,,,,
202,eGon2035,69911,69954,central_gas_boiler,1715609.303516629,False,inf,0.0,0.0,,1.04,0.0,0.0,1.0,1715609.303516629,,0.0,,0.0,0.0,1.0,0.0,,,,,,,
203,eGon2035,69911,69963,central_gas_CHP_heat,94.5688,False,inf,0.0,0.0,,2.8666666666666667,0.0,0.0,0.0,94.5688,,0.0,,0.0,0.0,1.0,0.0,,,,,,,
204,eGon2035,69911,69963,central_gas_boiler,38661.80773528876,False,inf,0.0,0.0,,1.04,0.0,0.0,1.0,38661.80773528876,,0.0,,0.0,0.0,1.0,0.0,,,,,,,
205,eGon2035,69912,0,central_gas_CHP,42.14293074611337,False,inf,0.0,0.0,,0.43,0.0,0.0,4.0975,42.14293074611337,,0.0,,0.0,0.0,1.0,0.0,,,,,,,
206,eGon2035,69912,0,industrial_gas_CHP,9.076258739856227,False,inf,0.0,0.0,,0.42999999999999994,0.0,0.0,4.15,9.076258739856227,,0.0,,0.0,0.0,1.0,0.0,,,,,,,
207,eGon2035,69912,1,central_gas_CHP,1927.7398298693704,False,inf,0.0,0.0,,0.43,0.0,0.0,4.131216611644658,1927.7398298693704,,0.0,,0.0,0.0,1.0,0.0,,,,,,,
208,eGon2035,69912,1,industrial_gas_CHP,503.81908128437846,False,inf,0.0,0.0,,0.43,0.0,0.0,4.15,503.81908128437846,,0.0,,0.0,0.0,1.0,0.0,,,,,,,
209,eGon2035,69912,3,OCGT,1439.2857142857144,False,inf,0.0,0.0,,0.42,0.0,0.0,10.714285714285715,1439.2857142857144,,0.0,,0.0,0.0,1.0,0.0,,,,,,,
210,eGon2035,69912,3,central_gas_CHP,3401.492815509077,False,inf,0.0,0.0,,0.43,0.0,0.0,4.131123353596759,3401.492815509077,,0.0,,0.0,0.0,1.0,0.0,,,,,,,
211,eGon2035,69912,3,industrial_gas_CHP,831.6124840780359,False,inf,0.0,0.0,,0.43,0.0,0.0,4.15,831.6124840780359,,0.0,,0.0,0.0,1.0,0.0,,,,,,,
212,eGon2035,69912,5,central_gas_CHP,1456.7399697415801,False,inf,0.0,0.0,,0.43,0.0,0.0,4.125416666666667,1456.7399697415801,,0.0,,0.0,0.0,1.0,0.0,,,,,,,
213,eGon2035,69912,5,industrial_gas_CHP,559.4387138654379,False,inf,0.0,0.0,,0.43,0.0,0.0,4.15,559.4387138654379,,0.0,,0.0,0.0,1.0,0.0,,,,,,,
214,eGon2035,69912,69913,CH4,298375.0,False,inf,0.0,71.23624554149903,,1.0,0.0,-1.0,0.0,298375.0,,0.0,,0.0,0.0,1.0,0.0,,,,,,,
215,eGon2035,69912,69914,CH4,27125.0,False,inf,0.0,114.80874419249345,,1.0,0.0,-1.0,0.0,27125.0,,0.0,inf,0.0,0.0,1.0,0.0,,,,,,,
216,eGon2035,69912,69916,CH4,81375.0,False,inf,0.0,58.23874181786372,,1.0,0.0,-1.0,0.0,81375.0,,0.0,,0.0,0.0,1.0,0.0,,,,,,,
217,eGon2035,69912,69932,CH4_to_H2,0.0,True,inf,210.15923461737836,0.0,,0.74,0.0,0.0,0.0,1.560149793747588e-08,,0.0,25.0,0.0,0.0,1.0,0.0,,,,,,,
218,eGon2035,69912,69950,central_gas_CHP_heat,517.9532,False,inf,0.0,0.0,,2.8666666666666667,0.0,0.0,0.0,517.9532,,0.0,,0.0,0.0,1.0,0.0,,,,,,,
219,eGon2035,69912,69950,central_gas_boiler,143379.7920577856,False,inf,0.0,0.0,,1.04,0.0,0.0,1.0,143379.7920577856,,0.0,,0.0,0.0,1.0,0.0,,,,,,,
220,eGon2035,69912,69953,central_gas_CHP_heat,407.8267,False,inf,0.0,0.0,,2.8666666666666667,0.0,0.0,0.0,407.8267,,0.0,,0.0,0.0,1.0,0.0,,,,,,,
221,eGon2035,69912,69953,central_gas_boiler,114260.52133221152,False,inf,0.0,0.0,,1.04,0.0,0.0,1.0,114260.52133221152,,0.0,,0.0,0.0,1.0,0.0,,,,,,,
222,eGon2035,69912,69956,central_gas_CHP_heat,9.9968,False,inf,0.0,0.0,,2.8666666666666667,0.0,0.0,0.0,9.9968,,0.0,,0.0,0.0,1.0,0.0,,,,,,,
223,eGon2035,69912,69956,central_gas_boiler,6006.691945846325,False,inf,0.0,0.0,,1.04,0.0,0.0,1.0,6006.691945846325,,0.0,,0.0,0.0,1.0,0.0,,,,,,,
224,eGon2035,69912,69959,central_gas_CHP_heat,928.8254,False,inf,0.0,0.0,,2.8666666666666667,0.0,0.0,0.0,928.8254,,0.0,,0.0,0.0,1.0,0.0,,,,,,,
225,eGon2035,69912,69959,central_gas_boiler,321774.53166209726,False,inf,0.0,0.0,,1.04,0.0,0.0,1.0,321774.53166209726,,0.0,,0.0,0.0,1.0,0.0,,,,,,,
226,eGon2035,69912,69960,central_gas_CHP_heat,17.348,False,inf,0.0,0.0,,2.8666666666666667,0.0,0.0,0.0,17.348,,0.0,,0.0,0.0,1.0,0.0,,,,,,,
227,eGon2035,69912,69960,central_gas_boiler,8798.717690208929,False,inf,0.0,0.0,,1.04,0.0,0.0,1.0,8798.717690208929,,0.0,,0.0,0.0,1.0,0.0,,,,,,,
228,eGon2035,69913,1,OCGT,6819.047619047619,False,inf,0.0,0.0,,0.42000000000000004,0.0,0.0,10.714285714285715,6819.047619047619,,0.0,,0.0,0.0,1.0,0.0,,,,,,,
229,eGon2035,69913,1,central_gas_CHP,18710.053668657874,False,inf,0.0,0.0,,0.43,0.0,0.0,4.121859518686442,18710.053668657874,,0.0,,0.0,0.0,1.0,0.0,,,,,,,
230,eGon2035,69913,1,industrial_gas_CHP,7047.038043400984,False,inf,0.0,0.0,,0.43,0.0,0.0,4.15,7047.038043400984,,0.0,,0.0,0.0,1.0,0.0,,,,,,,
231,eGon2035,69913,3,central_gas_CHP,11.579275576461495,False,inf,0.0,0.0,,0.43,0.0,0.0,4.12,11.579275576461495,,0.0,,0.0,0.0,1.0,0.0,,,,,,,
232,eGon2035,69913,3,industrial_gas_CHP,7.616847352788632,False,inf,0.0,0.0,,0.43,0.0,0.0,4.15,7.616847352788632,,0.0,inf,0.0,0.0,1.0,0.0,,,,,,,
233,eGon2035,69913,4,central_gas_CHP,3399.501174240515,False,inf,0.0,0.0,,0.43,0.0,0.0,4.124093582887701,3399.501174240515,,0.0,inf,0.0,0.0,1.0,0.0,,,,,,,
234,eGon2035,69913,4,industrial_gas_CHP,843.5173138999304,False,inf,0.0,0.0,,0.43,0.0,0.0,4.15,843.5173138999304,,0.0,,0.0,0.0,1.0,0.0,,,,,,,
235,eGon2035,69913,50734,central_gas_CHP_heat,147.893,False,inf,0.0,0.0,,2.8666666666666667,0.0,0.0,0.0,147.893,,0.0,inf,0.0,0.0,1.0,0.0,,,,,,,
236,eGon2035,69913,50734,central_gas_boiler,32997.725818368766,False,inf,0.0,0.0,,1.04,0.0,0.0,1.0,32997.725818368766,,0.0,inf,0.0,0.0,1.0,0.0,,,,,,,
237,eGon2035,69913,69933,CH4_to_H2,0.0,True,inf,210.15923461737836,0.0,,0.74,0.0,0.0,0.0,1.564151505914179e-08,,0.0,25.0,0.0,0.0,1.0,0.0,,,,,,,
238,eGon2035,69913,69942,central_gas_CHP_heat,374.10498,False,inf,0.0,0.0,,2.8666666666666667,0.0,0.0,0.0,374.10498,,0.0,,0.0,0.0,1.0,0.0,,,,,,,
239,eGon2035,69913,69942,central_gas_boiler,193405.4047287689,False,inf,0.0,0.0,,1.04,0.0,0.0,1.0,193405.4047287689,,0.0,,0.0,0.0,1.0,0.0,,,,,,,
240,eGon2035,69913,69944,central_gas_CHP_heat,241.393,False,inf,0.0,0.0,,2.8666666666666667,0.0,0.0,0.0,241.393,,0.0,inf,0.0,0.0,1.0,0.0,,,,,,,
241,eGon2035,69913,69946,central_gas_CHP_heat,4871.21665,False,inf,0.0,0.0,,2.8666666666666667,0.0,0.0,0.0,4871.21665,,0.0,,0.0,0.0,1.0,0.0,,,,,,,
242,eGon2035,69913,69946,central_gas_boiler,1608030.5735308744,False,inf,0.0,0.0,,1.04,0.0,0.0,1.0,1608030.5735308744,,0.0,,0.0,0.0,1.0,0.0,,,,,,,
243,eGon2035,69913,69960,central_gas_CHP_heat,3.1500000000000004,False,inf,0.0,0.0,,2.8666666666666667,0.0,0.0,0.0,3.1500000000000004,,0.0,,0.0,0.0,1.0,0.0,,,,,,,
244,eGon2035,69913,69960,central_gas_boiler,1242.8345397202381,False,inf,0.0,0.0,,1.04,0.0,0.0,1.0,1242.8345397202381,,0.0,inf,0.0,0.0,1.0,0.0,,,,,,,
245,eGon2035,69913,69961,central_gas_CHP_heat,2.1710000000000003,False,inf,0.0,0.0,,2.8666666666666667,0.0,0.0,0.0,2.1710000000000003,,0.0,,0.0,0.0,1.0,0.0,,,,,,,
246,eGon2035,69913,69961,central_gas_boiler,1816.58754460748,False,inf,0.0,0.0,,1.04,0.0,0.0,1.0,1816.58754460748,,0.0,,0.0,0.0,1.0,0.0,,,,,,,
247,eGon2035,69914,0,OCGT,243.57142857142858,False,inf,0.0,0.0,,0.42,0.0,0.0,10.714285714285715,243.57142857142858,,0.0,inf,0.0,0.0,1.0,0.0,,,,,,,
248,eGon2035,69914,0,central_gas_CHP,5291.502144650808,False,inf,0.0,0.0,,0.43,0.0,0.0,4.120449952190149,5291.502144650808,,0.0,,0.0,0.0,1.0,0.0,,,,,,,
249,eGon2035,69914,0,industrial_gas_CHP,869.7088021630475,False,inf,0.0,0.0,,0.43,0.0,0.0,4.15,869.7088021630475,,0.0,,0.0,0.0,1.0,0.0,,,,,,,
250,eGon2035,69914,1,industrial_gas_CHP,0.35660000000000003,False,inf,0.0,0.0,,0.43,0.0,0.0,4.15,0.35660000000000003,,0.0,inf,0.0,0.0,1.0,0.0,,,,,,,
251,eGon2035,69914,2,central_gas_CHP,38.6625423573803,False,inf,0.0,0.0,,0.43,0.0,0.0,4.13,38.6625423573803,,0.0,inf,0.0,0.0,1.0,0.0,,,,,,,
252,eGon2035,69914,2,industrial_gas_CHP,39.893602641865485,False,inf,0.0,0.0,,0.43,0.0,0.0,4.15,39.893602641865485,,0.0,,0.0,0.0,1.0,0.0,,,,,,,
253,eGon2035,69914,3,industrial_gas_CHP,1.4156281716790198,False,inf,0.0,0.0,,0.43,0.0,0.0,4.15,1.4156281716790198,,0.0,,0.0,0.0,1.0,0.0,,,,,,,
254,eGon2035,69914,5,OCGT,55.714285714285715,False,inf,0.0,0.0,,0.42,0.0,0.0,10.714285714285715,55.714285714285715,,0.0,inf,0.0,0.0,1.0,0.0,,,,,,,
255,eGon2035,69914,5,central_gas_CHP,823.521548409678,False,inf,0.0,0.0,,0.43,0.0,0.0,4.129062500000001,823.521548409678,,0.0,,0.0,0.0,1.0,0.0,,,,,,,
256,eGon2035,69914,5,industrial_gas_CHP,113.29145562468538,False,inf,0.0,0.0,,0.43,0.0,0.0,4.15,113.29145562468538,,0.0,,0.0,0.0,1.0,0.0,,,,,,,
257,eGon2035,69914,50660,central_gas_CHP_heat,4.250000000000001,False,inf,0.0,0.0,,2.8666666666666667,0.0,0.0,0.0,4.250000000000001,,0.0,inf,0.0,0.0,1.0,0.0,,,,,,,
258,eGon2035,69914,50981,central_gas_boiler,400.7920951714933,False,inf,0.0,0.0,,1.04,0.0,0.0,1.0,400.7920951714933,,0.0,inf,0.0,0.0,1.0,0.0,,,,,,,
259,eGon2035,69914,51723,central_gas_boiler,112.47721451979416,False,inf,0.0,0.0,,1.04,0.0,0.0,1.0,112.47721451979416,,0.0,inf,0.0,0.0,1.0,0.0,,,,,,,
260,eGon2035,69914,69934,CH4_to_H2,0.0,True,inf,210.15923461737833,0.0,,0.74,0.0,0.0,0.0,1.56053880096392e-08,,0.0,25.0,0.0,0.0,1.0,0.0,,,,,,,
261,eGon2035,69914,69943,central_gas_CHP_heat,20.744,False,inf,0.0,0.0,,2.8666666666666667,0.0,0.0,0.0,20.744,,0.0,,0.0,0.0,1.0,0.0,,,,,,,
262,eGon2035,69914,69943,central_gas_boiler,9563.697796044687,False,inf,0.0,0.0,,1.04,0.0,0.0,1.0,9563.697796044687,,0.0,,0.0,0.0,1.0,0.0,,,,,,,
263,eGon2035,69914,69945,central_gas_CHP_heat,1929.24985,False,inf,0.0,0.0,,2.8666666666666667,0.0,0.0,0.0,1929.24985,,0.0,,0.0,0.0,1.0,0.0,,,,,,,
264,eGon2035,69914,69945,central_gas_boiler,643630.8265096031,False,inf,0.0,0.0,,1.04,0.0,0.0,1.0,643630.8265096031,,0.0,,0.0,0.0,1.0,0.0,,,,,,,
265,eGon2035,69914,69958,central_gas_CHP_heat,334.5993,False,inf,0.0,0.0,,2.8666666666666667,0.0,0.0,0.0,334.5993,,0.0,,0.0,0.0,1.0,0.0,,,,,,,
266,eGon2035,69914,69958,central_gas_boiler,88442.69909581727,False,inf,0.0,0.0,,1.04,0.0,0.0,1.0,88442.69909581727,,0.0,,0.0,0.0,1.0,0.0,,,,,,,
267,eGon2035,69915,2,OCGT,4869.047619047619,False,inf,0.0,0.0,,0.42,0.0,0.0,10.714285714285715,4869.047619047619,,0.0,,0.0,0.0,1.0,0.0,,,,,,,
268,eGon2035,69915,2,central_gas_CHP,8288.199827615606,False,inf,0.0,0.0,,0.43,0.0,0.0,4.113024166184693,8288.199827615606,,0.0,,0.0,0.0,1.0,0.0,,,,,,,
269,eGon2035,69915,2,industrial_gas_CHP,1855.44779060418,False,inf,0.0,0.0,,0.43,0.0,0.0,4.15,1855.44779060418,,0.0,inf,0.0,0.0,1.0,0.0,,,,,,,
270,eGon2035,69915,4,central_gas_CHP,289.79179586257254,False,inf,0.0,0.0,,0.43,0.0,0.0,4.127166666666667,289.79179586257254,,0.0,,0.0,0.0,1.0,0.0,,,,,,,
271,eGon2035,69915,4,industrial_gas_CHP,89.6022924961062,False,inf,0.0,0.0,,0.42999999999999994,0.0,0.0,4.15,89.6022924961062,,0.0,,0.0,0.0,1.0,0.0,,,,,,,
272,eGon2035,69915,49887,central_gas_CHP_heat,7.277,False,inf,0.0,0.0,,2.8666666666666667,0.0,0.0,0.0,7.277,,0.0,,0.0,0.0,1.0,0.0,,,,,,,
273,eGon2035,69915,49887,central_gas_boiler,14702.642434214984,False,inf,0.0,0.0,,1.04,0.0,0.0,1.0,14702.642434214984,,0.0,inf,0.0,0.0,1.0,0.0,,,,,,,
274,eGon2035,69915,69935,CH4_to_H2,0.0,True,inf,210.15923461737836,0.0,,0.74,0.0,0.0,0.0,1.564353238392642e-08,,0.0,25.0,0.0,0.0,1.0,0.0,,,,,,,
275,eGon2035,69915,69937,central_gas_CHP_heat,3122.34483,False,inf,0.0,0.0,,2.8666666666666667,0.0,0.0,0.0,3122.34483,,0.0,,0.0,0.0,1.0,0.0,,,,,,,
276,eGon2035,69915,69937,central_gas_boiler,1003323.8763683165,False,inf,0.0,0.0,,1.04,0.0,0.0,1.0,1003323.8763683165,,0.0,,0.0,0.0,1.0,0.0,,,,,,,
277,eGon2035,69915,69938,central_gas_CHP_heat,77.9693,False,inf,0.0,0.0,,2.8666666666666667,0.0,0.0,0.0,77.9693,,0.0,,0.0,0.0,1.0,0.0,,,,,,,
278,eGon2035,69915,69938,central_gas_boiler,29590.451843184015,False,inf,0.0,0.0,,1.04,0.0,0.0,1.0,29590.451843184015,,0.0,,0.0,0.0,1.0,0.0,,,,,,,
279,eGon2035,69916,3,central_gas_CHP,6614.684229638397,False,inf,0.0,0.0,,0.43,0.0,0.0,4.117237440430718,6614.684229638397,,0.0,,0.0,0.0,1.0,0.0,,,,,,,
280,eGon2035,69916,3,industrial_gas_CHP,1741.6317531084417,False,inf,0.0,0.0,,0.42999999999999994,0.0,0.0,4.15,1741.6317531084417,,0.0,,0.0,0.0,1.0,0.0,,,,,,,
281,eGon2035,69916,5,industrial_gas_CHP,0.6933915214710357,False,inf,0.0,0.0,,0.43,0.0,0.0,4.15,0.6933915214710357,,0.0,,0.0,0.0,1.0,0.0,,,,,,,
282,eGon2035,69916,69936,CH4_to_H2,0.0,True,inf,210.15923461737836,0.0,,0.7399999999999999,0.0,0.0,0.0,1.5654194098959896e-08,,0.0,25.0,0.0,0.0,1.0,0.0,,,,,,,
283,eGon2035,69916,69957,central_gas_CHP_heat,7461.9510500000015,False,inf,0.0,0.0,,2.8666666666666667,0.0,0.0,0.0,7461.9510500000015,,0.0,,0.0,0.0,1.0,0.0,,,,,,,
284,eGon2035,69916,69957,central_gas_boiler,769704.5112090963,False,inf,0.0,0.0,,1.04,0.0,0.0,1.0,769704.5112090963,,0.0,,0.0,0.0,1.0,0.0,,,,,,,
285,eGon2035,69930,0,H2_to_power,0.0,True,inf,727.3544621347563,0.0,,0.5,0.0,0.0,0.0,6.214791113563417e-09,,0.0,10.0,0.0,0.0,1.0,0.0,,,,,,,
286,eGon2035,69930,1,H2_to_power,0.0,True,1.0,727.3544621347563,0.0,,0.5,0.0,0.0,0.0,6.25167148580809e-09,,0.0,10.0,0.0,0.0,1.0,0.0,,,,,,,
287,eGon2035,69930,2,H2_to_power,0.0,True,3.0,727.3544621347563,0.0,,0.5,0.0,0.0,0.0,6.25202667846501e-09,,0.0,10.0,0.0,0.0,1.0,0.0,,,,,,,
288,eGon2035,69930,4,H2_to_power,0.0,True,inf,727.3544621347563,0.0,,0.5,0.0,0.0,0.0,6.254093022938993e-09,,0.0,10.0,0.0,0.0,1.0,0.0,,,,,,,
289,eGon2035,69930,69910,H2_to_CH4,0.0,True,inf,89.82444734372434,0.0,,0.8,0.0,0.0,25.0,3.587448454163959e-08,,0.0,30.0,0.0,0.0,1.0,0.0,,,,,,,
290,eGon2035,69931,0,H2_to_power,0.0,True,inf,727.3544621347563,0.0,,0.5,0.0,0.0,0.0,6.217364442939289e-09,,0.0,10.0,0.0,0.0,1.0,0.0,,,,,,,
291,eGon2035,69931,3,H2_to_power,0.0,True,8.0,727.3544621347563,0.0,,0.5,0.0,0.0,0.0,6.2063103741601374e-09,,0.0,10.0,0.0,0.0,1.0,0.0,,,,,,,
292,eGon2035,69931,5,H2_to_power,0.0,True,inf,727.3544621347563,0.0,,0.5,0.0,0.0,0.0,6.213186392252293e-09,,0.0,10.0,0.0,0.0,1.0,0.0,,,,,,,
293,eGon2035,69931,69911,H2_to_CH4,0.0,True,inf,89.82444734372433,0.0,,0.8,0.0,0.0,25.0,3.575570403624452e-08,,0.0,30.0,0.0,0.0,1.0,0.0,,,,,,,
294,eGon2035,69932,1,H2_to_power,0.0,True,inf,727.3544621347563,0.0,,0.5,0.0,0.0,0.0,6.282960106742951e-09,,0.0,10.0,0.0,0.0,1.0,0.0,,,,,,,
295,eGon2035,69932,3,H2_to_power,0.0,True,inf,727.3544621347563,0.0,,0.5,0.0,0.0,0.0,6.263744866471963e-09,,0.0,10.0,0.0,0.0,1.0,0.0,,,,,,,
296,eGon2035,69932,5,H2_to_power,0.0,True,inf,727.3544621347563,0.0,,0.5,0.0,0.0,0.0,6.262896831681244e-09,,0.0,10.0,0.0,0.0,1.0,0.0,,,,,,,
297,eGon2035,69932,69912,H2_to_CH4,0.0,True,inf,89.82444734372434,0.0,,0.8,0.0,0.0,25.0,3.597538909664025e-08,,0.0,30.0,0.0,0.0,1.0,0.0,,,,,,,
298,eGon2035,69933,1,H2_to_power,0.0,True,inf,727.3544621347563,0.0,,0.5,0.0,0.0,0.0,6.168566270778799e-09,,0.0,10.0,0.0,0.0,1.0,0.0,,,,,,,
299,eGon2035,69933,3,H2_to_power,0.0,True,1.0,727.3544621347563,0.0,,0.5,0.0,0.0,0.0,6.114558436613625e-09,,0.0,10.0,0.0,0.0,1.0,0.0,,,,,,,
300,eGon2035,69933,4,H2_to_power,0.0,True,inf,727.3544621347563,0.0,,0.5,0.0,0.0,0.0,6.1350093960282175e-09,,0.0,10.0,0.0,0.0,1.0,0.0,,,,,,,
301,eGon2035,69933,69913,H2_to_CH4,0.0,True,inf,89.82444734372434,0.0,,0.8,0.0,0.0,25.0,3.561405662444739e-08,,0.0,30.0,0.0,0.0,1.0,0.0,,,,,,,
302,eGon2035,69934,0,H2_to_power,0.0,True,inf,727.3544621347562,0.0,,0.5,0.0,0.0,0.0,6.235803476206162e-09,,0.0,10.0,0.0,0.0,1.0,0.0,,,,,,,
303,eGon2035,69934,5,H2_to_power,0.0,True,inf,727.3544621347563,0.0,,0.5,0.0,0.0,0.0,6.229667859640801e-09,,0.0,10.0,0.0,0.0,1.0,0.0,,,,,,,
304,eGon2035,69934,69914,H2_to_CH4,0.0,True,inf,89.82444734372434,0.0,,0.8,0.0,0.0,25.0,3.59805273014416e-08,,0.0,30.0,0.0,0.0,1.0,0.0,,,,,,,
305,eGon2035,69935,2,H2_to_power,0.0,True,inf,727.3544621347563,0.0,,0.5,0.0,0.0,0.0,6.155217423709714e-09,,0.0,10.0,0.0,0.0,1.0,0.0,,,,,,,
306,eGon2035,69935,4,H2_to_power,0.0,True,5.0,727.3544621347563,0.0,,0.5,0.0,0.0,0.0,6.160197813595445e-09,,0.0,10.0,0.0,0.0,1.0,0.0,,,,,,,
307,eGon2035,69935,69915,H2_to_CH4,0.0,True,inf,89.82444734372434,0.0,,0.8,0.0,0.0,25.0,3.5531093318691854e-08,,0.0,30.0,0.0,0.0,1.0,0.0,,,,,,,
308,eGon2035,69936,3,H2_to_power,0.0,True,inf,727.3544621347563,0.0,,0.5,0.0,0.0,0.0,6.255768451340982e-09,,0.0,10.0,0.0,0.0,1.0,0.0,,,,,,,
309,eGon2035,69936,5,H2_to_power,0.0,True,2.0,727.3544621347563,0.0,,0.5,0.0,0.0,0.0,6.246154565150935e-09,,0.0,10.0,0.0,0.0,1.0,0.0,,,,,,,
310,eGon2035,69936,69916,H2_to_CH4,0.0,True,inf,89.82444734372434,0.0,,0.8000000000000002,0.0,0.0,25.0,3.596962746877958e-08,,0.0,30.0,0.0,0.0,1.0,0.0,,,,,,,
311,eGon2035,69937,69964,central_heat_store_charger,0.0,True,inf,0.0,0.0,,0.84,0.0,0.0,0.0,782.7482251652768,,0.0,,0.0,0.0,1.0,0.0,,,,,,,
312,eGon2035,69938,69965,central_heat_store_charger,0.0,True,inf,0.0,0.0,,0.84,0.0,0.0,0.0,3.7943721843914787e-08,,0.0,,0.0,0.0,1.0,0.0,,,,,,,
313,eGon2035,69939,69966,central_heat_store_charger,0.0,True,inf,0.0,0.0,,0.84,0.0,0.0,0.0,3.7819025639497766e-08,,0.0,,0.0,0.0,1.0,0.0,,,,,,,
314,eGon2035,69941,69967,central_heat_store_charger,0.0,True,inf,0.0,0.0,,0.84,0.0,0.0,0.0,3.785899572956949e-08,,0.0,,0.0,0.0,1.0,0.0,,,,,,,
315,eGon2035,69942,69968,central_heat_store_charger,0.0,True,inf,0.0,0.0,,0.84,0.0,0.0,0.0,3.795224315269376e-08,,0.0,,0.0,0.0,1.0,0.0,,,,,,,
316,eGon2035,69943,69969,central_heat_store_charger,0.0,True,inf,0.0,0.0,,0.8400000000000001,0.0,0.0,0.0,3.7964823022153593e-08,,0.0,,0.0,0.0,1.0,0.0,,,,,,,
317,eGon2035,69944,69970,central_heat_store_charger,0.0,True,inf,0.0,0.0,,0.84,0.0,0.0,0.0,3.8325969042565724e-08,,0.0,,0.0,0.0,1.0,0.0,,,,,,,
318,eGon2035,69945,69971,central_heat_store_charger,0.0,True,inf,0.0,0.0,,0.84,0.0,0.0,0.0,3.7827083833595585e-08,,0.0,,0.0,0.0,1.0,0.0,,,,,,,
319,eGon2035,69946,69972,central_heat_store_charger,0.0,True,inf,0.0,0.0,,0.84,0.0,0.0,0.0,3.7772933323740914e-08,,0.0,,0.0,0.0,1.0,0.0,,,,,,,
320,eGon2035,69949,69973,central_heat_store_charger,0.0,True,inf,0.0,0.0,,0.84,0.0,0.0,0.0,3.796416752179562e-08,,0.0,,0.0,0.0,1.0,0.0,,,,,,,
321,eGon2035,69950,69974,central_heat_store_charger,0.0,True,inf,0.0,0.0,,0.84,0.0,0.0,0.0,3.795631296003415e-08,,0.0,,0.0,0.0,1.0,0.0,,,,,,,
322,eGon2035,69951,69975,central_heat_store_charger,0.0,True,inf,0.0,0.0,,0.84,0.0,0.0,0.0,3.8257247486423644e-08,,0.0,,0.0,0.0,1.0,0.0,,,,,,,
323,eGon2035,69952,69976,central_heat_store_charger,0.0,True,inf,0.0,0.0,,0.84,0.0,0.0,0.0,3.813123884334891e-08,,0.0,,0.0,0.0,1.0,0.0,,,,,,,
324,eGon2035,69953,69977,central_heat_store_charger,0.0,True,inf,0.0,0.0,,0.84,0.0,0.0,0.0,3.796258902441575e-08,,0.0,,0.0,0.0,1.0,0.0,,,,,,,
325,eGon2035,69954,69978,central_heat_store_charger,0.0,True,inf,0.0,0.0,,0.84,0.0,0.0,0.0,3.7842700911350886e-08,,0.0,,0.0,0.0,1.0,0.0,,,,,,,
326,eGon2035,69956,69979,central_heat_store_charger,0.0,True,inf,0.0,0.0,,0.84,0.0,0.0,0.0,3.790343482743817e-08,,0.0,,0.0,0.0,1.0,0.0,,,,,,,
327,eGon2035,69957,69980,central_heat_store_charger,0.0,True,inf,0.0,0.0,,0.84,0.0,0.0,0.0,180.4782107733601,,0.0,,0.0,0.0,1.0,0.0,,,,,,,
328,eGon2035,69958,69981,central_heat_store_charger,0.0,True,inf,0.0,0.0,,0.84,0.0,0.0,0.0,3.809550111943693e-08,,0.0,,0.0,0.0,1.0,0.0,,,,,,,
329,eGon2035,69959,69982,central_heat_store_charger,0.0,True,inf,0.0,0.0,,0.84,0.0,0.0,0.0,5.402529841238082e-05,,0.0,,0.0,0.0,1.0,0.0,,,,,,,
330,eGon2035,69960,69983,central_heat_store_charger,0.0,True,inf,0.0,0.0,,0.84,0.0,0.0,0.0,3.829051835074346e-08,,0.0,,0.0,0.0,1.0,0.0,,,,,,,
331,eGon2035,69961,69984,central_heat_store_charger,0.0,True,inf,0.0,0.0,,0.84,0.0,0.0,0.0,3.789621217092057e-08,,0.0,,0.0,0.0,1.0,0.0,,,,,,,
332,eGon2035,69963,69985,central_heat_store_charger,0.0,True,inf,0.0,0.0,,0.84,0.0,0.0,0.0,3.806186517674248e-08,,0.0,,0.0,0.0,1.0,0.0,,,,,,,
333,eGon2035,69964,69937,central_heat_store_discharger,0.0,True,inf,0.0,0.0,,0.84,0.0,0.0,0.0,283.78693087327395,,0.0,,0.0,0.0,1.0,0.0,,,,,,,
334,eGon2035,69965,69938,central_heat_store_discharger,0.0,True,inf,0.0,0.0,,0.84,0.0,0.0,0.0,3.8229362378260675e-08,,0.0,,0.0,0.0,1.0,0.0,,,,,,,
335,eGon2035,69966,69939,central_heat_store_discharger,0.0,True,inf,0.0,0.0,,0.84,0.0,0.0,0.0,3.805197440015463e-08,,0.0,,0.0,0.0,1.0,0.0,,,,,,,
336,eGon2035,69967,69941,central_heat_store_discharger,0.0,True,inf,0.0,0.0,,0.84,0.0,0.0,0.0,3.81849243185664e-08,,0.0,,0.0,0.0,1.0,0.0,,,,,,,
337,eGon2035,69968,69942,central_heat_store_discharger,0.0,True,inf,0.0,0.0,,0.84,0.0,0.0,0.0,3.778359913274636e-08,,0.0,,0.0,0.0,1.0,0.0,,,,,,,
338,eGon2035,69969,69943,central_heat_store_discharger,0.0,True,inf,0.0,0.0,,0.8400000000000001,0.0,0.0,0.0,3.771882219165683e-08,,0.0,,0.0,0.0,1.0,0.0,,,,,,,
339,eGon2035,69970,69944,central_heat_store_discharger,0.0,True,inf,0.0,0.0,,0.84,0.0,0.0,0.0,3.775796050896415e-08,,0.0,,0.0,0.0,1.0,0.0,,,,,,,
340,eGon2035,69971,69945,central_heat_store_discharger,0.0,True,inf,0.0,0.0,,0.84,0.0,0.0,0.0,3.773094742779166e-08,,0.0,,0.0,0.0,1.0,0.0,,,,,,,
341,eGon2035,69972,69946,central_heat_store_discharger,0.0,True,inf,0.0,0.0,,0.84,0.0,0.0,0.0,3.7579666968020595e-08,,0.0,,0.0,0.0,1.0,0.0,,,,,,,
342,eGon2035,69973,69949,central_heat_store_discharger,0.0,True,inf,0.0,0.0,,0.84,0.0,0.0,0.0,3.8017473448440905e-08,,0.0,,0.0,0.0,1.0,0.0,,,,,,,
343,eGon2035,69974,69950,central_heat_store_discharger,0.0,True,inf,0.0,0.0,,0.84,0.0,0.0,0.0,3.787559181957909e-08,,0.0,,0.0,0.0,1.0,0.0,,,,,,,
344,eGon2035,69975,69951,central_heat_store_discharger,0.0,True,inf,0.0,0.0,,0.84,0.0,0.0,0.0,3.7636208675497255e-08,,0.0,,0.0,0.0,1.0,0.0,,,,,,,
345,eGon2035,69976,69952,central_heat_store_discharger,0.0,True,inf,0.0,0.0,,0.84,0.0,0.0,0.0,3.762632880124835e-08,,0.0,,0.0,0.0,1.0,0.0,,,,,,,
346,eGon2035,69977,69953,central_heat_store_discharger,0.0,True,inf,0.0,0.0,,0.84,0.0,0.0,0.0,3.7839328669090196e-08,,0.0,,0.0,0.0,1.0,0.0,,,,,,,
347,eGon2035,69978,69954,central_heat_store_discharger,0.0,True,inf,0.0,0.0,,0.84,0.0,0.0,0.0,3.7700173918699736e-08,,0.0,,0.0,0.0,1.0,0.0,,,,,,,
348,eGon2035,69979,69956,central_heat_store_discharger,0.0,True,inf,0.0,0.0,,0.84,0.0,0.0,0.0,3.76846182063588e-08,,0.0,,0.0,0.0,1.0,0.0,,,,,,,
349,eGon2035,69980,69957,central_heat_store_discharger,0.0,True,inf,0.0,0.0,,0.84,0.0,0.0,0.0,68.90802711502418,,0.0,,0.0,0.0,1.0,0.0,,,,,,,
350,eGon2035,69981,69958,central_heat_store_discharger,0.0,True,inf,0.0,0.0,,0.84,0.0,0.0,0.0,3.799533139873864e-08,,0.0,,0.0,0.0,1.0,0.0,,,,,,,
351,eGon2035,69982,69959,central_heat_store_discharger,0.0,True,inf,0.0,0.0,,0.84,0.0,0.0,0.0,4.547998870094508e-05,,0.0,,0.0,0.0,1.0,0.0,,,,,,,
352,eGon2035,69983,69960,central_heat_store_discharger,0.0,True,inf,0.0,0.0,,0.84,0.0,0.0,0.0,3.785077122955305e-08,,0.0,,0.0,0.0,1.0,0.0,,,,,,,
353,eGon2035,69984,69961,central_heat_store_discharger,0.0,True,inf,0.0,0.0,,0.84,0.0,0.0,0.0,3.7720657424272395e-08,,0.0,,0.0,0.0,1.0,0.0,,,,,,,
354,eGon2035,69985,69963,central_heat_store_discharger,0.0,True,inf,0.0,0.0,,0.84,0.0,0.0,0.0,3.784112617079592e-08,,0.0,,0.0,0.0,1.0,0.0,,,,,,,
