,0 AC,1 AC,10 AC,11 AC,12 AC,13 AC,14 AC,15 AC,16 AC,17 AC,18 AC,19 AC,2 AC,20 AC,21 AC,22 AC,23 AC,24 AC,25 AC,26 AC,27 AC,28 AC,29 AC,3 AC,30 AC,31 AC,32 AC,33 AC,34 AC,35 AC,36 AC,37 AC,38 AC,39 AC,4 AC,40 AC,41 AC,42 AC,43 AC,43761 AC,43762 AC,43763 AC,43764 AC,43765 AC,43767 AC,43770 AC,43771 AC,43773 AC,44 AC,45 AC,46 AC,47 AC,48 AC,49 AC,5 AC,50 AC,51 AC,52 AC,53 AC,54 AC,55 AC,56 AC,57 AC,58 AC,59 AC,6 AC,60 AC,61 AC,62 AC,63 AC,64 AC,65 AC,66 AC,67 AC,68 AC,69 AC,7 AC,70 AC,71 AC,72 AC,73 AC,74 AC,75 AC,76 AC,77 AC,78 AC,79 AC,8 AC,80 AC,81 AC,82 AC,83 AC,84 AC,85 AC,9 AC
0,25.489207497664054,1359.1667498741203,145.17363295586472,334.77794560229074,955.8596085766517,261.5768174645708,194.65221254038113,64.93752056650064,119.01819127746049,357.8557652762548,329.48678211134705,89.88725450946679,126.25076842510953,442.8779249489885,40.16384819703903,111.10005243281007,923.9013144113908,282.37577318378817,311.76597525429224,900.0291452802802,441.5590464957885,104.0145027951479,96.7072505250894,203.45259715623462,98.62522802833533,112.95945516337132,241.96885710018336,13.262976508836024,239.0360567460134,346.84716830449975,338.36922573108734,26.33059571220073,3.4345303922665336,77.95294655789523,120.75531843818653,201.3604910463399,129.07010335501752,64.501494453197,42.40880324104455,5697.625795749882,5758.050051420273,3530.240356539629,4584.365542522619,2018.922778381371,33852.17783974654,523.9499494326022,6948.352117309254,6543.075449089981,57.090478137819765,126.02334593631379,74.24299492424288,104.73026391395425,88.72736285295929,84.92115588597753,212.91738587853376,50.16289880975467,106.96047896590116,16.02363385909816,271.4512043837427,140.59941903756024,139.22164076726025,287.58151369670617,34.53303981579279,152.10805652684854,26.000565926243233,47.27209370314663,73.77692909992125,30.64493451706194,377.19786904860894,190.74486948284036,86.15832704598262,157.19283251462272,42.303955802782646,72.81781111333132,64.63878337947094,32.39069396742853,313.15589948184254,153.09560231485503,54.60895770342439,333.27535394463274,369.23998331514815,67.71408038138553,18.913825936860317,87.13306837438064,56.19266125806096,67.04531075794216,79.06375827007278,330.4473678988849,53.11728025629647,114.56187054169324,135.41093284808485,194.08973039379967,11.402186169526223,243.53797827210985,39.58580374521155
1,53.91094166460725,1850.7108576657088,234.17917353955696,641.4576569943799,1204.8600044479433,450.0501630568193,237.25882173137512,111.61531835244168,220.0872008197227,463.0273132073691,431.931297188848,110.2829670017466,210.3432844570977,716.8060201516962,74.67581589703856,150.31155345255553,1284.1229173269203,441.1658748098674,552.7291312544959,1191.0823968376433,699.8673993841406,174.5522451211612,149.38377028689868,374.5567637325818,164.91513723286053,187.58148532301635,376.6685508884233,30.63067664837201,332.2264719327074,558.8778005985442,492.2591602490112,60.089727127904524,8.411061793072964,106.74297696391307,226.88405915450457,315.5880565787128,217.15453120657835,105.92817293968588,98.63481242536596,5267.059580869369,5552.495666214625,3452.3355027329812,3862.2072317579045,1948.8183105108653,33452.12778115048,485.62270417770145,6921.887054369918,9876.888855147134,97.07262939379297,145.19933876131725,122.17907327977619,182.86626684471483,118.57146552855056,133.31102429405692,322.7977746618058,111.83044690716915,199.3402234159324,36.48453210868931,391.07578950291565,244.37713641913453,203.81910704831367,449.15852488748556,40.5502528875471,215.24216665482993,54.42874108924824,81.84639172610257,106.54583379531111,49.51271807918752,676.2550730023277,287.5267478438975,140.5341016903227,233.19164170127218,70.5929727389781,93.06480475162058,107.40828986534623,55.2643840992888,343.67813028696344,226.98475180634193,78.35667728376922,600.952665026583,842.2412574489671,146.23406678361414,34.52503676054619,140.94329243583016,75.10339025083947,145.26352689906983,134.72469740091503,430.74224784993135,84.92320293412722,184.91354931529997,202.46723412759363,337.6371572537387,27.6967533328979,409.6611319516412,59.211882643064456
2,88.07349950716072,2464.927128377483,341.9803662770876,1016.279758766429,1508.6210226448218,684.6104129634007,288.2519196518234,170.43487446183286,336.055488520134,590.2191951308115,551.6260506605893,134.57152608238704,308.89157833769815,1080.0220975088755,116.42514644174298,195.76170122868888,1738.4970010652607,639.6293218191649,832.8239048389653,1554.1736640515405,1010.1197720484948,261.78156259719987,216.55463897201503,587.2180557657326,241.32386976264974,277.9859972721178,542.5779954154958,51.785874473345096,444.93896552751033,819.8436261803497,682.0699677021265,100.72737681344678,14.408283582191354,141.97306367853088,358.40222288615365,454.1196533450387,326.8676206997788,156.0047594060803,167.09574201213564,5752.888556839759,5460.189271026507,3623.839922585361,4254.49960661275,2003.0818338122886,32724.67597968402,512.1108839231722,7393.232337106825,10166.147772223638,143.21287181593414,167.46495351227998,180.82336418525708,278.525658703426,153.32566261125055,189.74438313768712,449.56278634314486,187.89383911151893,314.7376761962687,61.31037834611341,538.7391254365414,372.3673538735591,283.0586656439814,652.9396193187529,47.623931796058464,294.1203757971149,89.30665471356151,123.54762183319959,143.90173589799727,72.20322350775356,1041.5133237243351,407.00388255626837,204.55698819679435,328.937013861093,103.0428810326124,117.34167782083657,159.26318955396044,82.8435298808041,380.13153166380226,317.86111763294394,107.25914159139118,929.7664578659478,1481.3748703486933,241.2203710978097,53.0396028331508,204.5618440070194,96.90308976392546,238.38244179605647,203.40076734401742,558.1029280011927,125.72539943311004,272.0090222873523,284.02792890223776,516.7171261981722,47.39163638162413,613.4957544569378,81.60730792746465
3,25.057636951124536,1356.9827710207196,144.04624275772449,329.8229508388917,957.2294132842181,262.36644181038486,194.47269313700173,64.5854531639639,118.09967878494302,358.53253536317163,330.783811262639,90.77540703059982,126.54651558623615,443.0902131578712,39.55579674211128,110.91316090296606,925.517783986132,283.05861145862144,313.1609873320594,901.1244609868033,438.402603748415,103.50887808312424,96.8486812932013,202.2299976605877,98.99684440825862,113.06181103146605,241.3233517638277,12.439545438945071,238.65335555655705,346.912550894287,340.12593918778936,26.430690705653273,3.492137322405002,78.00398491092304,120.97590100848004,201.07681926403075,129.08477686840314,64.21955069511705,42.12714136172569,6421.990304874592,4782.497898352664,3236.1472350367744,5217.959957270191,1889.7578220717437,35886.81500217036,454.1698443274917,6650.5736387268535,9770.605728000994,57.373808145562585,126.04769949268878,74.67253065183253,104.50496280320624,88.83580423266304,85.28680572363469,213.2888136602902,49.165120378381154,105.55365422826394,16.007584115697885,271.9943410842773,139.66517951692526,140.04644426810913,284.4116677127969,34.62604291605092,152.3603605259049,25.564620474227787,47.121847932142344,74.4002772772167,30.60495927116616,378.6938067175946,189.18463861603797,85.79115953372718,156.45123371547075,42.75275201016448,73.01249547681999,64.68343158454925,32.544059176413924,313.0530543557931,154.11539727142835,54.64938354753785,330.64112565739026,366.5535414155236,67.00885234330262,18.805834478674363,87.78378483092688,56.418841302994174,66.04967770030899,79.12131697968412,329.35366461456954,52.8360613868362,115.21265846147877,135.2315404860766,193.77967915688112,11.272371198075223,243.26383602278472,39.75140956377935
4,53.49196386978892,1864.6803483249807,235.2849786740263,648.7129343276804,1214.8311683203488,456.5392738077186,238.21245154213494,114.55562997580702,216.3061841074764,466.5896383650667,429.06296921311923,110.46792973433394,209.61888164020593,720.6224784771078,75.81125253342135,148.91787038442092,1293.2145908623768,451.052103922464,546.0996779339009,1198.806135186908,703.7091393904436,177.0738525447815,152.50597113912426,380.2509138799364,163.87028978070185,189.6856298473271,382.03004129234273,31.434462376310524,334.17082135224115,564.3072800174441,498.75538778340666,59.22345709233844,8.219077917735307,107.79304002775376,233.05157929646765,315.6922357305944,218.0917691675534,107.25885482880985,97.53763112646374,7409.943564743053,5606.406387796418,3792.228943047512,5410.506544454443,2113.1189257330907,39054.76588991475,501.19546914618667,8896.556384754851,11738.623167925462,96.07105455267046,144.29996596948143,123.32045121684953,186.72553388743626,117.60964335986313,132.03893016249526,320.313496515336,113.86991871395726,203.94687499933084,35.88090635725664,394.3224267352777,248.41743715483176,205.97290260682644,457.6722311557881,40.55145790853485,217.77443888854265,54.98412733662654,82.73322931343698,105.10835267465049,50.25584274460574,689.8934056431501,293.01814067066977,141.32970505961532,237.73995244616708,68.92388465930074,93.7093786070923,108.23958650949541,55.630586908068686,343.923441736868,230.13208027144677,78.96471661519405,608.0405618447013,843.6458035215252,148.36267210529365,34.693132069024756,141.15724701890528,74.50734415171011,145.68136603188896,136.50681404609054,436.51264768099776,86.45932267985093,188.3203066612918,203.97267197790282,346.56770571724223,27.270280288141922,415.8013805129011,58.355420964346386
5,25.26565528860923,1740.6481337814637,151.59909707778772,350.8657535667756,989.679859770723,282.1568887306155,234.0955318978619,68.9335260023707,127.66691745558177,559.9488595345467,379.88493033780543,164.8436649011259,165.16592143304382,450.29651855360254,51.58575330876279,114.999165073203,1341.6765544798996,321.4322644948817,400.8957529249352,1049.320215679974,453.5255084144918,114.98477387928389,107.65800154262111,216.74363726515057,107.10286819884816,118.82075624564106,262.1556977553512,12.68978139285655,250.275954866047,383.9031813372596,399.46929097898226,27.545414594925326,3.674243507758826,105.13266884008878,136.23108888256374,222.15769399127134,135.52505061133735,72.19200628259847,44.48243790527636,7023.681510150409,5022.990300191425,3755.878132424632,4615.0204364936835,2013.3050789125941,34755.438565269134,494.26535427283295,6884.737538380088,8833.564297799618,61.98921777617409,145.19322768766096,84.8057444677979,113.66656390652514,153.1133790007633,95.0353343868172,228.42502595294687,50.64877659780971,108.0471285446526,16.669809795535087,327.04911507701524,151.69177758248068,152.87457181312377,308.421668997634,39.347487255547705,170.89832086770994,26.217527060848514,51.373366994283074,85.83941223584876,32.548000061551235,443.1806834701661,203.05267516021658,92.08852361444336,199.66390901118794,48.688232570961524,77.91263621295566,80.57463076684894,44.905237038661056,326.5202558799154,183.52746136582394,58.8047483107261,340.33548976982985,372.09894868918605,72.43704620428052,18.901669917925442,104.77815984648457,95.87476794217038,68.93552399253528,87.76415193056415,340.9751031225896,56.53788109043288,129.4987019311565,150.90697992896023,221.18277030611216,11.340762696635972,261.9330950205843,43.27789738154729
6,117.10746334742686,3760.411148492811,546.8005914979999,1826.2879726951903,1930.4720354967285,1055.3879906537172,418.426671774374,236.55478464851157,530.6904364031694,946.9514620708952,744.0484022082198,261.537405192581,459.5361427114561,1548.182397057558,176.80529405243936,265.6484767948378,2622.1029659246933,952.0137887087895,1231.5098265085935,2085.0343067402587,1907.1432142802064,406.81858223293045,319.94069514734554,832.730943302837,347.21743697417753,382.76290898994824,776.3717162420897,76.31465688164486,605.1372793423689,1185.0681562936004,1003.7040076315245,136.4248227301475,17.76701347929978,218.93916079740168,540.4606633693522,754.6239974004405,453.685851218556,244.01274099535644,227.83108902581344,7573.634378028469,5503.378041199529,4451.209851114834,5348.509077843559,2415.5239057848607,40125.602063711245,531.0521149700417,8566.519528983416,11983.219703477695,192.2544244644368,227.5282159684054,273.60173348978344,414.15859403485985,272.45655539951196,274.9888328601231,672.1019012376944,256.26288567977343,496.5702467101271,82.08423938804383,775.8831677267511,595.091687577921,412.8301986966797,978.8888621590833,61.429099104055545,406.4019059928926,129.18180066786738,172.14637285070805,199.46588347416878,106.72841582159658,1688.7010162982672,573.5086143549403,327.92645929878927,524.9002393329224,164.80449598559915,153.16475075908198,244.3936172779281,117.71987264087613,474.7929405954847,492.2818916878248,144.55687513897948,1644.043970678427,2006.6725407547194,345.8017758833101,65.57874193644828,289.8932871960856,163.1392825513388,345.51423128656967,317.37552983926986,754.2687785733472,186.37155189947146,384.9564823422897,421.96423350004557,755.7195874573513,63.187480597073744,898.6005383122372,120.04679644125277
7,54.09772817634784,2317.235581501621,253.40546911022116,672.6326965602763,1270.7452106207477,504.39406968460304,297.18199952809516,123.49583446170206,238.36343081608842,679.7393715065384,504.42527566515355,194.49800426348983,257.35210549533514,733.9793052310459,87.51533400426976,163.67425682520016,1730.5078937607846,529.0735811080863,647.561694393119,1387.0781484175654,733.1943705881189,198.31843386412584,175.95879185363697,411.5722171438123,187.3757380321537,200.41458160177535,421.6427509881493,31.142046496398507,370.78220738255027,645.1746381248488,576.2433034579584,61.371029540882475,8.588925695861544,149.72348277158034,253.86227808338106,356.5846135744353,224.0018005713506,141.34628041787187,102.77059161472573,7925.2034733898045,6239.639769452621,3986.4659108225233,4929.859039169139,2347.9816157564183,39214.592184511246,529.6791843086955,8258.717541091177,10712.43087384647,107.19262138836694,186.86293107042766,151.91737790093433,216.85574051375008,186.55383212293583,151.00432658397125,371.0859223433878,114.46669384569934,212.46339337906937,36.273728610496775,473.01395567848783,277.39707916409156,225.2410404857482,524.115155845133,47.37066102775359,254.13599880610963,55.300259960823624,90.62846874782427,123.24890612269849,57.899318951942874,782.5089404527383,321.911637748501,174.24970096617514,314.7542626324602,83.0079162080422,104.44529526251293,132.26356551681295,68.55060645164866,396.29548555729764,269.43709805959503,88.51566643470862,626.0987875559543,820.8694887100337,154.06966861296726,32.140146644296514,172.6037303345773,118.39179039591293,143.76131903947322,155.99468716662096,469.15612034204605,100.34173595651993,212.5441494076549,247.73470016778063,404.345138061528,26.23336715303214,449.12349174197544,75.16064601655212
8,91.16915413536992,3282.8610107259624,451.08908651292654,1488.171155090859,1692.563147533696,864.4315466202947,374.6085366864623,191.29942083239806,433.85739983714075,845.8640456612432,653.5708337158538,238.9916999656272,384.21664610021986,1288.7314687332766,142.79473633227357,228.8790490458145,2295.228609804771,794.5348987293726,1013.175882713365,1820.4092181616593,1599.9650456576524,335.12057832365974,266.35495138249564,672.2777041130863,288.7133047578737,313.31270942861283,643.843374694925,58.50274810374047,516.2985310999621,982.9802056009457,850.5459482096559,108.0740490732137,13.928869070177484,191.72861770588514,438.25875536436473,622.5094271377485,371.632135809725,203.62816135358253,179.96923440020976,7829.914319392095,5363.10245682052,4652.651975425782,5503.531546391139,2441.3956067686768,42380.60578383628,509.7465919049991,8021.381434463536,11488.747592697575,156.82289413719533,211.39250741318028,224.58383330809897,338.4551892045098,243.84912926163912,231.23972170313965,566.7218377619175,199.01629272111253,399.4062963142537,64.59518911052793,663.9406962220528,486.9968685007594,349.46285760870643,813.9745350890067,55.651667362746224,347.0258844970999,102.04279919443304,139.85896865468231,170.2535629111989,87.13609604255403,1387.74315640863,480.4802728872571,275.3979988180234,446.3663072598057,136.5511588703701,133.29171646112394,201.89268751233627,97.270398119681,446.35719671236495,413.3932281064926,122.07497377433859,1344.9560664699477,1620.8770978542718,270.90577078615485,51.721711350737905,242.97778043410597,145.93681503113035,271.73557377919076,260.32537914656444,651.7253773373398,154.71090774169878,318.8248400812919,356.7723260470444,619.1023932429277,48.65720939723996,739.5856135818939,103.43593553260274
9,90.31383728744783,3001.845814291349,389.99351649228095,1180.2128031237692,1593.8776351185563,773.3733948264177,355.2910759737143,182.49100666577363,376.88648823665346,813.2766502083426,627.8598464188564,225.7219994175664,360.058993165856,1130.4449898852783,132.12260240292906,214.77575591174946,2188.77265496217,734.5304535924702,947.6096872545116,1748.991244939584,1210.0734689850349,298.1315504891655,247.77514391389576,624.57511294427,267.9824231399879,293.27787942579675,594.7954751961691,54.720184160364234,488.0402087165525,914.2011325348127,785.2436747893383,100.14820786620858,13.692730502597117,183.90662266540298,389.52476044388726,548.0402986211197,340.09103344545593,194.102313565959,169.64940374525335,8372.329562817646,5954.878171338713,4625.059136777575,5568.4606485506,2476.6647814677317,42246.93288290104,532.8357694226939,8645.438747715985,12312.342501095283,152.36995058797717,209.23126798255907,216.12255109711617,315.3466387791372,228.00031967635448,212.42791912610335,517.7305811666045,191.34427741225176,347.00743189157185,60.78791139272573,621.9268174748006,427.43012899648545,314.9240171347572,751.2190130966316,54.861588902254425,329.35576131980565,93.10278829298545,133.10492696745226,162.95255608908622,82.19645970476952,1192.2260108836047,446.7382645247993,246.7833634511905,419.1386048106083,123.9563171318656,127.97551693966277,187.63648716073595,94.0030554252609,435.2046892611471,373.79750879895477,116.74761009614944,1071.291202621385,1440.3540259483518,252.55452351263537,49.94932347017214,234.3457461171987,141.8667489884238,245.36645819477832,235.74856898228376,608.904667652151,143.5992145793485,298.56081626222897,333.68007768176767,580.1574170884528,46.06296887587328,670.3425756823559,98.10370973223091
10,24.172461553350473,1723.745407184423,147.52039497406236,336.6785618125447,980.6899004295747,273.7458894338276,232.4763836611944,67.58188613341848,124.06222860991774,556.2086872950266,376.73076372258515,163.30700763455232,162.64041202616173,439.99527558638295,50.56599656828561,113.66406421519456,1330.2694974327533,315.6699465727698,394.1093651214553,1040.6692713362131,438.3066486977824,112.27267364836287,105.6844409077593,211.8457879228172,105.1447890699155,116.43230375354622,257.8146179225765,12.307369887630362,247.63587317021802,376.8882580354488,393.0373779676589,26.652340280648563,3.562739700878847,104.33161688661217,132.81702630913276,215.02222737106285,132.53093242068974,70.67113209350525,43.00293492463778,6889.467666471188,4714.666845961478,3880.3269656014327,5125.108150353146,1855.8025205905763,35308.050086889125,470.51738621111826,6124.820400287205,8374.0608147953,60.813780061925044,144.58244936770998,82.07386910538601,110.82564830657428,151.85679059138533,93.53729859873961,224.59065965457128,49.17372103565087,104.45337170098503,16.10335351189701,323.08993630819356,147.70132452569644,150.21373040372873,302.9717109283041,39.07701385926804,169.0540156926976,25.60571409888637,50.56321999407004,84.57376912668208,31.6554400169316,431.79398845280394,200.48322337716405,90.54981145031789,196.78485978090745,47.25657918249928,77.25705073277595,78.91438034306162,44.35191390789862,325.68969679683,179.585569615114,58.173788662458016,327.67774419662265,356.73661156485707,70.48080325381116,18.549702236048542,103.05401143546698,95.10263078509027,66.8146235464039,85.30112387814002,337.44876105912084,55.64989147360295,127.02221176052215,148.8902661605688,217.1351978083425,10.822475873691685,256.54186367617984,42.73523416048691
11,76.026310445994,2924.1148445943345,387.3788566030784,1242.002323801739,1522.0502390292977,735.2250419544662,344.77895494527934,162.26714253617916,360.6509360679063,776.7746425980995,584.2657317943115,224.6706301373089,328.74914585373574,1088.2824301453397,120.23696359605485,202.26232141188015,2053.3596935944283,686.2640739589034,848.8563002616644,1627.8502214740868,1361.6697009496586,285.75537967479625,230.88236771413455,560.3394250059782,243.48337399498246,263.9495696316294,552.6599280472556,48.31843517795895,452.85445760805726,841.4171281656352,744.8110231991476,85.12265984423752,10.686596306870292,172.0691508937065,362.2045417294741,546.3756426612846,312.4324492860524,178.3268484147755,143.866743639599,7856.150145983997,5313.666508608131,4273.736330538456,5649.149075163396,2248.4752934381627,37824.58774362661,520.5172536490461,8122.754295914361,11434.646660330065,131.4807029525672,199.46448098719767,197.52274546205138,288.1773857286374,222.46758325687904,197.12970008983018,489.4293158572683,161.56909791094427,335.01124451140487,51.23774379053931,581.7190320072427,412.9557346974019,302.72373159300554,708.650322400429,51.98778675306971,303.652223912269,82.57846886953647,116.80095084280816,148.63133490959706,75.96387117904186,1160.1888202667556,416.4233170223708,235.12844407502573,396.34855825891384,117.16851931765467,119.15213401709637,173.6299285602447,82.04146881323375,424.98753312779064,361.65656065956176,105.92962497568767,1126.6103280971638,1305.4071759276692,219.0461847092049,41.650081038849024,209.04111487332983,134.0186545504364,219.2896888844382,222.77215980850315,583.3524899392675,132.90784184944798,272.09450813690603,310.7200644463998,524.1295614328768,38.538834675102756,624.7489312774812,89.94413859048248
12,30.745700914501395,1826.0830541028072,168.81234920033594,411.09881832289045,1032.0540071761432,315.80801003199696,241.95018000876271,77.46502581773298,145.76421512063817,577.5290702045877,395.53173716911726,168.1787760226135,178.7473826808906,498.37245766417294,58.1136752543324,121.9409965493214,1399.416406246999,349.32302946613413,438.131392267043,1097.4394190672294,506.6704643566448,128.08111101875107,117.2162887968029,246.4692627150493,117.51812032647,131.38270654078883,286.2041379225586,16.543743891328827,266.62571572481335,419.9757493859628,425.58205363439043,32.92062675597951,4.416997040658025,109.97505867444862,154.26911243442834,245.3649396518809,150.3054831465264,79.58513774146398,53.90961178262387,5630.854292114939,5994.150878374582,3529.4880445841986,4750.962361822326,2007.5623775834222,32532.88442616823,530.4189817309792,7651.135757944062,7566.6026958116145,68.18261713795532,148.34567409354474,93.624535673258,127.52657383756775,158.25775805700806,102.57106094648553,246.4512418639343,61.851254399928536,126.31802452015808,20.10129574511168,346.63409530573784,171.53941602621876,163.54377966848725,340.5282156149167,40.32493173835136,181.3030627113236,31.36413060443492,57.39919604587951,90.89125519797304,36.016526237047835,494.14892693298486,220.801712273216,101.723424748121,214.46836359157342,53.69544894035665,81.27474214196897,88.25070161836405,48.55915986154533,331.7914181888192,196.74180428329575,62.77454057945579,393.6870904865337,450.295189466838,86.52992906486894,21.54785228813065,113.24638964999538,98.94313674455917,82.46572445116024,97.80963139852349,360.4374150622767,62.39840101526301,141.13235747809497,162.45612269876065,245.96746436362784,14.280218869228163,290.1364865623297,46.34789535811971
13,88.13022944860064,3262.171481167263,461.3406991309296,1578.741437263164,1651.460094804623,860.1655047650485,370.15680240543264,181.5078347354944,429.95535203921065,823.5299168695957,625.0807480688039,240.7373337863603,364.01985545196226,1292.7908892845917,138.0966816625985,223.6282253467263,2225.122851506253,764.9646431872491,959.4131171210432,1750.1286921292476,1732.709064861588,333.2323072054789,259.0520446198301,634.6471370086097,272.59007444628435,297.14568526024453,619.6438319365457,58.31763659118324,497.0281391884106,941.3817780465723,832.7163911122515,97.74971307659722,11.715587520890445,182.72427932259563,418.14856144380826,652.620160514614,360.6097437683525,197.02265027460012,166.08605238721643,5659.708552476078,5702.63860889654,3581.1224634525915,4918.206051365193,2043.8267844158638,32923.24804266754,533.6898279643972,9018.826532512281,8592.772328345405,143.1975057867361,206.39711940297664,219.92619794143386,324.2726978127865,242.68766004658278,221.94616401556235,555.9511725651157,186.6563916505145,403.6104696370652,59.50549032999365,638.0740425719669,487.5124856344724,344.899652022607,810.5508255096682,54.47531127169796,327.8231989698194,98.08653245204246,131.56101606329256,161.7109227912175,84.82331322622568,1364.6805115315583,465.36639653943257,269.12221368922593,441.0347552322118,136.45701635267466,126.5711701490464,194.25498314509858,88.29358412849393,440.8631871760782,410.24557700616225,114.9084403343239,1413.6927243019873,1578.4311441462364,253.55119418549046,46.865554631406575,224.95652367363138,142.05653731464352,260.7715032149039,259.4645512383686,645.9890379073207,150.48873865448263,300.4565178420075,343.6269162466303,583.4213243623476,45.4757822858363,720.3484136257024,97.66567702200548
14,84.28984580794786,2852.8552013310377,344.36341046043395,1022.042100704185,1516.8737491843701,701.5716757735734,335.88851391945866,169.3209763616781,338.1807664289323,780.6190948902535,606.0092081840686,214.94821111364413,340.04453137088444,1064.611220476975,120.74050012383832,201.7030560658885,2123.162485947702,679.2420106279692,895.3506019632214,1684.861483768892,1023.4584262825551,269.9151240109075,227.17915202187743,582.734887606655,252.98511047885137,274.3810854109129,549.726281808254,48.71252991904089,459.62266493555484,854.7415957364265,730.9421153253943,94.87751363898776,13.376688769181957,175.46699046758752,356.61548350535355,477.058148220868,320.184660918057,181.81292532825043,161.8956117231183,5851.265293690788,5589.593933667787,3505.282324505895,4751.285742254516,2022.4254002955875,28859.785583077955,552.5077450907752,8507.029241605493,8598.147395781276,144.68773019416184,205.79059215126065,197.67452518671553,291.60360170923525,217.0690919184693,200.71184985798135,485.3980599529253,178.35873679351118,307.6411143245915,57.27209045137981,592.149500617317,380.9893080198725,293.8310050212905,691.4426540638834,53.18331738430783,313.04266146982076,84.9173077166103,124.15832687067947,154.12963154143438,74.89740124639263,1079.4399984597183,418.8042695023618,226.3414872975765,389.26034049618835,110.48706446187767,121.34234485478936,171.3503323261994,89.13846435238592,426.1373072688567,338.80115094139427,110.21934633753642,912.5627478348537,1433.899700734253,228.68734119055674,46.729645603240556,223.17109386202463,136.816790261329,224.12792824183933,213.83638185748822,570.3913332623472,133.09963233732867,279.81049250331534,312.35232671771223,543.0083264276011,42.53694216398416,624.6391650271667,93.7158364460745
15,34.87611765585675,2016.1897302911534,197.05460367708724,474.44441270319396,1118.9678401996598,388.0786713728628,270.9296359488761,93.6712241427885,176.04337584168445,616.0014147416341,445.7287098168158,182.40850474548108,207.1739883691905,566.0169410543956,65.16783340589292,139.4587105054517,1518.3578756871118,431.06208496129943,510.24041260804887,1213.7036241342023,563.5749784728212,153.77398578243668,143.25066523771295,306.3419237522077,148.75255242493603,155.03365557231746,336.89071650928696,18.64478246422837,313.8299229996069,516.946029837552,482.7989046403952,41.42238631421026,5.736036809478954,132.368126270432,189.01328833425399,282.40993850508346,170.88103476218572,115.16200862752068,68.22448146613957,4126.445602815642,4622.424126460299,2912.803238718837,4104.705546032971,1610.977547326376,24593.392161561314,478.8430002348252,7384.846882398902,7126.083142688236,83.88153875469266,175.40064608629692,120.88030214645995,167.50579053519053,168.57018131137488,123.2301289917693,305.988038139757,75.06607856445234,151.03948124487457,23.845743726096302,401.2878145141028,211.0018865462559,186.85042172806493,416.4330857330183,43.80740872610916,216.21030254119435,37.94739525776121,69.46906811054413,104.51799880466434,45.703403412847685,601.2446198739447,260.30908799723846,141.70571313813156,264.7009392818016,66.04386720450638,92.31750631417506,106.02074868791708,55.01922196749449,377.99764363826284,223.46986682820747,74.4066640239874,453.42035558247085,529.7954902835961,105.50225584900934,22.618101085046067,140.5981355897605,107.16018858314688,96.58962868820137,121.5676685473261,403.64742979840895,80.51266511103782,169.63385321592742,207.4822685658017,314.99785736226266,15.80032114849284,348.0987239000665,63.92482259959591
16,80.18345381495942,2981.4460054686615,399.4886890278565,1281.4999011993018,1551.5188556775486,759.8454980015865,350.33152666512996,168.6166791577718,372.174791771022,790.5220326898547,595.2350954666631,226.86101923713028,338.3539184989303,1120.1858670257716,124.85164606764478,207.12549991352003,2093.0718745547383,707.3263449484305,874.9465043434129,1661.2391802613588,1393.2159408177383,295.29794185671307,238.81402910881806,578.8751861127523,250.50401926077046,272.86503734192956,569.8145698312055,51.200380917904646,463.9843863520107,865.2870136978435,764.328112923174,88.59060233689188,11.162003927137345,175.20818270804477,374.66012524224743,565.4832149969407,322.3409532106092,183.80549952336943,149.983042197053,4762.301171090239,5444.459495921939,3340.2879640743886,4587.656105246916,2001.8446520986802,27154.487451943878,511.0116196554254,9095.861009313765,9296.223343176529,135.81541861311086,201.56599969781408,204.16787082853108,297.8291974927767,226.00121176915894,202.31501836852783,501.5925196241458,169.912851561798,348.44030858399935,53.68750094009615,594.4409857072621,427.2225301790794,310.2644035799361,733.4739556965566,52.62042603932348,310.54980898273436,86.4977169450146,121.09044713829374,152.1912398938768,78.2653126200303,1191.8615394978997,428.930554902308,241.7238301023944,408.1597559618165,121.28119086582522,121.34749866852178,178.80962851497378,84.76042901351735,428.39019339774865,371.5329348368034,108.6380985190505,1164.171761473804,1352.4364747600039,229.20232038867792,43.41401881534067,215.49187899221292,136.14524889521775,228.58068347292607,230.71950962064534,598.3151193672503,137.49867234802585,280.5665851854526,318.1305220461851,541.3503618607712,40.591236900966514,645.3654671817112,92.08937341381572
17,24.939104110664946,1684.5308429242953,146.03960330171694,333.63832665401526,961.5391440455307,265.1314741908203,225.4467984286229,65.6013082915295,118.82197000175604,525.5970492699754,363.9554986780291,90.80667900602268,155.456309458236,448.83112142705244,39.94578708177706,111.30944395782949,1289.0247498479453,286.4292485128454,366.354602332643,1030.9369066196223,441.9031179954534,104.85463638866646,98.70077211922698,205.50486605572038,100.0396896441251,114.24084457050155,244.6231314203852,12.606486236437167,241.5276056958341,355.49891342110163,345.01034172543893,26.633728248767287,3.5165179933547415,100.62687420504412,122.33811500418533,207.95306502000636,131.74822552702366,65.23104110760832,42.46021113016093,5215.555529103386,5446.733334726673,3113.9817559399316,4303.5139222661755,1853.6922112363693,25639.527908011074,494.8660038577179,7073.948908242415,8080.5466365302145,58.006455191901026,126.2090704782293,75.00758240491156,105.82713688471792,149.6156862086146,89.09067498062376,215.1116471731907,49.94995624352763,106.8054263467017,16.131086067123842,317.5508269424845,141.71589440637365,141.05707067249213,287.20255786162807,34.94373158036863,153.2682814941497,26.200236898646104,47.58606638502405,83.27395349998397,30.87442297682764,382.1122550683549,191.12036714553014,87.24750671302013,158.81021507252083,43.24347753216819,73.64331612275203,78.47867539695864,43.45875597350535,314.0192221017827,156.64576548257835,55.39735902945325,335.3006903642391,370.24052101544567,68.68795299816136,18.907373649280967,95.19033235619173,93.15886360442842,67.31275270713157,80.10524775053781,331.58930258866155,53.77232776079681,116.36973797912047,141.6465352218136,195.84241216511947,11.297493686150192,247.93011781566182,40.01222319013368
18,85.92701993094602,2836.433932827825,360.7168272260063,1066.420562633316,1521.693790437897,718.3909204759157,329.7018756146144,171.41138662228292,351.23050950820743,761.7310794354865,598.0025741791242,143.7444522790609,341.3779326240787,1071.0026890445588,116.9243913727251,206.92102325556993,2090.2245935430606,657.0249848153695,894.4694168410809,1681.7449004966136,1089.791263752114,268.48371102763184,226.4961292653891,598.5104479335467,250.3335679762955,281.99235055597245,556.4056727240124,51.33630243315102,453.21998430285157,849.7407798987814,706.4261980757942,96.59563856066153,13.259615116733226,168.96303959854689,355.7476889849352,501.6165530260175,325.1087264539483,174.6043774961911,163.67789427772624,6283.349654045943,6299.224841474131,3881.4443034791093,5082.986014875111,2334.199979250585,31816.572033113047,581.5158032051886,9742.017560287344,12419.424038991565,145.00874592794327,179.2398374589421,197.72340049451284,283.94755409164736,218.13365100850817,198.78319290166792,476.1647558012011,184.17382941560462,323.1311487122565,58.65380019082583,591.398676348798,393.6059012023944,291.71154565424786,677.7642025915542,49.32297331196094,302.5774152148448,89.58744770319001,123.12628409802412,156.11522617160193,77.35227068328787,1062.8841241647738,414.09794925246797,219.32647976024657,350.1079390806141,112.07057883513994,118.8050438090831,177.81091762619448,90.80869193794922,394.08803520860926,330.2656710626719,108.88692438647013,991.3081648847517,1380.284672038591,239.12973060905057,50.351140494906794,219.65684015038062,135.6247204353232,237.3022119303556,212.04169040104742,570.9802147294424,132.83556490269723,279.07720098210683,302.1351637862409,522.5806725361043,45.06246949276905,634.9319735432438,86.33079100952463
19,45.46746423142497,2088.5320568376214,217.76774826319613,561.989559422798,1157.4737391477586,424.73213989504734,266.0962916944391,103.6948089778937,201.71525192646916,606.5270863957581,449.012479454258,109.65702071582425,220.74150135279447,644.310141650854,67.88255606008369,149.42654649764054,1556.5914786341893,427.0007619215708,537.6652394966475,1257.8290336434568,641.7607131806387,160.88166147526152,146.6645467301648,348.6227882681407,155.696739533161,175.19128398460217,361.0059989255978,26.520003045736658,319.87794127307734,540.471407301377,472.3261465438789,51.07171453526548,6.877179492180822,129.13255217636186,203.66341293956148,304.5707489542574,194.41674443101547,115.069170391846,85.28149372182426,6283.83368039968,6693.2374927861065,3326.3201028810067,4581.3683725000155,2227.3245912942243,30852.771044485722,550.806744056219,8590.417354350448,10517.585857500691,89.87414342281694,153.02326623151754,126.20911144880323,173.36198581256733,172.65336815902884,126.94177163222656,310.08724313113663,94.97066033048387,182.0667730874685,30.323756078035785,421.1498014056056,233.11006032776265,191.951635075895,434.66734316402926,40.5766436364204,214.7569085539354,46.7488823534957,74.10688378854127,109.29435365886215,50.51138254291168,618.1582700734114,274.35039133989545,140.17035534733796,238.14728373676485,67.57493224833928,91.6957908641603,115.21556300873613,59.943810278750504,350.2122103377318,218.9487766382543,75.56372228178019,545.2183224955916,698.2220971503901,126.2060390907184,29.520568081774364,145.43003371273858,108.23479274604068,122.36507446873685,126.15104872595758,420.0644347202074,84.29966100232356,178.9442582875853,202.13903956495372,320.4822548357026,22.695787594007452,387.07940508400037,59.5443869737181
20,45.105356868626934,1725.7121807055712,209.61802151654447,541.8023580481374,1154.2398380342577,406.01732544773506,228.61962432067133,101.73520255606101,193.202558319781,442.54292288108826,410.54084594801753,105.75150963500063,192.8093516694187,638.8263459032472,66.15995028170437,140.51744598583772,1201.207570107742,413.7922889812279,496.3411684087793,1130.4933190228458,611.9244806397113,157.64651253650825,139.77716052735244,337.021339455401,150.80027594297508,171.6502484504936,347.9407529175083,25.012117539969644,312.5131938480799,514.3326067383726,460.0463764535522,53.24556931477832,7.532165762738892,102.17573809537122,206.58589958073372,280.9054363161088,194.67989939755032,96.30366323792568,84.45276382992246,6053.333909527707,6325.196411057596,4106.307249413398,5030.925513177667,2391.8264668011857,34489.54572971316,577.5709485922091,9232.439448559062,12286.738840011438,89.22643379978524,140.65991175637734,111.09526221146521,166.7876607194821,111.00237096267601,122.34632795182677,294.42185412485,95.85491841171853,174.67317603951267,31.69748304019702,366.3507258002942,219.06428377134898,189.2383454615284,406.37413180014426,39.243995562871895,204.17586502191426,47.37173157244187,74.43740949966478,100.29098987153613,45.41094797525962,613.0686463631382,265.202682999296,129.67739897310898,216.22948324487828,64.23606619854576,90.09175019812197,99.21901665945617,51.63290140519523,337.2713936981859,212.8646496525488,74.3124329890895,523.6902192508092,698.7889780925084,129.41263693769946,31.294270192901607,132.01699952012214,70.88424135646271,125.26589498790406,121.58175348567369,407.45349446842397,77.8618403732618,172.36746765599742,188.88934801937458,309.87608890717934,23.592785010970644,370.77556120102327,55.882164056052915
21,81.89705799273386,2327.6497983646645,311.75176313533206,939.1163020992899,1428.090191596099,620.053197720932,271.7521745183124,153.99807937531295,312.2955031385056,556.0521964809136,529.7036037874469,127.8513726781816,287.251664268581,1002.2051733994105,106.01132181698125,186.471844634437,1640.1714216065386,572.8981106863778,790.8350894825115,1465.4851684163727,938.1302920125676,237.14651324020798,193.83656432018654,531.4207262707215,226.70625376772807,256.43495484653306,497.2900353863644,47.38418777186713,416.83045369656224,749.3112541381531,631.3281625303085,91.17316970098251,12.96217088780799,130.73834631119308,320.4973988121029,415.29316057495646,304.27868318071563,142.64725977381474,154.37331826365377,6557.694411210915,6522.033812125023,3991.6667226175723,5141.692004574252,2425.8070551699893,36324.15786283894,580.174688471448,9445.630729923163,12394.39796775956,132.77724429696866,163.000378951896,162.05092808905954,249.72787081313425,146.0690848860503,179.96987810240014,430.209660194332,173.0233702351115,283.57963221188385,56.20818398545571,500.66023636819386,336.5981339823456,265.58906919205344,598.7808016750828,46.01981664759779,270.8209772059699,82.1072140393464,114.90737896833308,135.31102949800533,64.3358946390148,943.76875939005,376.0378374074712,187.00468774197134,298.90378261015354,94.74574663301779,109.5257963027142,142.0571063947318,75.46079159216471,371.56732405587195,285.9494160014907,99.18320133992377,845.3571217220118,1352.491737799965,218.3274765742958,48.90550500915114,187.1230444977176,92.07011429235952,219.92913926141398,183.98128957916703,520.5179782704212,114.90919072431485,246.99477023373848,262.30233465923556,466.58737521025097,42.8065406743563,569.1359303165912,76.0289723553404
22,23.97292084615728,1720.0340468950506,146.92274149669245,334.5465759070484,978.8615844838117,272.37961677608,232.18094717724333,67.22736235267716,123.36867935578992,555.4245698072941,375.93550682644144,163.16267964731063,162.00982464566283,437.9107532471608,50.315602040084435,113.388000615437,1327.4129656584196,314.51338538641704,392.2151813694345,1038.4394523655396,436.66673405080144,111.77721213511374,105.29843619020352,210.5550695134243,104.64206272509381,115.86613121299077,256.83434998238465,12.187742327735412,246.94862010345312,375.3122739063064,391.8982523770803,26.399039819818363,3.524478254596657,104.11415626153997,132.0208007687793,214.29913446853996,131.85966198338446,70.37472696534448,42.575278506065956,4583.914299920707,5348.11139864174,3343.8416887630283,4539.217609620124,1788.287233178515,30768.498998243933,519.7416694041971,6728.234039893522,8843.370955725923,60.505266881143335,144.4458705341457,81.74888897303981,110.25996008812366,151.6461104757809,93.168729476958,223.75714131214534,48.703444271853314,103.80583304681683,15.94982340466341,322.1769891405742,146.97629433475416,149.71923753468928,301.824836184048,39.03245622562296,168.57114655417428,25.385347541185148,50.29635851430438,84.33693561741637,31.528547625464086,429.59080719789654,199.76352072937502,90.16429105486696,196.24629360032776,47.066724917402844,77.1078795244859,78.61797521490087,44.1751363396328,325.46593998439494,179.07606276082458,57.98974626261963,325.88429944240806,353.0392966165249,69.90106969432026,18.432011964572943,102.64960247792737,94.96508330731632,66.23343702059847,84.90349543006815,336.7285740892269,55.40869906539369,126.49091041151503,148.38947710416647,216.04305146193312,10.706722890635437,255.27536137202884,42.59284346166458
23,76.26362827736455,2927.6014794270623,388.0719215351014,1244.2796063386866,1524.2737618126084,736.5961578332622,345.12282363971417,162.65363157583977,361.3701543935905,777.6260808584045,585.0362882631084,224.85418821504243,329.3400188216379,1090.0279270111753,120.45636150954641,202.5354790790087,2056.0181376278833,687.4651927789013,850.5243055907259,1630.1919188509778,1363.2921800008655,286.18497338178736,231.2848393832548,561.9192837119592,243.89553210619948,264.60631040578954,553.829565930439,48.35427501371696,453.5528500832334,843.2745034376884,745.7583572362104,85.3309183493178,10.754401401547591,172.38202297343176,363.14751686759337,547.0188224165092,313.0770820075916,178.51185945882355,144.18203732984844,6036.949576066882,6115.2623455251705,3909.046547653631,5044.051368709402,2274.3579918526693,34715.239830567596,585.3229393531534,9122.15794248414,12333.603032799252,131.84055427646172,199.5967009218184,197.81672897968795,288.7270913176283,222.6414548925158,197.41980903062804,490.07927612196073,162.10282087047557,335.9464704958467,51.40870949354707,582.6271359538138,413.9142081428761,303.25164268727883,709.4082864945002,52.051717270908306,304.1447794928891,82.75766804832648,117.08427927413831,148.948081566161,76.14016442520284,1162.5256744225983,417.03356287446644,235.5623966809604,397.05518420987227,117.32882993435601,119.33714506114444,173.89921165053457,82.29573791827362,425.25923782860474,362.2924755832139,106.1654898407437,1128.724394084781,1309.0904455349612,219.7600754917359,41.74549249350208,209.3874051782889,134.1528117734765,219.89702880390485,223.14944672817182,583.9714535892502,133.15678341133463,272.56623786701806,311.33563784164875,525.0149022405204,38.66572706657027,626.1268276657449,89.98288435886951
24,30.90213695436402,1829.1241125990841,169.31652851147214,412.87773341395985,1033.5679980758664,316.8667381531725,242.20493343590744,77.75174450379698,146.33232494961297,578.1577202966672,396.10033132019686,168.31341756775842,179.2234713099462,500.24823717620995,58.31563757204979,122.16184742912746,1401.7537447249465,350.17785798117296,439.58532722576626,1099.1839472888553,508.016879808094,128.4191678479279,117.51027231443949,247.5057120194023,117.88862673667094,131.85976381405413,286.96258633873464,16.632374836514153,267.14975224224787,421.1647601533397,426.60639488612253,33.13275983789849,4.437338569061215,110.16781887217408,154.92197863174977,245.9228787166541,150.87795187444473,79.80114540022166,54.267525818099045,5755.948927727686,6120.723097712655,3542.7314511001505,4544.516800211718,2089.536354194486,33444.86294957791,559.7777208374928,7726.436725261889,9305.95293984299,68.40734259460008,148.44011690398813,93.87105562462047,127.9891014476879,158.43695723579805,102.87473090621886,247.07892331180418,62.25905361220201,126.84932586916518,20.23448432394209,347.3552509198414,172.0518288131372,163.926878453414,341.43486659517316,40.36561479515775,181.7074716688632,31.50894291378144,57.61956260358073,91.07626624202108,36.105157182233164,495.9816017776913,221.37902422218272,101.99367648262053,214.83887000177435,53.87028922020311,81.3633730871543,88.46089741186367,48.68024038775479,331.9304186329077,197.16074290398052,62.89271517303623,395.0562690769103,453.43456535039695,86.98519184341652,21.638420521735327,113.54327910026097,99.02498718027677,82.9345482486433,98.1065208487891,360.98276175232417,62.60084765508523,141.6128050060941,162.8837791173325,246.86685051231171,14.382895155453788,291.12595662251346,46.446212745401795
25,87.92003365510102,3258.587981913568,460.5376930811084,1576.4883708314583,1649.4424089158683,858.7323956568333,369.91900025195724,181.2351613904707,429.2356493914216,822.7404718387099,624.2254352316603,240.60414520752988,363.5689515723582,1290.684088128547,137.82691425020383,223.37444056379127,2221.9674929932344,763.5281438243,957.4128668280629,1747.9986435121707,1731.296297281776,332.7203787406653,258.6302000665163,633.3709482623619,272.0815362362046,296.5925894165197,618.6964978994829,58.19268148813507,496.3791475679279,939.521981163995,831.5704850122052,97.43926260739616,11.668123954616334,182.5116619185718,417.23125537724536,651.9106286310266,359.930239855265,196.74658667484255,165.78044513906377,6317.528653159333,6509.54123765744,4290.111494568718,5126.138808257605,2456.5250717540384,36029.20570099269,593.3045344521092,9742.758506759183,12408.629181288601,142.95098583537361,206.1767528452754,219.59443729961993,323.75350451640026,242.46099730151866,221.54466099065175,555.2363131383751,186.1991915835476,402.9140144503084,59.37375471747775,637.0521229307591,486.64942364365135,344.41968881671266,809.3395359254688,54.421551518060966,327.3538908502315,97.91847268166373,131.29706051615594,161.4547163977583,84.64508269164536,1362.6216582638926,464.73629348103856,268.754613211654,440.4734259127047,136.27055234231207,126.45396419967564,193.95906233904265,88.12455571390552,440.7009392709576,409.7050735371632,114.61203520616313,1411.9254329414339,1575.4893716814513,252.9680703712657,46.743505460987436,224.55405200451114,141.8846029674261,260.26151203850964,259.0795151650225,645.1143521859835,150.2489992125879,299.81769698572634,343.0709144702764,582.2623415654707,45.35567040383651,719.0068413953015,97.56832827893308
26,84.4554839678024,2855.2850453310093,344.6801571169979,1023.4490564187389,1518.0772896148922,702.3645110591929,336.14036141397435,169.6382073403469,338.6360292074799,781.149427595051,606.3249861964229,215.0523403661843,340.32495386958556,1065.791513446465,120.81266411745915,201.95490356040418,2124.744281942102,679.965587852597,896.6553657136545,1686.065024199414,1024.4648476164082,270.2502749074553,227.44262324690922,583.5872945111696,253.21661644496388,274.825693103154,550.2793776519788,48.724637971661835,459.97089252893323,855.5765670451668,731.5397688027642,95.03733993358426,13.388312499698067,175.6006633685228,357.23154122270734,477.26689104805314,320.3599855200083,181.9417550081373,162.23076261966608,6332.426949633806,6051.714660395451,3851.6865188362435,4748.170234883168,2300.9180638854514,32749.860729135587,577.1415523440189,8667.060531921847,12054.833201117117,144.84610352244383,205.8884252164379,197.88084640337644,292.025446262549,217.2095453288723,200.8697388641585,485.91434731668244,178.55391860176084,307.84501393072827,57.364111651299005,592.8168964777836,381.5700102235731,294.124988538927,692.0805062759549,53.203174590606174,313.34584710744923,85.05194926175521,124.39225444731616,154.29236376865992,74.96133176423123,1080.698751610192,419.3142606787561,226.59963097945507,389.5853206285346,110.62364329544194,121.4261325789263,171.5677929512716,89.33122455011139,426.25935643927585,339.073824286418,110.27649634590729,913.7822708948354,1436.6574307991998,228.98035606398363,46.841524009458105,223.43359644284675,136.95966528225617,224.37977573635501,214.15022258142318,570.9114952029431,133.23136794984455,280.2710828250161,312.6991013447761,543.7595100122046,42.61394937865338,625.3051079213187,93.76475297866313
27,34.77101975910694,2014.9309771406797,196.8352057635957,473.69032318596146,1118.247168907661,387.46890984287194,270.8114613552957,93.52253725660327,175.83608598081383,615.7040409692636,445.4347262991792,182.36346278973116,206.98800868093278,565.209091783526,65.0714533070302,139.3565185413309,1517.2202030628475,430.62910099957435,509.55219089707424,1212.7679138276555,562.9376105828545,153.60980058889666,143.13055335571315,305.7302249337975,148.588367231396,154.84283266301134,336.5100393348844,18.60409940742199,313.52189414093004,516.402620435924,482.34993804921055,41.335692657444284,5.711820704237061,132.2877288010289,188.77403321446408,282.1212825306001,170.6170792150491,115.02785140448059,68.0816064452124,5077.919342031936,6116.205353441862,3971.4914047900957,4931.312155076306,2019.9505243520416,35781.23278331571,527.1876201774273,8205.570830484254,10972.083286829888,83.72946161377357,175.35221387581313,120.74808221183922,167.30624982799733,168.46266180410086,123.0790204950599,305.63884190216896,74.8418374299124,150.82541087453623,23.799733126136704,400.87614072499065,210.77425515698212,186.659114496654,415.8983941292773,43.77399050087535,216.0354622613479,37.87184100940651,69.36493885800398,104.45164667630156,45.645769082371984,600.478906626196,260.05288160377927,141.5613851508899,264.4834786567294,65.94603413932913,92.27488596894933,105.940351218514,54.94269907493011,377.9332287983194,223.27371637574814,74.32820384300368,452.85127710928634,528.3260570175181,105.27462445973555,22.568700230352604,140.4063440362447,107.0812440800583,96.32761042948408,121.40203038747156,403.3403695839417,80.38044517641708,169.43043793189554,207.32728549225357,314.620570442594,15.759153769581625,347.64733569835755,63.87832767753148
28,80.14228643604821,2980.528215079994,399.4194309668647,1280.9254951829641,1551.2771789472345,759.7321666290544,350.45115422502494,168.73340078503773,372.0725998069012,790.4518059846532,595.2258933466712,226.89782771709795,338.43286300201885,1119.7766148471835,124.79498038137875,207.14438847560868,2092.556555835191,707.2667733295353,874.7242004972924,1660.8008687564804,1393.106484022045,295.10711894740695,238.9002384434792,578.8456424643572,250.43863577661733,272.806918689349,569.6508689597703,51.154854640049884,463.98099609727683,864.9208661865861,764.1348684033436,88.5910866589967,11.12713273558902,175.1612034638755,374.61024006544915,565.401848883328,322.251837943319,183.71396264555509,150.05569051277868,5976.0072695960325,6612.763735274157,4111.13208533522,5138.877697377766,2192.0863532292087,33452.12778115048,571.9900147105317,10078.246031735256,12652.632099922002,135.77812581103836,201.5383933378383,204.19402422219233,297.8374309685589,226.00508634599765,202.24818191806023,501.5736310620571,169.82906383766104,348.4466047713623,53.6715183106365,594.4768255430201,427.24384035169226,310.1786785673798,733.4076035681938,52.62091036142832,310.4631153259684,86.4347550713857,121.11853782037434,152.17089836547362,78.27451474002223,1191.5840229318276,428.7634637761389,241.63229322458005,408.1229474818488,121.35044892681704,121.33296900537664,178.7408547760868,84.6562997609772,428.3189980483375,371.5397153462711,108.58143283278446,1164.0216216213043,1351.680447954352,229.04443138250076,43.42128364691324,215.59019637949498,136.1166738910323,228.45330675935372,230.55096552816175,598.2657185125569,137.50109395855003,280.51766865286396,318.0447970336288,541.1876296335457,40.66969708195025,644.7198658159623,92.03512933807389
29,25.171696800270688,1738.6459462000641,151.19275083182876,349.747453826705,988.4830998496686,281.25217503877843,233.86111999912035,68.69669249310499,127.26202417593731,559.4185268297492,379.48923917815296,164.75358098962604,164.80655443125414,449.3438569733865,51.42641133627114,114.83691716808232,1340.2439296937891,320.48008723677043,400.0346282225335,1048.0488701547745,452.55347395008226,114.62443823328452,107.34512946289585,215.90721299009562,106.83019485382444,118.47688755120619,261.47716248647333,12.626335197122792,249.82650395275746,382.8507494034469,398.73602731225776,27.395759064530427,3.649543080412095,104.9641247476052,135.65183964517766,221.67918375169154,135.19280564741857,71.99246557540528,44.278053977034794,4566.190730819815,5058.566491598162,3120.0827944536795,3901.476085071098,1818.8479308684198,26234.759774856797,479.805163257866,6911.248190897293,8641.212172272124,61.797426222658295,145.12348530456433,84.55195968486287,113.24714096373556,152.99811033981192,94.85952546276106,228.03611530276206,50.41678630959238,107.62237805870981,16.593286902970707,326.4829425364598,151.20890844395734,152.6077103333581,307.64675362989345,39.32036521767679,170.55929539432344,26.106132976735807,51.22564875230753,85.69508424860707,32.43709029954337,441.7529019051041,202.582398396419,91.81585026941964,199.23964284734998,48.55504399213112,77.78332221096396,80.33925022389775,44.79142134402416,326.3885202673995,183.08963418305052,58.66284193400861,339.22397053922697,370.7094285704062,72.06896140460375,18.826599991675575,104.50451785725119,95.79776072750117,68.62458920122938,87.49777477290334,340.44912931673565,56.38386666109445,129.12335229990717,150.55923665768665,220.4311023994038,11.278769467216726,261.23663983382744,43.18248592689424
30,117.5084820502326,3766.0995116141316,547.9072675075544,1829.6995376016682,1933.562010525594,1057.9582880640917,418.94102184971183,237.12047286696216,532.2741696859891,948.6926000377873,745.5807973479268,261.84010650810467,460.6248988031316,1551.2801212401012,177.1709572415919,266.1851056869981,2626.5500114913143,953.7621915072542,1234.307755308242,2088.6042449750184,1909.399186644541,407.7073132953079,320.7344990771748,834.982556768228,348.09212269551466,383.46953494090667,777.8130588260872,76.46285944572524,606.2638125582216,1187.6098786997893,1005.623376132997,136.84521431714677,17.888578327614084,219.29755915498168,542.0967034394945,755.6493072963823,454.72908103237677,244.53193429174263,228.66654465665874,5090.253768272285,5290.862571798295,3299.919985944903,4355.1138652325535,1991.5242784248376,28181.250314200126,524.7671084360301,8354.395747389979,10941.753330127303,192.600230447291,227.83624482708228,274.1785611166453,415.2105416465677,272.853699525479,275.51771259860607,673.3766370176276,257.0261773169979,497.7539299343508,82.41357841933356,777.4422005822241,596.1523529875159,413.42204030879157,981.0048654351199,61.483827501902226,407.35892647205213,129.4123379897702,172.59194918715886,199.92598947376473,106.82915481940286,1691.733356996657,574.5954331581964,328.4965064161834,526.1357450223638,165.2224659620742,153.2407893295415,244.90070252169332,118.06519430162552,475.18717878882273,493.2529575080247,144.8542489113499,1647.0278791663332,2011.7070690345088,346.6546671099295,65.7913593404721,290.665780953302,163.3606177532497,346.46495557836636,318.17514563435714,755.3681897513292,186.69750067602732,385.62387820275626,422.87282176872134,757.6098966325334,63.341495026412176,900.4269169695808,120.26667867684914
31,54.11419512791233,2317.5319866297814,253.42581063862434,672.977049576816,1270.8193119027878,504.69434938960245,297.2270414838451,123.52005056694395,238.49032320755595,679.7074062476191,504.4083243914842,194.53432842135265,257.3119067606336,734.0156293889088,87.58943528630995,163.63357376839377,1730.6338175080423,529.2401879121505,647.7602664561025,1387.5726412866047,733.2529735628043,198.3203711525452,175.99560033360464,411.83665701305375,187.38494015214562,200.463498134364,421.73428786596367,31.170621500583945,370.79625272359056,645.4032381583323,576.3571191525953,61.43980327976946,8.57439603271641,149.7191238726368,254.0090276811469,356.6868055385561,224.0749332091811,141.47995331880713,102.77591915787895,5078.683916382094,6094.791182952943,3158.57572027786,4215.081227102542,2063.035967211958,27933.761718627982,535.8466759284318,8204.10966103007,9428.162220872617,107.17276418206859,186.89247471882277,151.97743384193421,216.93468501683864,186.5446300029439,151.0634138807615,371.1033579391619,114.48994130673155,212.60239382315783,36.314895989407994,473.0899942489474,277.37673763568836,225.31901634462707,524.2260656071409,47.36727077301972,254.18975855974662,55.37726717549285,90.69724248671125,123.232439171134,57.93467446559604,782.8901019492457,321.9639445358235,174.25260689880417,314.8380503565972,82.99290222279222,104.44045204146455,132.31877823676447,68.6319725652614,396.3526355656685,269.55478833107065,88.57862830833753,626.1661083285268,820.9745866067835,154.11422624661233,32.12125808220784,172.59404389248053,118.40002387169518,143.8300927783602,156.08912997706435,469.2336118788201,100.39355842173758,212.59839348339676,247.71968618253067,404.440549516181,26.220774778306357,449.2189031966285,75.16936381443921
32,91.16915413536992,3283.4896608180416,451.07504117188626,1488.5353653136972,1692.6212661862767,864.616073342238,374.71460322742183,191.48733780907514,434.021100708576,846.0059520379607,653.6841650883858,239.03722624348197,384.272827464381,1288.2752373105193,142.7898931112252,228.94007363102406,2295.6552975791333,795.0419839731378,1013.6253336266545,1820.7128881213928,1599.850261318806,335.0876444205308,266.3660907909069,672.3745685340539,288.7404267957446,313.2637928960242,643.8966501264572,58.5594137900065,516.3697264493733,983.558970516227,850.4805647255027,108.11570077422977,13.95938136278227,191.74605330165932,438.3391528337678,622.8639509184898,371.6776620875798,203.73713382717105,179.91063142552437,4298.348250761042,5012.821110110713,3045.0253754181167,4094.3970256613256,1795.1967808774955,26107.38306128444,518.2407914148814,7340.675198772061,8513.013707584538,156.90135431817907,211.34940274584974,224.72864561744547,338.3961019077196,243.92080893315512,231.31237001886532,567.0565043363605,199.1577147757252,399.67364211612414,64.61310902840692,663.9765360578108,487.2327333658154,349.5965305096417,814.0127965352889,55.71317627006063,347.0258844970999,102.09655894807004,139.93403858093217,170.2090052775538,87.21407190143293,1388.1548301977423,480.36161397157184,275.4609606916523,446.47818566602325,136.68095719446663,133.3396643495029,201.94547862176358,97.31931465226963,446.36882044288103,413.52835397374236,122.18491489213679,1345.3866288211486,1620.562772808232,270.79292373572764,51.69313634655247,243.13518511817824,145.9731391889932,271.7936924317713,260.34184609812894,651.6779137710656,154.71187638590845,318.75073879925174,356.71759764919767,619.364411501645,48.710484828772124,739.8684576911193,103.56476521248962
33,90.29591736956883,3003.2702056016774,390.1722313489661,1180.7111705696473,1594.0970330320479,773.5128795926111,355.35210055892395,182.5379859099429,377.037112411258,813.5430273660035,628.2177604543316,225.84065833325167,360.4391860181537,1131.4175086717928,132.29841132698522,214.93945678318465,2189.9006411443374,735.2201282697594,948.6640564767437,1749.5162501012283,1210.8353076559447,298.27055093325396,247.76836340442804,624.8666748513824,268.20569563031813,293.3834616446514,595.0633053201444,54.80397188450119,488.30561723000363,914.5183635134815,785.77642910466,100.19615575458754,13.716946607839008,183.76568493289517,389.8623329509592,548.4568156312803,340.2285809232299,194.25971825003128,169.76854698304348,4924.8384899951625,5685.051516956452,3506.890401258266,4240.55671275509,2175.8083977812244,28474.26518762703,559.3409596973218,8380.812663607541,10066.593741222872,152.43678703844478,209.32813240352664,216.2111820423015,315.7161765451285,228.08313875628176,212.63424034276426,518.036672736862,191.46923251529992,347.1759759840554,60.79323893587894,622.4164671227916,427.4834044280176,315.0877180061924,751.5459305173971,54.877087209609236,329.50396388388606,93.12119253296929,132.9828777970331,163.03585949111832,82.15965122480185,1193.1191008449257,447.17948196230657,247.050709253061,419.08484505697123,124.1083942727847,127.89608811446936,187.76241090799377,94.09362365886558,435.13833713278433,374.11909867656715,116.82607027713317,1071.7266081936343,1441.2689104043905,252.5598510557886,49.87522218813195,234.4072550245131,141.92002441995595,245.6783616302939,235.83962153799325,609.2989058454891,143.70334383188865,298.9080752113977,333.9750298436139,580.2339399810172,46.16806677262309,670.622998181057,98.1380966016744
34,23.73278953558668,1666.0901018372845,141.06126456398357,316.65548166905535,952.2464638282007,255.92626840949777,223.59233157241908,64.1160494965191,114.66763594099267,521.819861374252,360.97039086609703,89.27570404984665,152.90239838411722,437.1413382197163,38.79129970570816,109.81956462403649,1277.606316479838,280.43045825664495,359.7597851636037,1021.9094849399874,423.6332536934019,101.75928726739065,96.49524553782848,200.36109219444128,98.15567392097515,111.85974357744558,240.0466033032975,12.056275564809372,238.6505204003584,348.1509837559813,338.36687729906987,25.783067900382644,3.4256992333378427,99.83819369557916,118.97744360130442,199.27446908501912,128.54947440633546,63.628315162490736,40.96288654830806,4109.377393217298,5252.2443279879735,3268.5255819843414,4305.527959009723,1680.8914921044875,26173.73518964723,488.4409462754438,6682.174675948114,8192.461601602405,56.96960926087641,125.57201679042501,72.16931678614766,102.92239454545029,148.2434351417655,87.59279390384661,211.26012004620307,48.276943580748764,102.6209024483734,15.54012943223934,313.7119536541094,136.99052907930457,138.36134306122682,280.6940724592272,34.67774807321931,151.55012476108018,25.41192909838497,46.7021399884163,82.02355071383232,29.954114642710195,370.5661957370331,188.2136391606268,85.42061044941833,155.60279541034743,41.59684293867724,73.06312030881467,76.65189422382888,42.96673629270602,313.067212076499,152.5438484793495,54.780773248430684,319.79763353981133,354.25843337252763,66.44586564683077,18.56547175323405,93.60892189075264,92.39230203896491,64.8647163435005,77.37328323286897,327.51617859521616,52.70122266530005,114.0273786879057,139.46244556233117,191.8785367963567,10.737958601602095,242.2903741300847,39.46606492561665
35,59.77065296419573,2347.240603111206,271.6087791495701,749.0973420322732,1281.6750490987743,531.5847517011865,289.2182714849228,127.58936083304259,253.32583168211514,658.7497688565707,495.7729042537849,122.37191811170723,259.6942513312996,797.8220606030665,84.96941204495609,169.1435954620043,1734.254835644236,508.0910396969033,650.9754554633753,1399.395895349796,814.2723751403635,199.7846301183372,175.65813964424603,437.4176718374055,185.8625718902347,210.9061409050198,428.2742940177169,35.632370084635106,365.06094551177904,648.2043150220558,553.9499318444953,65.72655493696736,8.795104578433858,143.05333130997244,254.96862371465124,382.14934611024654,239.3069340042618,136.06354466143904,111.1114867981103,5677.912409631441,6019.401966842843,3767.959939023181,4776.1630877733905,2268.246394982459,30752.032046679447,576.1052569530109,9293.022684037267,12235.24371704938,107.46674827289003,161.5682160383883,152.96137165243576,212.33334079487952,188.4216404711873,149.96746227350033,364.72645487032116,125.1548797269991,234.16425339507174,39.67962833738195,478.01813907683487,291.7183798633728,225.70711158924695,523.8670274839585,43.53672705279374,244.05467648563052,61.37409818492162,90.26519578810506,124.4764985425825,60.58756305561447,771.549427659667,323.0449491304248,167.5812268529204,279.49432870156886,83.53873938943921,100.70307369810348,138.05523835633238,69.58805579740333,364.8842722564026,259.7979770615286,86.8417965099826,713.4146942261444,934.6281151729673,164.2727499351447,36.201012772816455,169.37323560115576,117.40257499067467,161.2574549822357,157.39250327553071,475.89960082639226,101.499734544672,212.57213082474226,237.8517221318639,389.14397820167096,30.37859662911182,470.21169900710953,68.08080107069418
36,29.78369160126129,1442.807240091198,160.42203010457965,381.0670307721685,1001.9220310014654,295.12968424352755,202.90602985102782,73.88246552075093,135.39166867571376,377.80402413031624,347.14565037584,93.42183723057343,141.0773210205107,486.7381347631044,46.41450928207635,117.62483982918562,986.4403748427882,314.59675417444083,351.65086923189904,953.095349663154,479.7018338622936,116.78607669972207,107.36960166309473,235.28418317459764,110.06927504354896,126.52386435356506,267.5701235619122,16.118055316855166,256.26097240457165,386.46084190339735,366.75389132931934,32.35846862901264,4.357648324087481,83.93093429790885,141.4034227337387,219.73421873757349,143.87583009991067,72.05352903393363,51.727644860229674,5521.345403978701,6036.888785558507,3368.66608367603,4286.119536969813,2011.8311166806886,30045.40609572102,546.2608007146139,7709.406609559118,9351.778577937932,64.42698938190355,129.17822012722758,83.07799876069498,119.69436398712938,93.56186610345074,92.96913630206812,230.59465838301057,60.73274442573597,123.26130804842876,19.45893054871305,293.78910850307415,159.22354125699502,150.36104917853083,316.21366789051035,35.571910730669984,164.8229647451567,30.876720877750735,53.469963678756635,79.55247020011264,34.324813869619945,432.9394687386071,208.61441786293776,96.16974927508586,171.74186854395182,46.99219377761306,77.09776555378343,73.07664308995601,36.9389628539608,318.59677400759097,167.68144682415178,59.326255004545075,377.55014348048985,440.86637939961815,82.22388632022276,21.768904744879457,97.4132893716689,59.41727783207138,80.24599404740268,88.98073768873265,349.18336852453723,59.0826756215843,128.3224301843463,148.06287919276406,222.2579040111692,14.133278518706872,272.38420283625237,43.12280807684238
37,54.422870129420865,1859.2368639992742,235.6858996077075,646.4452060300001,1209.0266275158635,453.0040435742254,237.9349353897288,112.26963751607761,221.79637352769552,464.77910626056763,433.81095127772375,110.60455687935894,211.90909782203846,721.7373878231551,75.21970962077147,150.9358446456915,1290.4123241803447,443.54970820987927,557.161647157972,1195.7972725282398,703.5681045872066,175.72527325907848,150.22067888405851,377.4777103468589,166.15354885493093,188.91579272184464,378.8940109601532,30.866057191323204,333.6978424872048,562.7112100583358,494.9616775940064,60.615216611653594,8.478382565645425,107.18661601194454,228.49830472992912,316.982419918541,218.61863692950317,106.64642262116043,99.5961918034691,6020.344269819971,6349.3210450916395,4125.120628489887,4795.110286022818,2363.5457669460957,33795.512153480515,576.8124916143216,9586.982270252065,12378.687543811791,97.75261762898532,145.5020400768409,123.01888780956503,184.20299585406732,119.08194102704965,134.1629468764667,324.7166588411734,112.9826491945784,200.87746177668777,36.80757495261615,392.97820673071874,246.00639597980904,204.92045551471494,451.740930350481,40.626291458006655,216.3764490243602,54.88787844463453,82.5302545381336,107.13864405163264,49.72194522847747,681.3215665410364,289.165209524564,141.37827511905508,234.42617874650387,70.99544440809835,93.40140861448289,107.99141367957101,55.67218331156227,344.1900587517771,228.1664977421463,78.78820827917974,605.071824528229,851.2220422389753,147.58823138874075,34.792382562416684,141.74000229828846,75.38187546112123,146.4617397864387,135.54417040230067,432.27706460016253,85.53151149780356,186.18005161945095,203.50658936457566,340.1449771125891,27.951991082147448,412.55544085015225,59.56253184696706
38,87.81051260423376,2460.020945455475,340.9589309579846,1013.3515473205794,1505.7417277315608,682.5617304599366,287.6687958375986,169.93553837174505,334.85775995487,588.7526677973624,550.2869000407126,134.39474851412123,307.8759548838532,1077.5375251110574,115.82991457489727,195.37714947744763,1734.2974440942119,637.6639427177329,830.214377338099,1550.8647754312883,1008.0352497092728,260.8124340654193,215.76180368639547,585.2565512411393,240.41189123924005,277.12148231498225,540.787940916015,51.60909690507928,444.0085827641168,817.2307084247494,679.9520271376706,100.41402041161669,14.355976794868864,141.54686022627357,357.1178006641237,453.10160828066955,325.8674955532887,155.5122038254602,166.53344404841891,6189.430000434296,6012.642418803516,3741.883623577493,4538.042829734703,2204.553655015973,31153.535071590028,569.4821730459043,8669.794241425107,11972.68323588732,142.8021666710316,167.22812000301428,180.22667935209685,277.57154415689547,153.15566555245246,189.24456272549446,448.44109634834035,187.12231399851223,313.5394633088998,61.06434271685578,537.4726231323904,370.9124502706262,282.3273392656762,650.7340164533213,47.540628394026356,293.2272858357939,88.9763470380621,123.340331972329,143.4658460036432,71.95864084481043,1038.2213863777522,405.88025527304455,203.89298259106167,328.00711541980434,102.71208903500813,117.09806380210313,158.71396828707432,82.53840695475625,379.81914390618186,316.7534729791798,107.0843013115447,927.1196375630088,1477.8243049981272,240.2657722291743,52.899149422747826,203.81017610031108,96.69822151357906,237.437045047413,202.91208634023602,556.7560282276386,125.44110235757022,271.13675817653933,283.07478299991686,514.8902632187238,47.13494566606008,611.804501666844,81.39517484554567
39,34.84560536325197,2016.098677735444,197.02409138448246,474.3049279370007,1118.829808399781,387.95032601508075,270.9276986604568,93.63732159544985,176.07679406691824,615.974777025868,445.72435091787224,182.40850474548105,207.20111040706144,565.8672855240006,65.14797619959457,139.45192999598396,1518.0682510684187,431.0020290202995,510.1135202165813,1213.549125382759,563.4892534602648,153.71296119722712,143.23274531983395,306.179675847087,148.728820641799,155.04382633651906,336.8422842988032,18.65011000738159,313.76260222703445,516.8520713492135,482.6942910657503,41.437884621565075,5.730709266325737,132.35989279464974,188.89753535119772,282.3808791787932,170.7759368654359,115.14651032016586,68.23223061981697,5147.34135944023,5916.043526862541,4045.0955449058783,4859.925336625484,1947.369283175539,34346.67070878599,526.862490762267,8059.618607516375,10935.757837588022,83.86119722628946,175.3875693894663,120.8565703633229,167.4375011184084,168.5474181724475,123.2301289917693,305.87180083459594,75.05300186762172,151.01526513963267,23.8239492313786,401.1957933141836,210.97815476311885,186.84509418491172,416.23693528055895,43.78658287560113,216.1889923685815,37.93674017145478,69.4419460726732,104.51218693940629,45.67725001918644,601.1758461350577,260.34347486668196,141.70183856129285,264.64766385026945,66.01577652242578,92.31363173733635,106.00718766898162,55.03423595274447,378.01798516666605,223.438385891393,74.39310300505194,453.35545642042257,529.8255182540961,105.43929397538042,22.605024388215444,140.58651185924438,107.11272501687276,96.57606766926591,121.50906557264071,403.6290255584251,80.49668248157816,169.59559176964524,207.481299921592,314.9736412570208,15.778526653775138,348.0415738916956,63.92482259959591
40,80.30162840853987,2983.977072788544,400.036941650533,1282.849706905485,1552.8211978174575,760.7976752596977,350.6783012921939,169.03029023530334,372.85332703989985,791.121623455644,595.8196722472024,226.95304043704948,338.80240076801016,1121.4775540793742,125.04053168853154,207.33472706280997,2095.1428358750254,708.3579510317351,876.3113240348459,1663.045217390299,1394.4950354966152,295.60451774907546,239.1714588221884,579.9087294844763,250.8474036331005,273.3517810572916,570.6287152894379,51.28029406520289,464.607708900937,866.4876481957365,765.2115164423982,88.73202439150452,11.158129350298642,175.42515901101214,375.1628515870691,565.9258854007625,322.7821706481165,184.05298811894158,150.37873335670554,5863.613355196779,6434.962968385396,4072.164842092919,5028.414726959134,2234.22876063292,32852.05269325637,562.6981340865595,9841.246351282116,12425.367691443313,136.19415849909407,201.6686759840397,204.5160984219095,298.31836281866293,226.13924356903772,202.48065652838238,502.2686332824994,170.40346985399873,348.83648406575674,53.79211451474112,595.1631099655754,427.73784889862685,310.59810151016933,734.362686758934,52.646095110879884,310.92273700345953,86.6730415469659,121.32292174861591,152.41305941789253,78.34667873364306,1193.6753257805174,429.5732503354278,242.0284687063374,408.6406878119205,121.41437944465564,121.46664190631188,179.10167474419103,84.85390317975106,428.56987689864354,371.96979337536715,108.80228371259052,1165.5540167610113,1354.530199219218,229.7190920745399,43.520569678404996,215.8870858297606,136.32105781927388,228.74971188751448,230.92728380362078,598.8154241015478,137.70741517521094,281.02523821873405,318.5809416036843,542.1959882558181,40.767530147127495,645.7567994424202,92.1300564706221
41,25.003152707787113,1735.578734310126,150.70406982804738,347.96272687037754,986.9729835267843,280.1319380102885,233.6107254709192,68.40222465336358,126.69391434696252,558.765176310323,378.8271708608396,164.62959453078756,164.2815492696099,447.59932875176054,51.217184186981186,114.60880145670369,1337.8557373948338,319.55115743969145,398.46348731443953,1046.2084461563907,451.2312746038749,114.21131147785785,107.0245082294932,214.84751622471038,106.40835030051068,118.00273621056994,260.67221914823284,12.52317458879233,249.24773903747624,381.5658428593121,397.77222632363043,27.18265733840177,3.6175778214927967,104.78734717933938,135.00139505838044,221.0824989185313,134.63874115948406,71.74303969141377,43.91578104261608,5254.378188049374,5671.331188241381,3331.738064320522,4386.920431054121,1878.5500414097983,28448.11179396578,525.1716845536355,7126.378371405769,8757.80302123545,61.532986353416824,145.0077323215081,84.28461388299237,112.78558199782509,152.82327005996544,94.53406100831002,227.32222452023106,50.01673625099631,107.07509408024303,16.46542586729351,325.7181979329209,150.61512954342615,152.20862891897173,306.6926390833629,39.28307241560427,170.154402114679,25.92063761058291,51.01206270407403,85.49990244035742,32.336351301737096,439.8960109551558,201.97166822221848,91.50055657917021,198.7960037993185,48.390374476486244,77.65885143002063,80.10047942621269,44.64660903467764,326.2030249012466,182.65810318763997,58.514639369928226,337.74291354263283,367.58894124893595,71.5846392997659,18.727313960183814,104.16016484071147,95.68007045602556,68.13832980797217,87.15923362162168,339.85680338251893,56.18529459811093,128.67390138661764,150.14950015699384,219.51573362126027,11.182389368353995,260.1725841694987,43.063827011208964
42,117.767110054216,3769.5585400868836,548.1959234820378,1831.557397195826,1934.5824772004873,1058.829583530695,419.34930538409014,237.34180806887306,532.7434778055771,949.299939957254,746.4114097577237,261.9703891543061,461.4860235055333,1553.1704304152831,177.38793354455927,266.28875061743344,2629.124183478528,954.8407768347281,1236.4663789295041,2090.156012998919,1910.8754004200869,408.14029725703296,320.90546478018257,835.4465373446628,348.6345634529331,383.96499645415577,778.8107623620531,76.61299929822498,606.6711274483903,1189.0618763700934,1006.4317097259714,136.9081761907757,17.898264769710842,219.50533333795713,542.3441920350666,756.1723751696072,455.49382563591575,244.69999406212136,228.84186925861005,6135.697990917395,6437.74662628769,4065.0930358517658,5079.108814134776,2279.52013606249,33618.7345852147,589.3025338725663,9520.439313223784,12469.711697702956,192.99204703010486,227.85271177864678,274.3359658007176,415.77041799976024,273.00674531060776,276.04901394761316,674.2648837579002,257.37343626616666,498.213551611842,82.46830681718025,778.0500248237956,596.7098077301844,413.89764461574237,981.837899455441,61.4988414871522,407.5308608192696,129.64335963377786,172.67718987761032,200.15362086303853,106.93134678352365,1693.9336323189352,575.5781227089125,328.8781522347956,526.3774217526778,165.2316680820661,153.3221554431543,245.1026648394107,118.13977990577055,475.33344406448373,493.4524982152179,145.03102647961572,1648.24691790421,2015.813636161429,347.28622313463813,65.92745385193153,290.8396525889388,163.42551691529798,346.9822115863332,318.3364248952682,755.7411177720543,186.75949390544656,386.1609914170215,423.0820489180113,757.9789500764199,63.34585392535572,901.7713951326107,120.37419818412314
43,54.073996393210784,2315.8983681701634,253.2345034072134,671.9948443482048,1270.0366473813697,503.9673819102409,297.0943372271195,123.37572257970227,238.24477190040315,679.3867850142165,504.0881874801864,194.46894493719955,257.1080071544968,733.190344522265,87.41507932856832,163.48876145904725,1729.3460050312785,528.5810255274662,646.9679154925877,1386.3589300918811,732.6126997402087,198.01670119281187,175.80332445798402,411.13390563893404,187.16408927233954,200.1937307219693,421.30372551476285,31.132844376406588,370.5279382775104,644.5842494790514,575.7686677952173,61.31000495567291,8.560835013780949,149.6474442011208,253.6060716899218,356.38071396829855,223.73542341368977,141.27702235688005,102.55119370123418,6218.182271580848,6886.602905174622,3511.6749432208057,4648.691269901232,2200.4371060186027,33108.74340882044,565.8961056907679,8563.886173200484,10430.835180056234,107.03909128113335,186.82418530204063,151.757067284233,216.63295234552464,186.46616982196014,150.87355961566504,370.78467399417866,114.24584296589327,212.20137512035208,36.26210487998067,472.76840437133507,276.93503587607626,225.07152774905495,523.6802345949886,47.346444922511694,253.94033267575512,55.233423510356005,90.51852763002609,123.12491966386,57.85572996250747,781.8720568848765,321.6893339023804,174.0598467010787,314.54212955054123,82.84712126923604,104.37797448994047,132.22094517158723,68.50701746221326,396.2281647847252,269.2806620197324,88.4541575273942,625.2928755735041,819.378260949238,153.8153995079274,32.083480958030485,172.50977184623875,118.30219080651793,143.64072283536862,155.94092741298397,468.89264911701423,100.278774082891,212.33443793626012,247.5438772584745,403.9271680850529,26.17282688992741,448.6202810750489,75.09429388818934
44,91.13089268908773,3280.455382831233,450.547130077613,1486.752575645789,1691.1072752865537,863.52005241899,374.35426758142245,191.07905427469683,433.54888665635906,845.4974138278809,653.0995883078466,238.89531986676445,383.7584773890432,1287.4247676944242,142.59132104824167,228.73907995751637,2293.284540875952,793.7822621784545,1011.9529693986494,1818.9606107460893,1598.7164632713805,334.6038066377978,266.05806193223003,671.3579764359993,288.49632845490635,312.8622898711136,643.0345567798458,58.471267166926005,515.7657767846405,982.1679974311326,849.497390852682,107.84835497235926,13.925963137548457,191.49904902819202,437.5811887396966,621.994108418201,371.0369039428793,203.4421816653248,179.68639029098446,6144.847301494707,6296.054809909969,4313.351112280034,5094.949882333876,2358.906630589775,36618.62570258036,577.4028328203351,9331.101178172998,12244.496043566824,156.6189945310586,211.2108866238661,224.5140909250023,338.05174889117984,243.76921611434088,230.98884285283364,566.5208440884098,198.63609986881482,399.13362296923,64.50316791060874,663.2582863763363,486.49656376646186,349.1688740910699,813.1327832707985,55.653120329060734,346.79340988677774,101.8413211988205,139.7998813578921,170.0898620397637,87.12253502361857,1386.088712098504,479.72763633633906,275.0623635993707,445.9536648264838,136.4397647862574,133.15126305072096,201.65972857990926,97.15803539135862,446.2705030555989,413.0585615320496,121.92725553236305,1343.7907874857078,1618.5726932794532,270.5749787885506,51.65100032343158,242.74627446799346,145.80168916388058,271.24301819857067,260.0590019889036,651.0410302032038,154.4949000829411,318.3589222164379,356.1780628244083,618.2935753278485,48.57681192783687,738.8639736456855,103.41317239367537
45,90.47414790414915,3004.736732935126,390.3766152772077,1181.676424524589,1594.5314699600874,773.438293988466,355.4053759904561,182.63920922985403,377.1683637016691,813.8617113109867,628.6042494939921,225.91621258160637,360.54864281384704,1131.8989248440016,132.19864097338862,215.02276018521678,2190.915295953973,735.2022083518802,949.167751465775,1750.2054404564124,1211.5893971731773,298.42069078575366,247.93497020849225,625.0914003080272,268.24976894185835,293.5457095497721,595.5621570881275,54.79525408661411,488.46350623618076,915.2162716665528,786.0210117676031,100.4388011291113,13.706775843637413,183.8581904549192,389.88945498883015,548.2998952693129,340.6208818281486,194.3493178394263,170.06882668804295,6576.749831472789,6499.707708747248,4250.34755351202,5190.378008453746,2312.725825428424,36538.71255528211,581.6674934976267,9500.417418567116,12347.296152590996,152.60629977513804,209.39448453188945,216.23055492649502,315.837257071338,228.0836230783866,212.84443613626388,518.443018982821,191.80002451290417,347.53970188478866,60.978734302031846,622.6135862194607,427.7071612404527,315.3105061744178,751.9542140517754,54.894522805383396,329.54513126279727,93.26648916442065,133.17902824949243,163.14047306576327,82.18386733004375,1193.4174432615057,447.1886840822985,247.14757367402856,419.24128109683386,124.1316417338169,128.02249618383206,187.77742489324376,94.12171434094617,435.4487876019854,374.11522409972844,116.91179528968946,1072.2782510710447,1443.2371954384514,252.99767823856203,50.02003449747847,234.7462804978996,142.0202790956574,245.9423171774305,235.84737069167065,609.3894740790938,143.76388409499336,298.95844471030085,333.99391840570263,580.2755916820332,46.1758159263005,671.3320457425397,98.19234067741624
46,24.030070854528148,1721.0889004393875,147.09273855549054,335.1558531149345,979.3851366791415,272.76804310416,232.268609478219,67.32713270627376,123.56628277456377,555.6478422976244,376.1602322830862,163.203362704117,162.1861178918238,438.4914554508614,50.387281711600444,113.46694511852556,1328.221299251394,314.84756763875515,392.7556848384335,1039.0768202555064,437.1321675935506,111.92105580025058,105.41273620694525,210.93138778888334,104.78639071233549,116.02934776232112,257.1176784137148,12.223582163493415,247.15009809906564,375.76705236274915,392.2256541199507,26.471203813439203,3.5356176630079275,104.17663381306406,132.24940080226278,214.50739297362023,132.0495162484809,70.46093630000563,42.696843354380256,4461.544783889129,4955.331078565045,3463.710907675513,3876.797343689539,1699.2531855781833,28781.80972419906,473.9776441285458,6302.711651085874,8460.500545158424,60.593413504223825,144.48316333621824,81.84284746137835,110.42511392587338,151.7076193830953,93.27334305160298,223.99639643193524,48.83808581699824,103.99278137928424,15.99292807199398,322.437554432977,147.18600580614896,149.8601752671971,302.156596825862,39.04601724455842,168.70917835405305,25.44782509270923,50.374334373183274,84.40619367840819,31.567293393851113,430.22575347733897,199.9693576239311,90.27665378318935,196.40515125071457,47.12193763735436,77.15340580234066,78.70612183798136,44.226474482745616,325.52938618012865,179.2262026133243,58.04447466046631,326.39041604196365,354.0413590514344,70.0705824310135,18.465914511911595,102.76438681677395,95.00479771991301,66.39955950255785,85.01973273522923,336.9382855606217,55.47892577059518,126.64201890822444,148.53574237982752,216.36076676270676,10.739172471659574,255.63860295065723,42.63207355215645
47,76.2820325173484,2930.4885234940007,388.32764360645575,1245.3426933588057,1525.0767678624293,737.4965126261557,345.22356263752044,162.87884135458935,361.93923286677494,778.1878945000165,585.7671303193088,224.9326483960262,329.7095565876292,1091.4876738351566,120.65299628411057,202.76650072301635,2057.961237912493,688.1868327151096,852.1395198103602,1631.52961650454,1364.6090518039198,286.4455386741902,231.5817288335204,562.6573905997321,244.26022665114237,265.0029702096518,554.6635685949698,48.470027996773204,454.1635802574339,844.4150819945816,746.7923849300391,85.51496074915617,10.72534207525732,172.42415899655268,363.5969677808829,547.4987856224036,313.4640553693571,178.7578950880812,144.50992339482366,5277.034976273469,5353.713279810596,3748.6898487282,4494.6977706014195,1910.283874146309,31217.465589428622,522.7293023495952,7766.206183828282,10493.296782216188,132.02120642156623,199.80544374900353,198.07487266156653,289.1494201930469,222.89475535334603,197.72154170194202,490.7195499445564,162.39777303232182,336.16586840933826,51.53608620711943,583.1259877217967,414.24160988574647,303.4875075523349,710.3207493400148,52.0798079529889,304.4237490252757,83.00418799968894,117.29786532237179,149.0938625197172,76.19731443357371,1163.7485877373138,417.6602756781266,235.659261101928,397.49252707054086,117.43295918689616,119.42093278528138,174.1326549050664,82.4657349770717,425.3347920769594,362.54529172193924,106.27252502591287,1130.1081023383026,1311.3662751055942,220.0656827398886,41.859792510243814,209.7428976032399,134.2821257754682,220.42687718659747,223.3630327764053,584.4029845846608,133.41928599215677,272.95417987299317,311.6431823782208,525.9549714460107,38.789229203303925,626.9487222776547,90.18533099869173
48,30.851767455460884,1828.3399951113515,169.23080349891586,412.3929269870172,1033.0546166447384,316.58389404394717,242.12889486544788,77.67570593333744,146.21366603392772,577.9712562863047,395.99862367818093,168.28193663094396,179.08447086585775,499.75422862927536,58.249285443687,122.1521609870307,1401.1575442138912,349.968630831883,439.2787513334039,1098.6715345019368,507.69238399785263,128.32085046064583,117.40469009558484,247.24320943858018,117.78062290729211,131.7570875278285,286.6603693453158,16.587332880764233,266.97927086134496,420.80926772838876,426.2726969558893,33.0765784737373,4.43394831432735,110.11309047432741,154.72970275612914,245.7490070810173,150.73071795457403,79.75755641078626,54.19197156974434,5324.7051917055405,5974.261052988474,3651.4426951889627,4474.3005063405735,1942.0363142391425,32383.713217878172,538.3096207376703,7517.626460164239,8391.283786258533,68.34777097570503,148.44980334608488,93.80325052994317,127.90676668986546,158.39869578951587,102.76333682210615,246.90456735406252,62.132161220734496,126.70935678086704,20.19380126713571,347.0888737621806,171.89006523012137,163.82952971034157,341.2663225026896,40.34043004570618,181.59849919527468,31.479399265386327,57.58081683519371,91.05108149256952,36.070770312789676,495.53408815282114,221.1896542791911,101.93410486372548,214.72892888397618,53.85043201390476,81.34642181348497,88.4202143550573,48.64682216252098,331.88973557610126,197.0570979735452,62.880122798310445,394.72014953615286,452.5438969996001,86.85103462037644,21.61517306070311,113.4628816308579,99.01287912765582,82.8081401792806,98.03145092253924,360.8611969040099,62.54757222355307,141.4064837894332,162.7622142690182,246.61839327252991,14.353835829163515,290.8513459890704,46.42248096226474
49,87.9607167119074,3258.2106949938993,460.41951848752797,1576.1047877244268,1649.09418132249,858.6645905621559,369.91028245407017,181.13345374845474,429.0206103768736,822.6431230956376,624.1159784359669,240.54844816547353,363.33938289466505,1290.2888812909994,137.83853798071993,223.3671757322187,2221.6265302314287,763.5620463716386,956.9716493905556,1747.4591086873813,1730.9655052841717,332.6114062670768,258.65974371491143,633.0164244816207,271.9764383394548,296.5373766965682,618.5463580469832,58.173792926046396,496.2958441658958,939.2546353621244,831.3520557429232,97.51336388943635,11.67587310829374,182.51989539435405,417.10581595209237,651.8786633721072,359.9176474805392,196.7431964201087,165.645319271814,5212.461610198137,5727.603914936119,3594.0004845073836,4662.170732272181,1955.813076424159,33973.258365956004,559.0117333679649,7610.605954041443,9456.48071295838,142.89480447121244,206.21162403682374,219.58329789120864,323.6745600133117,242.3801155100107,221.50107200121636,555.0212741238271,186.15172801727348,402.6568394126395,59.387800058518046,636.8477390025174,486.70754229623185,344.3794900820111,809.00729096155,54.4079904991255,327.3844031428363,97.93300234480886,131.29221729510755,161.494430810355,84.61650768745992,1362.306848895748,464.61230702220007,268.67227845383155,440.4361331106322,136.20855911289283,126.40795359971605,193.91644199381693,88.1076044402362,440.64039900785286,409.6881222634939,114.70115047345328,1411.6430731543135,1574.2969706593403,252.877502137661,46.784188517793815,224.45089139618068,141.93012924528085,260.08134421550994,259.0664384681918,645.1167737965078,150.1976610694751,299.83416393729084,343.0195763271636,582.060863569858,45.368747100667136,718.674112109278,97.48260326637677
