,0 AC,1 AC,10 AC,11 AC,12 AC,13 AC,14 AC,15 AC,16 AC,17 AC,18 AC,19 AC,2 AC,20 AC,21 AC,22 AC,23 AC,24 AC,25 AC,26 AC,27 AC,28 AC,29 AC,3 AC,30 AC,31 AC,32 AC,33 AC,34 AC,35 AC,36 AC,37 AC,38 AC,39 AC,4 AC,40 AC,41 AC,42 AC,43 AC,43761 AC,43762 AC,43763 AC,43764 AC,43765 AC,43766 AC,43767 AC,43768 AC,43769 AC,43770 AC,43771 AC,43772 AC,43773 AC,43774 AC,44 AC,45 AC,46 AC,47 AC,48 AC,49 AC,5 AC,50 AC,51 AC,52 AC,53 AC,54 AC,55 AC,56 AC,57 AC,58 AC,59 AC,6 AC,60 AC,61 AC,62 AC,63 AC,64 AC,65 AC,66 AC,67 AC,68 AC,69 AC,7 AC,70 AC,71 AC,72 AC,73 AC,74 AC,75 AC,76 AC,77 AC,78 AC,79 AC,8 AC,80 AC,81 AC,82 AC,83 AC,84 AC,85 AC,9 AC
0,47.27209370314663,141.56107046517954,328.85198503590414,153.20634309257755,366.5067023299088,192.037952857661,102.35423887471372,127.46378715799513,328.1370152776014,122.51979507788644,40.16384819703903,154.85036302351588,253.10213780418704,469.81860416326816,153.4378618147846,141.74080225249534,208.9175384828946,241.48971892224642,31.384499403201687,304.9732005376124,87.65599761392942,1172.608470939188,94.38235620068431,20.985673389374583,55.98432992690119,146.3446611809296,42.77846697260597,87.07250162263584,64.63878337947094,480.8958798410541,351.7218737370431,24.277645014565092,302.7213713824585,108.0358564469983,843.5142244944731,254.0292540302135,205.6016223663078,76.23409408943193,104.17130735022167,5697.625795749882,5758.050051420273,3530.240356539629,4584.365542522619,2018.922778381371,1308.7536137993682,33852.17783974654,837.2094206129116,23171.69178345532,523.9499494326022,6948.352117309254,9091.534397543002,6543.075449089981,8729.136454846488,105.47677285507015,202.20572004293828,325.66981392772436,34.53303981579279,274.5408974637512,77.51931692890058,439.836741989375,150.43924039517677,75.97911563264472,29.39546237290585,285.00267468723194,171.22997112753814,11.402186169526223,56.91535455446961,72.81781111333132,25.489207497664054,64.93565508616602,123.84337524361374,21.325926548319085,18.2950281697994,154.63794360079808,51.64548194259559,180.36963020727987,495.3310333444328,103.3241209572911,62.30786457983849,129.04626869275512,50.52273996450348,126.02334593631379,596.6956700994396,481.9745237283728,982.9433909980356,210.6882673746907,199.28581402892024,6.904901003373039,48.39959540866577,219.5636217843679,16.02363385909816,16.70339611325273,113.95309525968776,128.74925970699337,47.10609519639142,162.2037339894214,247.17355936917764,173.10478852350695,32.23624266554694,111.7740705861297
1,81.84639172610257,230.44782783179548,536.1622882440306,287.8191024019274,476.1697275988313,275.17590317410225,141.95881390162432,173.36731263403206,419.2402863266068,214.0195945426564,74.67581589703856,255.775555714156,417.03527820754084,1030.0280494190572,251.7105212554292,213.08890947135637,311.4639195872705,312.5155045041761,67.81818797546708,451.2660521562609,142.9893986297202,1536.3050066264002,122.76054750475213,36.95847042297814,124.03533231796945,211.84273305837957,99.82942472506109,157.32769039493652,107.40828986534623,650.8475561216391,631.8097364188683,35.78885115803424,534.7329456665007,172.36912273181855,1073.0926295559414,378.79284803371786,376.9598871625465,121.04830637194613,167.79087528923355,5267.059580869369,5552.495666214625,3452.3355027329812,3862.2072317579045,1948.8183105108653,1146.519640988524,33452.12778115048,699.9808779507154,18594.96299056643,485.62270417770145,6921.887054369918,9696.388165292445,9876.888855147134,9508.381644826566,169.5130553050378,248.3323066981514,623.5355217873192,40.5502528875471,430.6152980063798,112.6915385343064,709.6868084450444,249.3971667934345,164.04633044166644,67.30617662128236,466.5829696010362,268.71423383063495,27.6967533328979,96.23432169478745,93.06480475162058,53.91094166460725,108.18625255848592,232.33502959812637,34.034307917404455,30.67815845642462,228.81733628294128,88.03585817006801,321.5552597794712,768.3344395541945,173.1572229044969,100.67940255867893,171.46602737187825,81.37544025350726,145.19933876131725,1000.6509647873893,651.5874888103411,1248.8318701040682,311.79849819346316,306.81163701467796,9.632829280848494,71.98744347811349,330.984296774386,36.48453210868931,30.43814205608774,128.5822309993244,216.77905162910574,84.02987226984956,244.90688701340264,355.28693834488143,285.6209385185485,54.942308197881076,208.5064954468996
2,123.54762183319959,342.59855484630106,794.2022223423025,443.7623786667154,608.9363028009949,376.3418144929171,188.4311575345399,226.63027735633068,534.5881760958882,328.6086565412928,116.42514644174298,378.08378526515673,614.6521288206071,1769.398436008562,373.8881582407133,300.5824888407191,440.0075232423953,395.43461902154274,112.56866596771759,631.7666094361895,208.1614645747776,1993.221610954611,156.60572533589993,55.120869616866486,207.8274465798546,293.4913117134313,169.35074770855616,243.23118805865218,159.26318955396044,860.8190348327414,973.6823011494589,49.9481571796147,821.0272602639063,254.20784911157605,1362.886394651502,522.3616014249985,589.8703725023495,173.423504305171,242.37020585304245,5752.888556839759,5460.189271026507,3623.839922585361,4254.49960661275,2003.0818338122886,1274.9190419344632,32724.67597968402,768.8211947203763,19347.37374700957,512.1108839231722,7393.232337106825,9788.797787733412,10166.147772223638,9875.234589565584,248.77119286482474,303.5661236210392,987.5294841005582,47.623931796058464,622.2379691690721,155.49362519473587,1067.7343565222998,374.75473347407564,269.0089039328325,112.88065469921763,690.8887760545706,386.89235988541276,47.39163638162413,141.59259446607444,117.34167782083657,88.07349950716072,160.52548115842438,368.4347385236026,49.659178087851544,44.87450497943782,320.4776912674703,134.20298548304734,497.2482693254129,1111.9349159323285,253.84545551692588,147.64030059403706,220.598363849251,117.92766232777508,167.46495351227998,1492.4337877517776,856.8082139376617,1573.4295252127513,436.6504883547638,438.0682162168544,12.63016379100371,98.87758299822794,468.39429790819815,61.31037834611341,46.73307720683947,145.87818404193038,326.46781931164884,127.31228138000546,346.61139229881474,488.7909682569267,416.91021935881537,81.1361866450437,327.18165218483256
3,47.121847932142344,140.5810579410437,329.58600099191824,153.54832877597244,367.132820938195,192.01891342371192,102.85019187173965,127.74497912852291,327.5154654068098,121.85472049816022,39.55579674211128,155.35194038304587,251.07235062375324,466.85695986329983,153.37691146062383,142.26389290955277,208.54462735826635,242.2997179382213,30.341378693367258,306.6536952039438,87.29685797141299,1171.1731647901124,95.31282106569438,20.913354570879164,54.949435025775344,146.63470363555538,42.51414888613082,86.79789642723603,64.68343158454925,481.8158559345142,352.7463152365479,24.269420363757277,302.7624554002958,108.02259842143542,844.6274526125823,254.61464240477488,204.3514955749993,76.54885577640715,104.50521362292618,6421.990304874592,4782.497898352664,3236.1472350367744,5217.959957270191,1889.7578220717437,1040.7838045465592,35886.81500217036,613.3095231504035,14308.853666409144,454.1698443274917,6650.5736387268535,11156.46443966837,9770.605728000994,11139.957383891693,106.13858784138577,202.02728453693152,320.65570800711157,34.62604291605092,274.7007689334073,77.48094607870942,439.9461977769088,147.94260901179064,74.77728553517582,29.53582050365314,284.1217383753825,171.18432295508518,11.272371198075223,57.1855084451481,73.01249547681999,25.057636951124536,64.69333574018668,122.0210088832861,21.2166119732877,18.626006044314515,154.87218700300937,50.855019252720396,180.72968466755194,495.9532801467793,103.79893930109954,61.72850387901761,128.90057115251608,50.950469152712074,126.04769949268878,592.320272216003,481.14087634960737,984.3662858209782,209.0401618283046,199.5369876591329,6.817891325404474,48.62429700926903,218.95966131117927,16.007584115697885,16.612015513046938,113.88488549861076,128.75745734494305,47.08696446533707,163.2826401032085,247.72492072052003,174.24940074491894,32.205085110369765,111.69751301879256
4,82.73322931343698,234.19747876281528,549.3197037045228,283.62642208926667,479.8294049703279,277.4285059993978,140.85812907463793,171.9200493669376,424.29968016814615,219.4899669496259,75.81125253342135,256.8670312173092,419.407188178081,1027.8096159163536,256.07445992282516,215.3149054076343,315.89985117546337,310.6390826821943,69.01362681520321,457.4162311023774,143.83239060644024,1545.827812214516,123.30528801267192,36.196164774882355,126.27112499761824,214.43608025621367,98.74858910184794,160.64326136389818,108.23958650949541,654.4450125732673,644.0481259692762,36.186480709756445,542.3393807267624,176.25445592212634,1079.923058631723,375.5136342543336,382.63983493611863,119.98144722549019,167.34925167504363,7409.943564743053,5606.406387796418,3792.228943047512,5410.506544454443,2113.1189257330907,1331.6047738430616,39054.76588991475,911.5512640120137,20742.100335256862,501.19546914618667,8896.556384754851,11225.18090738893,11738.623167925462,12629.545880545216,172.67076277287103,249.33523477167807,630.4708777882323,40.55145790853485,433.86099534326894,113.73656371855586,713.1495549843706,255.55724733835746,164.63694959610552,66.23157703468954,472.72092398335667,269.1937901908354,27.270280288141922,95.2345538287623,93.7093786070923,53.49196386978892,109.66863211196943,238.0611587009782,34.33720600625875,30.19694492325387,231.32437127613724,90.55347101901164,330.5393314363478,775.9575697339209,172.13637488157482,101.97798530556686,169.93476293197782,81.58453131287338,144.29996596948143,1009.1799585549201,655.6228654647368,1259.4436553563546,317.533312035494,310.6496984391277,9.474081817262597,70.90744315023544,335.56457582197305,35.88090635725664,30.60900796358017,128.62462574208064,217.64869151890088,83.87467545846215,248.37413681089478,358.13594602552126,283.0210265809414,54.081516127998576,211.61133777655087
5,51.373366994283074,151.3797776746951,375.6435509243611,193.65844930946176,568.8816632580903,232.94211464150277,113.57678483856243,213.09723244287008,342.4230106265021,129.40898644508698,51.58575330876279,166.74567735280604,259.74523238887144,480.88215879628086,171.57917809225106,168.3071179995502,226.62764994731862,284.70591489136984,31.101582792340906,356.0866466692932,93.81362006431415,1497.5163022487468,164.71700862724992,22.22296104679181,56.71789507329257,165.5170294711873,44.905919561722726,94.67068431395731,80.57463076684894,574.824655293333,412.05800996626357,26.976094472849628,323.05182182714003,119.78371449509837,1166.941315475593,271.95866939334684,219.1400651531374,85.38528074390294,143.46108732163037,7023.681510150409,5022.990300191425,3755.878132424632,4615.0204364936835,2013.3050789125941,1220.697875562897,34755.438565269134,776.354314722282,22820.121296307374,494.26535427283295,6884.737538380088,9957.031753280507,8833.564297799618,10971.13478766826,120.01045665657863,246.5869591865135,341.33695146109716,39.347487255547705,344.50116306196503,83.15155882874596,446.83454453649614,160.6969990744393,77.9017914779225,30.796176446237787,342.7578637149559,186.91538530463058,11.340762696635972,61.788517266919975,77.91263621295566,25.26565528860923,72.74744783363278,126.06146889710884,23.09753412754624,19.35245301961496,191.65777050177175,59.90065833454576,211.8701849226178,606.8360645977892,113.18270326214596,67.13224991699411,151.34583977673802,57.53518825580326,145.19322768766096,613.1235133555501,506.6737260469839,1025.1916551877473,225.0170261393518,218.88009618845703,7.250582594900459,53.065115886329345,238.60692487415034,16.669809795535087,16.697155072605106,117.65178580307214,135.03504292660736,55.83554311565186,193.05626347150235,300.0730206041656,230.39131990056137,37.50547121241703,117.01405353107448
6,172.14637285070805,523.7030994079765,1192.196711233987,639.9854647936331,974.8881924912065,566.125575926923,248.7697345513209,388.52156592676994,724.5989635976767,457.28066892755726,176.80529405243936,578.1821266745599,1091.3111730768053,2473.661859842704,567.3064326104666,437.2018342817402,653.7213449201644,540.1600839481631,163.03049238978804,924.5387850424347,334.0776405295936,3031.207140474179,293.81513622844847,79.01115200784224,284.4074110150433,410.2571420356935,230.24918212976715,363.4880537697555,244.3936172779281,1179.458908230118,1588.6318533702756,69.68031187626323,1291.9821367284549,374.7489923153709,2011.0814038699718,768.8365564420047,838.5840468606731,252.09334537300765,359.8752535084111,7573.634378028469,5503.378041199529,4451.209851114834,5348.509077843559,2415.5239057848607,1437.1973203256614,40125.602063711245,902.7466276714567,21709.120672279427,531.0521149700417,8566.519528983416,11749.765864964515,11983.219703477695,12827.24687654266,352.16089992695635,444.0828229092583,1784.855542158204,61.429099104055545,947.0777006866256,213.42115638397624,1537.827430456228,563.9514398668064,391.5265148346825,151.7737431054936,1020.8934123780377,630.6426778271127,63.187480597073744,190.38593748174466,153.16475075908198,117.10746334742686,248.87159299037856,574.2343927823152,74.7778183705242,58.86657331920491,519.9425137759681,204.16139103881653,739.0089427467624,1546.1750284795223,360.36029978838957,230.5772546355109,315.0344794156969,162.03861846186356,227.5282159684054,2730.3287722609793,1146.8549111796212,2032.6931326040753,616.066807058179,637.6241042488633,20.80736148975758,144.11643646353878,670.3724601504863,82.08423938804383,57.51387983816936,178.1729482514077,452.2278088557101,199.30429391103763,533.7143222248111,706.2028558504878,637.257503648306,125.20121667123509,466.7817969590481
7,90.62846874782427,268.3758186056118,637.9220670182578,329.4869167964859,695.1104447670874,357.21198927823474,161.7034443543788,264.82879877260103,460.96015210980846,238.22009435361167,87.51533400426976,277.1260928298333,432.42173062138045,1021.4516341597242,287.2299359801684,249.61582241840193,357.3830236785273,369.57771992339104,68.8731710568916,519.6732973484438,178.22785195119812,1942.6601462901228,200.72479989476645,43.05339078038314,126.94189220899256,252.75876649951766,103.92499655570647,185.2907629246207,132.26356551681295,781.5637251218694,730.4628376738419,44.554172110104055,597.7222307316896,201.82675796220175,1434.0106362736956,431.3149810093115,416.0219846339993,136.9987026330524,218.53051257663967,7925.2034733898045,6239.639769452621,3986.4659108225233,4929.859039169139,2347.9816157564183,1495.3520802910589,39214.592184511246,824.2070240798726,23909.126473253575,529.6791843086955,8258.717541091177,10919.139451184854,10712.43087384647,11855.99344009811,195.23639333850514,313.8977242126932,654.1735368576803,47.37066102775359,536.9348499926697,129.74045934250813,727.3393707992299,296.0419926977273,163.24673708006023,68.80555029576327,529.254439714424,303.4922251868698,26.23336715303214,106.5315697227481,104.44529526251293,54.09772817634784,143.28296322647273,250.4016895674769,40.24619366112622,31.88605613744742,298.04903535764635,109.09518815235438,384.45893742957486,890.1454516182728,196.08185950118292,122.35671173026574,204.6374373211906,94.93279227963446,186.86293107042766,1055.0121622827426,728.5398033886904,1326.669283929563,351.4678015604299,350.0692202355075,13.470948139682772,89.57164162999301,374.7830653429794,36.273728610496775,28.310435050644497,142.1148601315903,222.14788776267173,98.425277291802,287.896257762191,428.4597835683838,349.86962058157917,63.01313424210944,215.0188984828622
8,139.85896865468231,434.01939057043234,990.3317791244949,519.2673819909754,869.4007935666078,486.65230078197055,214.32776812627895,345.39817882360387,631.2007463294974,370.31698269308066,142.79473633227357,474.4554133574239,907.0787662534525,2000.7813823678948,467.69799931101886,370.30216933245765,549.6599980928247,476.9771160664731,127.19098021615399,779.462712844143,280.6476304951812,2674.6601732866256,263.0788599960742,65.74030255454106,220.88732442426038,348.70275356908434,181.7356292808081,295.10988030181244,201.89268751233627,1025.3268666547576,1306.74442107907,58.77616181475237,1053.272523549318,309.23843080701926,1802.627677149036,650.138652262559,677.7821513433664,211.56042109935862,303.8919782334912,7829.914319392095,5363.10245682052,4652.651975425782,5503.531546391139,2441.3956067686768,1406.5095139054984,42380.60578383628,816.4928722513537,15267.334001990737,509.7465919049991,8021.381434463536,12153.953069095394,11488.747592697575,12063.809313888718,291.9252345407143,396.82635825723827,1455.789325192308,55.651667362746224,796.9829470388936,179.95056899572097,1280.6650910779233,461.74785595367814,308.18760871400264,120.23652326279284,849.1937493702494,517.9175701520202,48.65720939723996,155.55117111340584,133.29171646112394,91.16915413536992,206.99101898879547,460.9554185662297,61.84864297095894,47.99107762662617,443.0734163170184,166.80839987245332,603.0178589971334,1298.2548746009966,299.3313732273758,190.38969016135889,275.15260279028905,134.9806756980642,211.39250741318028,2263.538846644345,987.0651249450318,1777.717724654976,518.4383655781259,534.0937869067832,18.444140121446843,123.9532426808,559.6171588563953,64.59518911052793,45.35930016502143,164.610769067292,370.17019306916893,165.13840552902272,445.7750580050435,605.1645344073004,534.0258945301102,103.59603669817463,375.3634485148181
9,133.10492696745226,393.7341222936856,901.7758395625114,489.5523952340615,835.1341955126097,460.6108539443227,207.59843579739828,326.1363541698084,587.8832580148804,352.5860731563068,132.12260240292906,423.6168578649971,712.6525891820554,1765.2251706007448,423.0714515427873,341.2831771860665,500.35756329317655,456.8672890032181,117.69645953269833,717.7734803464183,251.76557714570282,2462.122430608805,243.06930614156016,62.44018150116351,211.74590667540275,330.34544515313286,171.54518862795956,274.7366056994956,187.63648716073595,988.7245630946628,1117.2572427244893,57.50022478328655,931.4144982712702,288.39828898736084,1727.0415858629913,596.8439079929856,629.5706492709072,193.91885663987404,292.2386793697498,8372.329562817646,5954.878171338713,4625.059136777575,5568.4606485506,2476.6647814677317,1564.5534376323826,42246.93288290104,961.7840764924683,22820.84117851516,532.8357694226939,8645.438747715985,11651.962605965895,12312.342501095283,12258.071366525164,273.25755886499286,376.508452892608,1149.6844480409366,54.861588902254425,739.6499652764934,172.34700202427976,1121.6772311495906,434.8674149312718,278.09663953360695,111.9451534860995,763.380262734205,462.9785629379392,46.06296887587328,151.09324926757049,127.97551693966277,90.31383728744783,197.548025658928,406.4327788314874,56.975846402847964,46.06709164730784,405.9158905207414,158.30546316029114,557.4731872899973,1230.6719112398655,279.7770711964251,176.02056130799002,260.0857004282218,130.32798751928377,209.23126798255907,1763.0949198119072,939.4593400243164,1672.5199056190904,482.50620341768615,490.8501455153473,17.16096335371711,117.41560905682306,519.8078262206827,60.78791139272573,43.95356786705141,160.01863439401615,338.5207330803771,147.39693961883904,404.32586388178737,564.426592691514,497.106130956254,93.98844900138019,342.9893627376366
10,50.56321999407004,148.45236509440247,368.71235821910113,190.4074208031523,564.9838586018011,230.59338182531246,112.43341423103378,211.20895678390445,339.14612895572174,126.83712635818597,50.56599656828561,161.73272223960456,251.67210287782578,461.9211900923387,167.56750039142167,166.08171796004515,222.78490535483857,282.4424194717623,30.30720619787526,350.0216372084124,92.2500028214033,1484.8504152232458,162.87132392256055,21.753892082651767,55.0727431688188,163.61421343360578,43.410308654410024,92.04785926569218,78.91438034306162,569.6618796373587,401.6176827163328,26.610240213267875,312.8709843188509,117.4473814611912,1159.7086773832682,267.5485247193611,214.23880495402392,84.00230381181296,141.60161561070336,6889.467666471188,4714.666845961478,3880.3269656014327,5125.108150353146,1855.8025205905763,1037.2126034888486,35308.050086889125,603.2791853011042,17431.335027437683,470.51738621111826,6124.820400287205,10188.507365240293,8374.0608147953,10147.617372891991,117.73260076854484,244.84382197948497,327.56512344831356,39.07701385926804,339.1037119171325,82.1898611972352,436.4751256012336,157.29436135581068,75.55223863992791,29.807706251755164,336.86528875927485,180.73787140725244,10.822475873691685,60.62993699625066,77.25705073277595,24.172461553350473,71.1855717787081,121.97903667461192,22.628501221868518,18.84574972993206,188.29902071425084,58.61183584420474,207.4727264855763,598.6224733002488,111.16803130900183,65.32940687817371,149.84855130921758,56.47575069937552,144.58244936770998,591.4136644761612,502.3409056549466,1015.5445020975552,222.31835532536235,215.07599049338944,7.175453011633276,52.396405057372185,234.99076554215793,16.10335351189701,16.39166430692371,117.21728910829002,132.02907238751362,54.68537270523728,188.6990079793451,296.4796960949257,226.65594171593762,36.64468555923984,113.91858068186121
11,116.80095084280816,372.98066224041577,844.1403088516836,427.6281275956479,797.422118248462,429.57090688044156,188.1906142805121,313.88815267228586,567.152948674216,313.05170250201905,120.23696359605485,406.1007423995172,767.0372126306455,1621.3072661399553,400.7890100727977,319.5555186248039,478.43143089652403,428.82135088017674,103.97177282607989,678.8623417742559,239.67099787051424,2407.8862977844383,242.12270886005805,55.375062852800625,179.21785787161159,303.61065376916457,145.1220724121346,250.45142470076013,173.6299285602447,913.6586141125147,1091.5503911595931,51.459930974199274,891.6044915723694,266.3835411311461,1646.2095491338794,562.7752331756114,565.5825289167807,179.96385299912737,263.31109506327203,7856.150145983997,5313.666508608131,4273.736330538456,5649.149075163396,2248.4752934381627,1355.1086935406618,37824.58774362661,830.7757133359871,21353.664323632656,520.5172536490461,8122.754295914361,11602.16024890891,11434.646660330065,11685.773568941813,249.25093216414334,364.7124628291539,1214.8750750006575,51.98778675306971,691.4872935610213,156.5658688385571,1083.0035726737738,401.66244213652413,248.9020752745142,94.5539273785722,721.3195750389139,455.07711349070274,38.538834675102756,130.64533704394125,119.15213401709637,76.026310445994,180.52294873717568,387.2454045923405,53.21830845966478,39.966224206292615,391.4133361436007,145.0215465307391,507.4309050402601,1118.509134949245,252.12372018040583,166.85474592005218,246.49942974947828,115.72188086560129,199.46448098719767,1916.4108591662618,871.8455445290592,1595.8603479284966,451.3773144167844,460.0507108035978,16.556021742700207,107.67956134330494,484.6387526580525,51.23774379053931,36.565706510598076,154.63230939019215,311.07938659318444,139.24040581703002,388.7838094606433,530.2591010330435,457.38273195960363,87.77968171308575,310.7132197034445
12,57.39919604587951,168.0342405843299,411.25337775552475,214.53203986570966,587.2999479884319,246.96042346480186,119.59533947018315,220.84201133122158,359.769555337967,145.8365542460316,58.1136752543324,184.7396864202758,292.24677668820016,574.72634197729,189.56466343342817,179.93159789947214,245.27014143095235,295.7093379654014,38.281809470067344,380.79804452249846,103.60326647399383,1561.19572003347,169.44413041360988,24.982257263372645,69.06970683232684,176.28679183806702,54.44062437860948,107.23393751549058,88.25070161836405,602.8272987408941,459.9511362866756,28.956629212099003,365.4568070636813,131.58493091801583,1203.935457994187,292.36074446013106,248.9285861887061,92.35042315629022,153.69631186567867,5630.854292114939,5994.150878374582,3529.4880445841986,4750.962361822326,2007.5623775834222,1311.332146605917,32532.88442616823,668.506365168227,23381.6147619625,530.4189817309792,7651.135757944062,9840.377534567464,7566.6026958116145,9015.396714650145,130.55700196405118,255.0451090530016,399.97280105821244,40.32493173835136,371.0426414314822,89.19571709489955,494.50353079195094,181.4445792410917,93.32850669333908,36.80661120065192,373.7553612037109,206.88876283797487,14.280218869228163,67.88892364909206,81.27474214196897,30.745700914501395,80.38961547166366,147.6650949687851,25.47075790840742,21.182398110298152,205.2037806091364,67.25645974927072,235.85932688429034,651.2102078430213,124.00449563198408,74.8045148603671,158.84486452109195,62.3931644122078,148.34567409354474,695.0741358526382,536.3278174182747,1070.6052639921631,243.6372187321385,237.13668683712817,7.797532931874782,56.75890782516251,258.7607142482007,20.10129574511168,19.017930015178816,120.1399405864882,149.80953751846835,61.92352636925287,207.86782154797373,317.6774660936388,247.69240038167473,41.513362177022955,133.220941747525
13,131.56101606329256,429.15102467802484,948.6698583151518,480.8871132536845,847.008205191306,466.3075393714614,201.20803007835173,340.85890945185275,625.1012432685208,350.6047749825405,138.0966816625985,477.1650114811729,961.7701091480778,1959.1142257476374,460.29203826618465,356.7654747847596,543.1287028798309,459.45188665548426,124.0558308649397,762.073801299879,273.9548806551642,2670.3812463031036,264.3268149253912,62.65739616354284,206.91809514324638,328.25936552798487,167.32740312105875,283.59016899365577,194.25498314509858,979.8772383006132,1288.6290551886282,54.832438538225965,1053.3619417486352,299.7066454798495,1758.5891572772898,636.4851327287425,640.3548120072982,202.99945562291776,284.02387913421967,5659.708552476078,5702.63860889654,3581.1224634525915,4918.206051365193,2043.8267844158638,1257.6414373750233,32923.24804266754,732.1089533210076,18105.51719971911,533.6898279643972,9018.826532512281,10780.984229411255,8592.772328345405,9682.254398683865,274.8904834432263,391.7332924828079,1546.9565126980885,54.47531127169796,771.5392588922426,170.44592490926172,1288.9159673033216,460.1574764715106,296.18915042660086,108.22394986364534,822.8833559609782,538.0831793698925,45.4757822858363,142.32418035152585,126.5711701490464,88.13022944860064,199.11039635167091,463.8626637442253,60.043656197764484,43.77735729835872,443.22168349995655,164.3848503654416,567.5200338930576,1237.0764854005301,280.8461622928392,189.88238400703648,269.6669551480004,124.54719554015446,206.39711940297664,2417.8137491743905,948.3609789524126,1734.2147450672735,503.1285260785347,518.4174606285761,18.47839199504078,117.26123586504517,540.8870173127664,59.50549032999365,41.03291406535402,161.576489674183,359.5971170577513,160.66523352004617,442.0305015712376,583.2416040337409,516.798934631801,101.7912062896048,363.0760222314898
14,124.15832687067947,360.5558901558133,835.1520290436848,461.55136720143236,800.9910650411526,435.66291254016215,199.9862764204167,311.04432937109175,551.3483720537621,329.38436225801706,120.74050012383832,382.8985260420098,611.7059313281184,1720.0235253229275,384.2633310702325,322.92839262158054,460.95242472490116,441.05935984192365,106.85311569711905,667.358517188818,231.0672026317098,2348.252415899337,228.4438440658105,58.87386016586644,196.5092113730145,313.3509115032627,163.80724260703053,253.01170935124594,171.3503323261994,949.7606440709313,1010.9121351677699,54.66129598745837,836.4006357577648,263.8425539601933,1683.394358449917,560.0009139728634,587.3808455268786,183.29880943783388,278.4690167385489,5851.265293690788,5589.593933667787,3505.282324505895,4751.285742254516,2022.4254002955875,1330.7998057697814,28859.785583077955,798.745218417399,24664.051624174423,552.5077450907752,8507.029241605493,10463.817874322925,8598.147395781276,9489.263291130392,256.14764783977535,355.91120954958905,994.5465807208293,53.18331738430783,693.549321371871,162.3539374451407,1054.423783007371,397.6312548405832,253.23671115734825,106.3425715242575,714.0302712312973,401.0124193348527,42.53694216398416,143.52304412086008,121.34234485478936,84.28984580794786,185.1037998408913,362.54528386222626,52.156404645137606,43.15549369465383,374.21912163918864,145.68760467796366,517.3556301874846,1180.0270870088686,265.3560499730572,159.16600754409765,245.8285556439198,123.63238869481143,205.79059215126065,1498.2208378542334,890.367138290674,1588.6367965208417,452.4746277006814,458.2973969088952,16.171198752677896,111.83545797676628,480.6850886210391,57.27209045137981,41.20527511276573,155.98044009969485,318.6576986081705,136.61224461193652,366.29667092474995,537.4882046298587,471.3352046619333,85.50841950372215,319.4854308149248
15,69.46906811054413,212.45304133254683,510.62327269093726,252.45995335442066,628.5678795072236,307.5680908156694,138.91284382998697,237.3349592915152,402.4688670781033,180.10885032127464,65.16783340589292,214.65573567714938,327.2831731631424,676.7999368279071,225.26700726945845,207.28447710778232,293.68728900149324,328.6581725567943,44.95694430856534,431.0393478581712,145.10984646632707,1721.080735227926,183.74784415388976,33.33506835702816,83.58139937295462,213.46346818585522,68.90540059235332,140.6607788064534,106.02074868791708,680.3377109985353,560.9542721276711,37.33700571278633,452.63600568527187,161.46069816367444,1298.3109787316976,357.706006927745,310.62123548751686,111.2316489327546,180.36386190812635,4126.445602815642,4622.424126460299,2912.803238718837,4104.705546032971,1610.977547326376,902.8902042075748,24593.392161561314,463.6155733651314,12502.895411522806,478.8430002348252,7384.846882398902,9773.052773416493,7126.083142688236,10678.584416657943,156.19872580704552,285.5184286554113,461.56320767032776,43.80740872610916,443.0676938011704,108.43672323773103,561.5107650297332,227.34576814276028,109.85010387139002,46.47750399747546,417.0635895003953,239.84913248719545,15.80032114849284,83.58958233861293,92.31750631417506,34.87611765585675,116.03067127081314,177.68077510197242,32.28230402056429,24.869589154912788,252.08844378245448,84.13815336284311,297.29532328443435,727.9828203697547,155.57692071466207,96.5565894769366,178.45257663269933,76.5576081328824,175.40064608629692,791.9298545662967,625.163378190933,1164.322891893732,287.0434627334264,284.5471226933437,11.686440335034494,76.11463210338871,304.4118586078426,23.845743726096302,19.94141995085431,133.23923510026475,169.07663993510545,76.42696835969429,236.3510718610737,363.95080880131644,286.0028565314714,49.271502840798,156.71114434599437
16,121.09044713829374,385.0221846942437,869.6109684962987,441.6245618863805,811.8044182807106,438.5366463073636,192.32415954599938,319.2126243404739,580.201317525965,324.9392412340445,124.85164606764478,419.29568181935343,787.8889151186925,1678.6258650139519,414.2902169220442,327.77979729840865,492.3107307843505,436.6527483237926,109.44546022739343,697.3279646130482,246.38625336243734,2451.8632893663475,245.2024431959111,57.27576844019359,188.43318214386278,310.686626231971,151.31080540305516,259.2127141685942,178.80962851497378,932.572950101722,1121.213874515923,52.78580711063532,922.308087458362,276.1054636861438,1671.3758214739669,576.5732802252159,584.1281720084006,184.71259914977432,270.6701633806918,4762.301171090239,5444.459495921939,3340.2879640743886,4587.656105246916,2001.8446520986802,1252.4474079240206,27154.487451943878,763.6911283238782,19257.94869477052,511.0116196554254,9095.861009313765,11283.242693900775,9296.223343176529,12277.452350918895,256.9052229396403,370.6962358340916,1252.9805036992705,52.62042603932348,708.8803373741201,160.87192935007533,1114.711448004426,418.5977916018877,259.54290658355734,98.42484305802707,741.1918434787054,471.8238321332618,40.591236900966514,134.91917326773992,121.34749866852178,80.18345381495942,186.18447617832587,403.4602345999394,54.80205844686629,41.279272682301084,402.1480782628122,150.99342240203492,523.9254838416452,1149.4322139177714,259.4852662971593,172.3227455114893,251.79015779583386,119.47987928049443,201.56599969781408,1970.1096322555848,892.3580504619554,1627.5762095120613,464.50869428985976,473.029925504739,16.933578731467318,110.30750462793368,499.44839992481974,53.68750094009615,38.11333487553246,156.0986814949174,320.92743081981695,143.52493863535346,400.0523323368348,541.6551785966269,470.1493944129091,90.71071165746307,322.8822431027117
17,47.58606638502405,142.75627001486978,333.30708460126726,171.2464366634403,534.2878238952883,220.7917416850009,105.76405738062974,207.77817726247062,329.4246406059225,123.4701469876053,39.94578708177706,156.75766465342235,253.89098677566113,471.66179948377476,155.20630951888717,153.94541009699248,210.7268616090235,275.80057526272657,30.928153535782805,311.0163865046381,88.79971143604547,1448.6999659652638,95.41868803047727,20.867701124785356,55.85105688265218,147.56086813759043,42.85312173295311,87.82668596097459,78.47867539695864,561.6339214612057,356.0650034972544,24.640201710777188,306.25454938860395,110.04568645433262,1134.7819188507008,257.4762902382579,207.64557296606193,80.13496872199379,130.2043052332529,5215.555529103386,5446.733334726673,3113.9817559399316,4303.5139222661755,1853.6922112363693,1131.6312650651676,25639.527908011074,760.1370331680803,22050.839420742752,494.8660038577179,7073.948908242415,10264.589938435767,8080.5466365302145,9965.931794629301,107.19215504914006,237.759253344494,324.38761331290175,34.94373158036863,329.3986575647312,79.04039517232552,445.6494718924949,149.50455198287221,76.26668538332535,29.75733563932984,335.24594220934245,177.8157011635064,11.297493686150192,57.81424829632589,73.64331612275203,24.939104110664946,65.71784941227585,123.8407741093805,21.481667741856818,18.711080008131052,156.83892137654325,51.78381331620509,182.6199017382738,567.5787576957276,105.81839220780196,62.238601314915385,146.78504718053543,51.78169593879917,126.2090704782293,598.6441263995558,485.77328913452936,989.319008645993,211.16182391370228,202.86049784704855,6.807451433870641,49.103098849735176,222.00612492198408,16.131086067123842,16.703242975452763,114.32126693719215,131.40416048749245,52.7296884177448,165.89647882369187,292.91062523170734,217.49860299156367,32.354616433834124,113.1050251030219
18,123.12628409802412,364.97795546681533,806.3076803376157,460.45130220654016,781.8621779505773,419.41726925957676,194.80659007533902,312.0277009377594,548.6977757494265,329.7961290685054,116.9243913727251,396.8674180831528,653.4308741618128,1683.8632860402888,383.0889576686442,315.42818455643766,456.28548884382894,438.71208851052944,112.19385901545078,652.1248401595328,223.7271376471205,2318.5904606234153,165.20816350627192,57.72879486945752,203.83463840610477,303.0828720884487,165.62882914421965,247.389123391075,177.81091762619448,941.4889056618754,995.2815352980527,51.73643149672245,864.4634111803905,263.95264688233607,1651.045444668094,552.2193010497031,602.7340712791915,181.8331441831822,273.2031575435867,6283.349654045943,6299.224841474131,3881.4443034791093,5082.986014875111,2334.199979250585,1364.5216193422702,31816.572033113047,912.2282706623555,23833.547393256944,581.5158032051886,9742.017560287344,12180.577106222423,12419.424038991565,12290.850190336221,255.16360939811514,349.98306487190246,1037.36441227361,49.32297331196094,692.6285979974018,158.72797049792064,1061.4566109012874,388.6861202725203,268.29309192907505,107.90431881090134,736.6583269111612,426.04096927697105,45.06246949276905,143.59649449159843,118.8050438090831,85.92701993094602,178.38687056509193,377.0477202283585,51.680934125211024,44.812499825933024,341.814349647943,140.8024519610869,501.4499841249493,1174.5942620059473,263.2992238520221,161.62139240591785,250.0772194615109,122.37196064466268,179.2398374589421,1605.685811278706,871.8160196114138,1589.4102193551385,445.77506989805454,456.4643020833985,15.018723884008793,104.12843696023297,483.7212332921785,58.65380019082583,44.353619240859814,147.51539498107843,323.9338228035693,136.54185280355904,359.3218214223777,539.6622448520754,470.6785471680526,84.70183265609155,332.16044758336216
19,74.10688378854127,226.12892974561194,510.21585345447835,267.29962177833033,619.3118915774563,298.5891460511655,138.25768169495592,243.31905689188306,411.5515083424245,198.47819418823866,67.88255606008369,238.52812624259244,377.8800187345705,868.5606628820728,235.11621515344652,210.23269349482086,300.4883510318926,334.54902843296196,58.405299283313425,429.8667426505773,143.39317402350582,1751.6476183083703,119.51308053646913,36.171611429587216,105.59328287853556,212.3605637767523,86.21761657638291,147.32209958534176,115.21556300873613,697.6454604837587,576.6756092352018,36.437756092740884,505.0683900672783,167.81766161455403,1311.6825273895033,364.4800833219743,352.2426513253172,115.21077109637818,185.13138891340333,6283.83368039968,6693.2374927861065,3326.3201028810067,4581.3683725000155,2227.3245912942243,1412.5001621534338,30852.771044485722,821.3221754861754,24670.32483512894,550.806744056219,8590.417354350448,10937.183860948231,10517.585857500691,10521.783031590394,164.39770245707564,281.26238961879335,546.4496510048361,40.5766436364204,461.03598228706807,109.04062574446746,638.3610855942951,241.02014527863102,138.75835319321243,57.01277117288765,476.7332138881722,260.3332479366479,22.695787594007452,89.25696593625005,91.6957908641603,45.46746423142497,116.83092104065746,212.53667553700726,32.682445690150054,27.648095586221466,226.64676468500178,87.97432005230483,303.19160282494437,775.4382907271881,164.10534225815957,104.64215289101756,187.74499644017865,79.8309976968677,153.02326623151754,917.9515197096385,630.1303422157264,1199.9529247882047,299.3373540764874,298.7789375004148,11.295319993148471,71.65012669846,320.1696235211998,30.323756078035785,26.013590532595977,127.21914198208445,193.0113610567859,81.06510494418636,234.48868505621624,384.71204531286475,298.23621308668703,50.360601902144836,186.49372595717153
20,74.43740949966478,209.17004536951984,499.4198930928701,257.72761667066743,454.37966796218575,259.78017891978095,134.0657803366293,162.22222553217048,399.4760413670974,194.2552541252756,66.15995028170437,229.5522667327118,366.0198857720109,863.650730412873,230.65600567555845,198.2038395438917,289.0706465073003,297.1638755758543,57.458180732756595,420.49016241475795,132.05520229841488,1440.9887045043904,116.77956264672835,33.33206833975945,106.83624273881273,200.58624269356739,85.55666381744383,142.30635120401985,99.21901665945617,617.1512387031946,571.2607964649753,33.64102890450137,478.4716941196868,160.34946520625317,1020.9881429902566,347.2106790930558,339.30597965167544,110.75358446899529,155.81384364240802,6053.333909527707,6325.196411057596,4106.307249413398,5030.925513177667,2391.8264668011857,1308.8951656733495,34489.54572971316,801.4083278393457,18755.729837144598,577.5709485922091,9232.439448559062,11755.107632018447,12286.738840011438,11982.495022589128,158.35301538604583,238.9751452876173,525.9127718225618,39.243995562871895,396.8528471297458,106.26790856379479,631.6152322765806,222.0436363875063,141.64693005179737,59.673835089995826,425.1366145556694,241.3555610357874,23.592785010970644,88.45732153785082,90.09175019812197,45.105356868626934,98.48137042677975,203.14169402318117,31.28490719496482,28.714482459182125,211.99545638793214,78.75262001699473,296.238018350814,707.5030500099782,158.5635349419005,90.7711374272939,160.87323903727176,76.47077835264446,140.65991175637734,873.637430573922,616.6288134101702,1194.8599526960459,288.48741206115716,283.37023404046323,8.878177996450217,67.93710613807856,306.9166595101724,31.69748304019702,27.604440502364202,125.38130400013256,194.09125876164333,75.4648503819993,228.7542358781244,332.70969689579283,258.1703464441945,49.21302099809242,185.2018813274378
21,114.90737896833308,312.228395380708,712.9494767385809,418.23537927488803,573.6792840033883,348.2608205744882,179.50171963458183,215.29586022718186,498.991135247392,298.410574094936,106.01132181698125,348.2497486481219,568.5154210221644,1618.583642227205,335.8753986643017,281.57776619695886,401.4792567029067,380.43001707267126,103.51279086852894,584.207014050301,190.14997105588725,1895.7621543015914,146.8079924944727,51.36197170819606,190.73420415439267,269.1489981346502,156.32753122700186,217.7919985606262,142.0571063947318,807.3815359291015,884.8176276357295,45.67185978701286,743.3548547437207,226.70280113603744,1299.1547532484676,499.53857927812214,534.0478797009893,164.54102436971962,223.77346417998737,6557.694411210915,6522.033812125023,3991.6667226175723,5141.692004574252,2425.8070551699893,1480.09677341403,36324.15786283894,938.604645610024,24301.25710118783,580.174688471448,9445.630729923163,11171.435229423041,12394.39796775956,11913.839402537607,225.7649605500096,285.8319043280648,913.3664985358078,46.01981664759779,571.6303643879112,143.75072257784336,991.6393721346641,340.91049143481655,247.72516742728388,102.18112762544241,634.0062771056377,349.15421604227004,42.8065406743563,131.43130007302,109.5257963027142,81.89705799273386,146.24998193506897,332.2369825808296,44.779860395940425,41.13809725549133,293.6769798016244,120.33507184931747,444.3342549635506,1033.2991605532377,238.51847690208794,132.48525787912746,210.5073490655535,107.34966665952028,163.000378951896,1370.5587515111197,806.6289138880414,1486.3726463765383,403.9725341884947,405.8222529493418,11.961350088681105,92.26520930205761,430.7876761235888,56.20818398545571,43.143142639437926,141.78982691249917,304.2026191994372,118.856115397867,311.69921956497285,454.988376581181,398.78966759029595,75.6264748534809,303.4888920765205
22,50.29635851430438,147.79998321918586,367.1756041804506,189.35547319144447,564.1648699225202,229.96376308902327,112.12538537235692,210.8796177526147,338.4893881815616,126.14115549353397,50.315602040084435,161.01834713496874,250.59351755035186,457.631064887685,166.87879435834225,165.52426321737678,222.0482514333802,281.8927138827714,30.035501497061226,348.93481840515625,91.8572175943798,1482.0834830383071,162.67033024905282,21.643466642748734,54.55694012716649,163.11197141088894,42.97538740426563,91.54319563245114,78.61797521490087,568.3750358048045,399.5491430065703,26.52209359018739,311.21750865293444,116.97468308686945,1157.8924694901264,266.60990848018537,212.94711790042135,83.6598880836926,141.13037020269616,4583.914299920707,5348.11139864174,3343.8416887630283,4539.217609620124,1788.287233178515,984.5719743616332,30768.498998243933,610.8777933949723,18851.761485345764,519.7416694041971,6728.234039893522,9414.716238191679,8843.370955725923,9739.77142193712,117.25021595212633,244.52320074608232,325.4970680606559,39.03245622562296,337.9476350528846,81.91960946273568,434.4225685209308,156.60420235641675,74.89937244260648,29.523409176215345,335.52129491834984,180.13053148778576,10.706722890635437,60.32675135862217,77.1078795244859,23.97292084615728,70.87512130950702,121.21719800370198,22.53987027668319,18.755665818432217,187.77449987471147,58.355145128640686,206.40673353282816,596.4769263758171,110.63430834947052,65.07755938365804,149.551661858952,56.24472905536786,144.4458705341457,588.7721717163755,501.0894173360456,1013.5965585918974,221.56717174075885,214.2720157993586,7.157048771649437,52.225439354364426,234.18388491549806,15.94982340466341,16.28801937648841,117.1083166347015,131.35780195020837,54.40688749495551,188.1255706072171,295.6548955503868,225.7667263314553,36.48728087516754,113.17127167409642
23,117.08427927413831,373.6156085198582,845.9143807217047,428.61227011267846,798.3142395655733,430.34630657028697,188.51607873496314,314.18116754571275,567.6769851916505,313.60237673521965,120.45636150954641,406.919731078798,768.2150839896112,1625.5363667593997,401.3391999838934,320.18901193793175,478.96176360132154,429.31923400395004,104.13983259645862,679.853749122859,240.13982166799727,2410.5210100347563,242.36196397984793,55.49178448006654,179.8000130416267,304.0504182403573,145.4480211886905,250.9129836666706,173.89921165053457,914.9314126040285,1093.7651961450165,51.50351996363468,893.621693139019,266.83686662127434,1648.041739656481,563.5385248128359,567.1958058479956,180.20504540733663,263.66997774295686,6036.949576066882,6115.2623455251705,3909.046547653631,5044.051368709402,2274.3579918526693,1307.1345024976602,34715.239830567596,848.7715578580359,23779.58416096643,585.3229393531534,9122.15794248414,10718.883760829744,12333.603032799252,11802.479261065595,249.6379055259088,365.11445017616927,1217.0952075292344,52.051717270908306,692.7412034904464,156.8937549035323,1084.7035432617545,402.19955535078935,249.54525502973888,94.81933589202333,722.743966349242,455.6137423828631,38.66572706657027,130.99211167100515,119.33714506114444,76.26362827736455,180.75203309276398,388.3394882271692,53.371354244793544,40.105224650381075,392.01534851991414,145.35815039360142,508.4242496772825,1120.7040827283702,252.5751083821147,167.07075357880984,246.79728784395354,115.92384318331868,199.5967009218184,1919.3996108752162,873.3522705972098,1598.135693177025,451.9575322983801,460.98496814383,16.577331915313074,107.78369059584507,485.54734092672834,51.40870949354707,36.63496457158989,154.7572644932403,311.6649320179334,139.54843467570691,389.4768743926662,531.123615990179,458.14408630840876,87.949194449779,311.42904777439486
24,57.61956260358073,168.53406099652256,412.46805759445806,215.3587776986679,587.9421590994468,247.5251430390428,119.8404064552311,221.08949992679374,360.2441910007081,146.41580348341768,58.31563757204979,185.35961871446827,293.13696071689213,578.3849111572351,190.04607960563698,180.35731702962462,245.8091919336369,296.0682206450862,38.47892856673635,381.78460865005314,103.87981439585623,1563.4071347641598,169.61558043872247,25.06265473277573,69.51334588035832,176.69652833875983,54.805318923552385,107.66304690037693,88.46089741186367,603.8768247420777,461.6743543356887,29.027824561510165,366.7112013152113,131.94817249664422,1205.4295916876115,293.07608820897656,249.96455117095425,92.64295370761228,154.05228861273451,5755.948927727686,6120.723097712655,3542.7314511001505,4544.516800211718,2089.536354194486,1289.6338745897724,33444.86294957791,795.3141771842841,25013.1299934071,559.7777208374928,7726.436725261889,9235.12308960458,9305.95293984299,9940.6788668986,131.00693719944553,255.32940612854142,401.7061898714271,40.36561479515775,371.8979542686258,89.3831497494718,496.35751580927024,182.00058101744557,93.84334109078172,37.03230530150636,374.8649431458944,207.35758663545792,14.382895155453788,68.10638427416426,81.3633730871543,30.90213695436402,80.62257440409067,148.29907260401785,25.526454950463776,21.250687527080288,205.58348913932926,67.43226867332686,236.70156302460336,652.8941958015425,124.3987338253221,74.98661997178614,159.0821823524625,62.568004692054274,148.44011690398813,697.1349264087232,537.2596531479827,1072.2233841444265,244.23729382003262,237.74257379028032,7.815452849753782,56.87223919769457,259.40001942658665,20.23448432394209,19.093484263533522,120.20968296958482,150.37910031375765,62.13420648485733,208.33228644651325,318.3274263583312,248.3559216653026,41.63202109270823,133.82440709015296
25,131.29706051615594,428.48944068281634,946.8274970283486,479.8419461514444,846.1785614257188,465.6319100352126,200.87675375864262,340.493730584805,624.3258435786754,349.9858113325577,137.82691425020383,476.42109272814196,960.9215768204019,1955.4847158939826,459.630938593081,356.2249713157605,542.2428777500825,458.88522979282396,123.81754438935947,760.9768117324214,273.58001534601965,2667.7019764191405,264.1321174392464,62.575061405720405,206.3901840489731,327.7135345158326,167.01017214238996,283.1179549414388,193.95906233904265,978.6131576069864,1286.794927377607,54.7292779298955,1051.4222317187598,299.25428863393097,1756.8572214303895,635.6370847231715,639.0989647894536,202.6274962464023,283.6034875472204,6317.528653159333,6509.54123765744,4290.111494568718,5126.138808257605,2456.5250717540384,1402.00283581973,36029.20570099269,869.236809501881,23297.804475743287,593.3045344521092,9742.758506759183,10833.928095255578,12408.629181288601,12187.901813648534,274.28750242270314,391.4596504935745,1544.7954674663022,54.421551518060966,770.1022752071887,170.0899481622059,1286.8464589493497,459.42663441531033,295.63072703972284,107.87765955868629,821.596512128424,537.3726788420954,45.35567040383651,142.08783116436499,126.45396419967564,87.92003365510102,198.83869165085687,463.0141314165494,59.95066635363562,43.68146152160082,442.69474104989297,164.08214904991794,566.3232739720033,1234.6262998721554,280.3424673038079,189.6319894788353,269.3802364619364,124.34717051085643,206.1767528452754,2415.062315296807,947.1671249639872,1732.1476583238257,502.46355182859236,517.545680839868,18.484688182403673,117.12514135358573,540.1610184776144,59.37375471747775,40.94234583174934,161.4573464363929,358.9161601783493,160.4235567897321,441.3979769023194,582.3228450008635,515.8065586389882,101.65753338866956,362.35147636265236
26,124.39225444731616,361.01212157857054,836.1695897859491,462.2400732345118,801.578547754321,436.08427277137105,200.1155904224084,311.3300794129461,551.814289918616,329.9771725143386,120.81266411745915,383.25111253433175,612.489564493746,1723.1415910338737,384.7650887708445,323.3754219243459,461.28660697723933,441.2734302122619,106.95046444019147,667.9881359251073,231.34278190936251,2350.0662021819544,228.56201865939096,58.99058179313236,196.7189228444093,313.6768602798186,164.15207994567507,253.35073482463244,171.5677929512716,950.4590365461075,1012.1088950888242,54.69083963585347,837.3930117505774,264.0658264505235,1684.4322607205845,560.5748356670962,588.2516566713771,183.4751026839949,278.68018117625815,6332.426949633806,6051.714660395451,3851.6865188362435,4748.170234883168,2300.9180638854514,1410.8715411029507,32749.860729135587,923.4943151431111,26868.13863064137,577.1415523440189,8667.060531921847,10384.951844162708,12054.833201117117,11202.384893122588,256.5259034036537,356.16451001041924,995.9254457533027,53.203174590606174,694.1891108723619,162.4474116113744,1055.6224802168447,398.19936466955807,253.54183408339608,106.50433510727333,714.8681484726668,401.27201598304583,42.61394937865338,143.68190177124688,121.4261325789263,84.4554839678024,185.25781427022972,362.868811028258,52.21549194192782,43.24170302931497,374.5610530452042,145.91475174513263,518.0414302879351,1181.1439337826248,265.6064445012584,159.3021020555571,246.0770128837016,123.83096075779494,205.8884252164379,1499.8089300359968,890.9725409217214,1589.9158911997185,452.9502320076322,458.632547805443,16.19202460318592,111.8688762020001,481.1112920732964,57.364111651299005,41.31763784108812,156.07439858803338,318.814618970138,136.718311152896,366.59743495185427,538.1260568419301,471.9696666192709,85.60044070364134,320.00365546710134
27,69.36493885800398,212.17407180016022,510.05516286196246,252.10494525157452,628.2419307306676,307.3753306179439,138.80144974587427,237.16447791061228,402.2204098383215,179.84392612992832,65.0714533070302,214.3927487742224,326.9102451424173,675.109652682023,225.020487318096,207.05684571850855,293.34729488389706,328.46492803696395,44.87412522863807,430.6102384732848,144.96261254645637,1720.1261363592905,183.68972550130923,33.307946319157246,83.33681671001149,213.27942578601684,68.76300989353099,140.5048270886956,105.940351218514,679.7904270200685,560.2200398167369,37.308430708600895,451.9681255027005,161.31782314274727,1297.5622167576182,357.3180649217699,310.01777014488886,111.08828958972259,180.22389281982822,5077.919342031936,6116.205353441862,3971.4914047900957,4931.312155076306,2019.9505243520416,1088.0803096061213,35781.23278331571,582.3348104068378,15164.889063100898,527.1876201774273,8205.570830484254,11227.545975393497,10972.083286829888,11499.363005424186,156.0306660366668,285.39056761973416,460.8323656141274,43.77399050087535,442.71220137621935,108.33210966308604,560.7159924556943,227.05081598091402,109.55224577691475,46.366109913362756,416.6170445197348,239.5798493969056,15.759153769581625,83.44041113032287,92.27488596894933,34.77101975910694,115.88973353830532,177.40907040115837,32.23968367533856,24.843920083356384,251.86565561422907,84.00302749559334,296.95097026789466,727.0882774421192,155.4045020453398,96.45778776754966,178.33246475069953,76.44282379403582,175.35221387581313,790.9893010387016,624.6194844672001,1163.5755828859672,286.77708557576557,284.2318290030942,11.684503046615143,76.0618409939614,304.1086729702141,23.799733126136704,19.90267418246728,133.20242662029708,168.8175276090172,76.32380775136382,236.13167394758216,363.56771001638975,285.6647997022946,49.21677444295132,156.4825443125109
28,121.11853782037434,384.98295460375186,869.5010273785005,441.5146207685823,811.7424250512913,438.43154841061374,192.4113375248702,319.2184362057319,580.159665824949,325.0356213329072,124.79498038137875,419.25887333938573,787.8801973208055,1677.9037407556386,414.09503511379455,327.5938176101509,492.24728458861676,436.5437758502041,109.35343902747424,697.1870268805404,246.2830927541069,2451.2404511395257,245.2063177727498,57.27964301703229,188.29515034398398,310.56021816260835,151.38635965140986,259.2272438317393,178.7408547760868,932.3230398956256,1120.8869570951574,52.7843541443208,922.257233637354,276.17617471345017,1671.0818379563304,576.5238793705224,584.109283446312,184.6549648192986,270.767996445869,5976.0072695960325,6612.763735274157,4111.13208533522,5138.877697377766,2192.0863532292087,1313.3793972716692,33452.12778115048,861.9730858840293,21924.689601488084,571.9900147105317,10078.246031735256,11399.984777257227,12652.632099922002,12474.333514483451,256.8490415754791,370.8076299182044,1252.4666379460373,52.62091036142832,708.6003991975238,160.81429501959963,1114.2372966637897,418.6365373702747,259.42182605734786,98.38755025595455,740.9419332726092,471.74634059648776,40.66969708195025,134.87074105725614,121.33296900537664,80.14228643604821,186.09197065630184,403.455391378891,54.774452086890534,41.26813327388981,401.94514730088514,151.0239346946397,523.7632359365247,1148.931424861369,259.43828705299006,172.3547107704086,251.77804974321293,119.53654496676046,201.5383933378383,1969.8301784010935,892.1599627210766,1627.3175815080779,464.29752985215043,472.73255173236856,16.923407967265724,110.24599572061928,499.28324608707004,53.6715183106365,38.10219546712119,156.12338192226414,320.8581727588251,143.547217452176,399.9985725831978,541.6924713986994,470.0694812656108,90.64871842804381,322.5635591577284
29,51.22564875230753,150.95405854454265,374.45599312329864,193.1344127920272,568.3363165680429,232.49411669452775,113.4125996450224,212.91754894197524,341.9173783490514,128.96825332968453,51.42641133627114,166.32092686686323,259.1117390757435,479.1168047241469,171.03237843588911,168.0024793956072,226.09489563199696,284.4409907000235,30.970815824034684,355.3964876698992,93.53513485403239,1496.11806433208,164.5784925052663,22.16193646158224,56.451517915631754,165.15766246939762,44.695239446118265,94.29533468270796,80.33925022389775,574.0536145024311,410.74985596109656,26.904899123438465,321.9805013312387,119.39722545543775,1166.0201348321914,271.5116400905815,218.30121926755825,85.2249701272016,143.17049405872768,4566.190730819815,5058.566491598162,3120.0827944536795,3901.476085071098,1818.8479308684198,1098.4115503368405,26234.759774856797,602.7006576435044,21390.901972749914,479.805163257866,6911.248190897293,10193.479673887858,8641.212172272124,9303.182675972466,119.66658796214375,246.3365646583123,340.2675682536152,39.32036521767679,343.7509481215712,82.94959651102857,445.90464609520745,160.2005689169805,77.544846086657,30.628116675859047,341.9117529978042,186.44559286293787,11.278769467216726,61.601568934452565,77.78332221096396,25.171696800270688,72.53144017487509,125.57133492701294,23.029244710764104,19.288522501776363,191.29356027893368,59.70547652629611,211.07977124752242,605.6727229019688,112.89501593187228,66.92447573401867,151.17003085268186,57.36906577384388,145.12348530456433,611.5204071885369,505.87459457400143,1023.9043270330884,224.52447055873168,218.39771137203854,7.239443186489188,52.951300191692454,238.04898580937714,16.593286902970707,16.63128726634716,117.58833960733837,134.70618821742246,55.68879351788599,192.5695197561403,299.57804341302136,230.0271096777233,37.419261877755886,116.63143906825258
30,172.59194918715886,524.8916258532486,1194.6715971897083,641.7609896299687,976.6118948623244,567.251624820671,249.3097536982151,389.079989313648,725.6499425651749,458.5132686843696,177.1709572415919,579.071826381147,1092.876986441746,2480.011806959233,568.547750165166,437.9481746452954,655.0135162958718,541.2275298672257,163.3176953979569,926.306076402988,334.647203324883,3035.000351199269,294.19581340285106,79.23829907501118,285.301469620574,411.292138373732,231.10207335638663,364.382596697391,244.90070252169332,1181.5458521798641,1591.536333032988,69.87210342977902,1294.5277337114826,375.7728492449981,2014.001866162144,770.3103486070264,840.8618137197254,252.5558729831278,360.73395660028865,5090.253768272285,5290.862571798295,3299.919985944903,4355.1138652325535,1991.5242784248376,1216.937633415234,28181.250314200126,737.8245807119997,19595.717559489363,524.7671084360301,8354.395747389979,11333.967512436428,10941.753330127303,11104.679266917774,352.7721144232617,444.68289799715245,1788.1905841721175,61.483827501902226,948.838695859816,213.83622042782227,1541.0031304976499,565.2702489582798,392.60267855163215,152.29826394503297,1023.2816046769932,631.8341102050139,63.341495026412176,190.73029049828438,153.2407893295415,117.5084820502326,249.4644032467001,575.546421364321,74.91875610303202,59.060302161140044,521.0201304592324,204.76388773723482,740.9287955703396,1549.4921505755567,361.281964753896,230.98844410251826,315.6369761141152,162.47499267832248,227.83624482708228,2734.590806783552,1148.752000864271,2035.9637597780454,617.2335390087335,638.7588709404985,20.85143480129782,144.42494964432046,671.6123247388712,82.41357841933356,57.70567139168515,178.31098005128646,453.27394460215993,199.7479329590691,534.7619109375754,707.5700971524451,638.3486813505057,125.58819003300053,467.8211521960302
31,90.69724248671125,268.4683241276358,638.175851801193,329.64577444687274,695.0615282344987,357.1548392698639,161.68891469123366,264.83122038312524,461.01536482976,238.3188960629986,87.58943528630995,277.25298522130083,432.2948382299129,1021.6158193532642,287.28853895485383,249.7664465930065,357.40191224061596,369.58014153391525,68.96083335786724,519.7687088030968,178.2249460185691,1942.9502552309207,200.77468507156476,43.05629671301217,126.96513967002477,252.81494786367884,103.93177706517422,185.36292691824156,132.31877823676447,781.872722624756,730.8788703618976,44.59388652270076,597.9319422030843,201.89940627792743,1434.238751985074,431.3687407629485,416.2849715369262,137.04277594459265,218.4888608756236,5078.683916382094,6094.791182952943,3158.57572027786,4215.081227102542,2063.035967211958,1339.103128819381,27933.761718627982,689.6608523997621,20921.006165705163,535.8466759284318,8204.10966103007,10785.533970723805,9428.162220872617,10420.195681263676,195.29548063529535,313.9321110821367,654.550823777349,47.36727077301972,537.092254676742,129.80148392771773,727.401848350754,296.1814774639206,163.33633666945525,68.8583414051906,529.2956070933352,303.5648735025955,26.220774778306357,106.50638497329652,104.44045204146455,54.11419512791233,143.42874418002893,250.55957857365402,40.28397078530357,31.87879130587485,298.1793180038477,109.1198885797011,384.46135904009907,890.2679851107968,196.0891243327555,122.37414732603992,204.5953012980697,94.93133931331994,186.89247471882277,1055.2741805414598,728.5906572096984,1326.73805766845,351.54238716457496,350.16027279121704,13.483056192303717,89.59488909102524,374.8847729849953,36.314895989407994,28.283797334878418,142.1342330157838,222.22973819838933,98.4175281381246,287.9810141305376,428.49610772624663,349.8691362594743,63.04945839997227,215.0445675544186
32,139.93403858093217,434.0639482040774,990.6025151810993,519.5114803318137,869.5674003706721,486.66876773353505,214.41446178304494,345.51151019613593,631.2733946452231,370.5344433181529,142.7898931112252,474.5721349846898,907.1698188091619,2000.733434479516,467.77500652568807,370.3840197681752,549.7016497938407,477.0003635275053,127.27864251712965,779.3358204526755,280.7101080467053,2674.85583941698,263.1394002591789,65.80617036079902,221.0205130030908,348.67514720910856,181.69639919031624,295.1268315754818,201.94547862176358,1025.4169505662574,1307.150767325029,58.8226567368168,1053.6241413974303,309.2427897059628,1803.000605169761,650.4108412854779,677.8480191496243,211.59916686774565,304.0861913975312,4298.348250761042,5012.821110110713,3045.0253754181167,4094.3970256613256,1795.1967808774955,1042.812366873433,26107.38306128444,504.9369015482871,12866.290503374401,518.2407914148814,7340.675198772061,10948.709836218954,8513.013707584538,10763.436565100003,291.81045020186775,396.9663273455364,1456.129803632009,55.71317627006063,797.23285724499,180.08666350718042,1280.238887625666,461.88395046513756,308.22974473712355,120.28931437222018,849.6896952056034,518.204773160189,48.710484828772124,155.62817832807508,133.3396643495029,91.16915413536992,207.11597409184364,461.1714262249874,61.79488321732194,47.97364203085201,443.1450959885344,166.7783719019534,603.3428391294796,1298.8225001078665,299.39191349048053,190.49188212547966,275.22040788496633,135.04121596116894,211.34940274584974,2263.7136869241917,987.0520482482011,1777.8189479748871,518.3487659887309,534.2134144666782,18.44268715513233,124.11839651854972,559.6568732689921,64.61310902840692,45.33605270398922,164.60786313466298,370.23363926490265,165.1011127269502,445.9339156554303,605.153879320994,534.2680555825292,103.54421423295697,375.53780447255974
33,132.9828777970331,393.8348612914919,902.8302087847434,490.1607037977379,835.444161659706,460.6927043800403,207.76213666883348,326.3044139401871,588.246015271404,352.60641468471,132.29841132698522,423.93312019945625,712.895718878684,1766.466488155444,423.2738981826095,341.50935560902576,500.7411464002081,457.14674285770957,117.82189895785133,718.3081719501592,252.03582888020233,2462.9578862396506,243.17198242778576,62.400467088566806,211.85633211530578,330.51883246666483,171.65512974575773,274.95890954561617,187.76241090799377,988.9047309176625,1118.0331267364395,57.57142013269771,931.4396830207218,288.47432755782035,1727.753055034998,597.1625919379688,629.854946346447,194.07432403552698,292.52491373370896,4924.8384899951625,5685.051516956452,3506.890401258266,4240.55671275509,2175.8083977812244,1380.7429277573904,28474.26518762703,789.574094257467,20414.137052135964,559.3409596973218,8380.812663607541,11468.371809539314,10066.593741222872,11298.993984405892,273.555901281573,376.5597910357208,1150.0665781816535,54.877087209609236,739.9710708320009,172.4893927231021,1122.539808818307,434.94393782383617,278.3799679649371,112.02651959971227,764.2040946345342,463.3698951986482,46.16806677262309,151.17267809276387,127.89608811446936,90.29591736956883,197.71075788615352,406.6139152986967,57.0480103964688,46.097119617807785,405.99967824487834,158.24250128666222,557.6649788435132,1231.357711340316,279.9737059709893,175.8936689165225,260.2174360407377,130.38513752765462,209.32813240352664,1764.2229059940746,939.7586510851061,1672.7833768441224,482.9372500909919,490.9455569700004,17.178883271596114,117.48341415150036,519.9284224247873,60.79323893587894,43.85137590293063,160.01815007191135,338.64810979394946,147.4221243682906,404.7636910645608,564.8450469900939,497.5802822968903,94.003947308735,343.2533182847733
34,46.7021399884163,139.21479589430317,326.40449813627265,168.20097832662418,530.3101472882669,218.33722298867275,104.70853588032729,205.77721939308216,325.69594457479207,120.73278067452617,38.79129970570816,151.27306515267665,243.99641345860238,451.5440901125642,150.79250784733196,151.77435089341708,206.36937565964695,273.61477257621993,29.87162644554193,304.77266253443986,86.95226432342754,1434.4347329933435,93.58059800436,20.3325397635237,53.98645152571602,145.81178554668116,41.35035321920655,85.11096628057199,76.65189422382888,556.3419535338714,345.35695956814266,24.322028776567002,294.9090036659456,107.46185764973752,1127.5519905448748,253.02081419780185,202.48970333175345,78.76163377582579,128.42427945748054,4109.377393217298,5252.2443279879735,3268.5255819843414,4305.527959009723,1680.8914921044875,961.3891900841571,26173.73518964723,557.4873260921063,16486.824074547523,488.4409462754438,6682.174675948114,10687.430647152632,8192.461601602405,10730.720865071567,105.06277311902934,235.76864893262535,307.8439308229704,34.67774807321931,323.63144878228775,78.05648918228619,433.8214145814834,145.36449702529973,73.50674587147003,28.821300462821995,329.25445340826394,170.35936802945685,10.737958601602095,56.7850885219098,73.06312030881467,23.73278953558668,64.10263481735228,119.08285192115636,20.963416269237594,18.24830534522039,153.09322179841024,50.31172296126891,178.4389292094285,559.3405264167392,103.92640134964937,60.192743700264,145.1239431493584,50.80871488738739,125.57201679042501,572.3913065403477,480.99213455700226,979.3013369424236,208.08758048788144,198.9745423370191,6.700315447828916,48.4255854197017,218.1004208678792,15.54012943223934,16.405769463870293,113.86521292822313,128.1857313885615,51.47180381628972,161.3553993254345,289.38992487754234,213.75787879295922,31.371745824542774,109.8494584025024
35,90.26519578810506,277.3215968281714,611.8865603294258,327.9877098950357,674.197841055064,341.12458735046465,155.88862939140068,266.83718593350227,462.19263686088476,243.93324952760938,84.96941204495609,295.57896156960754,481.3682078722673,1151.693332786839,288.7695329159413,244.50557889534235,356.39939481912137,367.4716318950696,77.3405033927488,507.03513460403667,171.20649438316545,1949.1766211055171,136.26310840646386,43.3104888753786,138.85116484577173,242.49808980969783,112.32913888177468,182.77926389252252,138.05523835633238,779.2062587233868,720.8125840644645,41.631539377785025,635.2655738401769,202.7400909245223,1424.5063876412578,426.2411205382548,441.2843225366944,136.55798178213755,213.42731410061316,5677.912409631441,6019.401966842843,3767.959939023181,4776.1630877733905,2268.246394982459,1304.890037445084,30752.032046679447,811.5669348710304,22276.6381819835,576.1052569530109,9293.022684037267,12142.710283093746,12235.24371704938,12632.946697646408,194.7855449645299,306.1892073912973,728.6807615336115,43.53672705279374,542.2718858314123,125.93841745160366,791.2971062406934,296.64598730462,182.72246822854495,73.30400743173684,564.4967512350863,326.233808409537,30.37859662911182,106.6129575416995,100.70307369810348,59.77065296419573,138.40205832315803,273.2253201486741,39.78046609137168,33.1389857365761,268.8420429659347,107.5848252244783,370.69677733203565,908.669446324603,195.44013864637304,126.50289663725445,209.16684063840853,93.69101397392491,161.5682160383883,1181.1716054402812,711.040247027508,1333.109528056296,350.56027004573116,351.98703561948184,12.63187377882359,82.00953179760353,377.10814445608764,39.67962833738195,31.871517810815774,133.94372799170554,238.00993318611071,99.36525667893366,280.2145575601903,436.38659969904984,353.66438343760285,62.30152491988946,235.0171798934113
36,53.469963678756635,157.70594782994937,370.4044000204677,176.36759479013335,387.154806625461,208.2147954813501,109.29505895914498,135.04149081028817,345.53241231706255,139.72243191962212,46.41450928207635,171.76240660234885,278.65787798806116,555.728627763616,172.06440564474357,154.5201253107469,228.1664362175702,253.6011617979266,37.49519139994087,331.8462968466455,97.89069233336292,1233.088193780815,99.49970356040106,23.529333083982984,67.81389733756573,159.62332032926898,52.273601837952064,100.34244297308817,73.07664308995601,512.4242802217886,403.37482621800007,26.62273264618997,343.64513627494256,121.0495914039914,883.6252968950392,274.1848027451456,237.46033042254174,83.6597206008059,115.93500695462826,5521.345403978701,6036.888785558507,3368.66608367603,4286.119536969813,2011.8311166806886,1241.3984362752146,30045.40609572102,772.6925771927413,23916.72961519252,546.2608007146139,7709.406609559118,9777.272517354562,9351.778577937932,10076.635163471843,118.08270859978978,211.13322940141444,370.355308608484,35.571910730669984,303.2059855606844,84.37344335656587,482.6944050464766,167.92423702403292,90.89962671638443,36.17015997537773,317.99372782457675,187.9308502686618,14.133278518706872,64.09736704711013,77.09776555378343,29.78369160126129,72.94246812334539,142.9547255005154,23.779018009322808,20.616868340392067,168.04930700586306,58.424054121906174,208.8095085254634,543.9618158912016,115.42442442456,69.32472323472929,136.0844375202588,56.50557092556547,129.17822012722758,660.1234615932144,513.453038932309,1032.3166393315207,229.40392647193983,218.71003636554715,7.301076485130403,52.640319758626,240.6907206416047,19.45893054871305,19.20879436157894,116.5664973373928,143.4600593193383,53.29476305200951,178.3931689878363,267.1663758568842,190.9583542741447,35.96116397385486,128.12042594651206
37,82.5302545381336,231.9526166115267,539.3559082033314,290.1574095240846,477.9699528625136,276.4365936129952,142.70370129886496,174.10445087759527,420.6443361085318,215.45996848244414,75.21970962077147,257.48424410002394,419.3663204981254,1040.3998072941597,253.37029310870852,214.3544431312977,313.2065105204771,313.78636570727065,68.33205372870003,453.7942135435145,143.8466487552832,1542.4370087957523,123.18965688963847,37.25003233009053,125.29360114633819,212.98524890369205,100.8096926652529,158.51766980652312,107.99141367957101,653.4846899824812,636.5672324546905,35.95787957262265,538.2602635560347,173.35665550358294,1077.108144127152,380.96745428443984,379.8551647052672,121.84114165756569,168.9159555387719,6020.344269819971,6349.3210450916395,4125.120628489887,4795.110286022818,2363.5457669460957,1340.998553594308,33795.512153480515,829.3822838276153,21634.331067077095,576.8124916143216,9586.982270252065,11283.490948954877,12378.687543811791,12363.041734700051,170.7044876829389,249.07622545118232,628.35694834098,40.626291458006655,433.45875308388287,113.28241150220857,714.5600574639229,250.82204242586747,165.43681920465593,67.88009831551523,469.93593153282865,269.8548123875281,27.951991082147448,96.9041391657782,93.40140861448289,54.422870129420865,108.93113995572655,234.119272232349,34.25661176352503,30.90772713411776,230.02087671346337,88.57781460538156,323.91778300687025,773.0841864363393,174.4300213960108,101.33759629915356,172.14407831865125,81.86169964676448,145.5020400768409,1006.9471521502813,654.4261006667957,1253.2639016854394,313.53430861720204,308.5784440531264,9.681261491332279,72.39960158933052,332.8227834843505,36.80757495261615,30.665289123256695,128.8035662012353,218.24751625097412,84.67450499138874,246.2547554311664,357.0203271580961,287.8328375713429,55.31862647334009,210.28686350428356
38,123.340331972329,341.6739839481656,791.6081931487911,442.1708962302182,607.4421691075701,375.12422872135477,187.81849007192,226.30384425767,533.3381407433018,327.5823780011414,115.82991457489727,376.96451688087643,613.1720404682227,1764.831762882046,372.5829101681753,299.7339565130432,438.3196607070354,394.60691254437484,112.17394345227474,629.7484392253301,207.48922549326267,1989.427915907416,156.29479054459404,54.90050305916526,206.9295133974852,292.65149718364245,168.78554381221036,242.42188582146812,158.71396828707432,858.7102963882774,970.6116990047869,49.781066053445635,818.1576517927421,253.31088457341636,1360.4081184410468,520.9730499504284,587.8996658577643,173.00069110764755,241.63355193158407,6189.430000434296,6012.642418803516,3741.883623577493,4538.042829734703,2204.553655015973,1344.257920326638,31153.535071590028,892.9159212107163,25305.791103099866,569.4821730459043,8669.794241425107,10486.578492508965,11972.68323588732,10994.44012603728,247.98562241077775,302.9495815815806,984.7005586862003,47.540628394026356,620.4290261075028,155.16767641817998,1065.4057358422394,373.68438162238397,267.9545347106005,112.51789744269408,689.1549029192511,385.953743646237,47.13494566606008,141.21772915692995,117.09806380210313,87.81051260423376,159.97383828101408,367.0815425626857,49.4974145048357,44.75487741954287,319.80012464280213,133.6789489656128,495.47710338802085,1108.5693616258102,252.8806858840889,147.20344205547332,220.15569344542922,117.46997793870331,167.22812000301428,1488.758267298163,854.9392149350924,1570.407355278563,435.4566343663385,436.78718424955827,12.600135820503763,98.57972490375266,466.83623369693476,61.06434271685578,46.63524414166223,145.74063656415643,325.4613979777958,126.83280249621599,345.4044616135588,487.69155707894475,415.80693360399476,80.89257262631025,326.2730639161568
39,69.4419460726732,212.38911081470823,510.5031608089375,252.36405757766278,628.5354299261994,307.55646708515326,138.92301459418857,237.27684063893463,402.46692978968395,180.07446345183115,65.14797619959457,214.64217465821392,327.2473333273844,676.8057486931651,225.19435895373277,207.2902889730404,293.55071016792897,328.6542979799556,44.95597566435567,430.9410304708891,145.104034601069,1721.0385992048052,183.74251661073654,33.36897090436681,83.57704047401107,213.43973640271818,68.91508703445008,140.60411312018738,106.00718766898162,680.2466584428257,560.8254424477842,37.32828791489925,452.52073702432045,161.42970154896483,1298.1966787149559,357.595581487842,310.47012699080744,111.23068028854492,180.32560046184418,5147.34135944023,5916.043526862541,4045.0955449058783,4859.925336625484,1947.369283175539,1029.4009840618899,34346.67070878599,572.5069516691616,14358.708406494228,526.862490762267,8059.618607516375,10412.946344903627,10935.757837588022,10878.979099947843,156.16482325970688,285.51746001120165,461.43147205781185,43.78658287560113,443.0347598980414,108.41153848827945,561.3339874614674,227.25859016388947,109.82830937667232,46.4857374732577,417.0045022036051,239.8346028240503,15.778526653775138,83.56972513231457,92.31363173733635,34.84560536325197,116.01662592977284,177.64880984305313,32.28472563108848,24.85844974650152,252.03032512987392,84.09068979656901,297.287574130757,727.6888368521181,155.57159317150885,96.54157549168661,178.4317507821913,76.53387634974534,175.3875693894663,791.7768087811679,625.0626391931268,1164.1863130601678,287.0725220597166,284.51903201126305,11.683534402405467,76.11753803601775,304.36148910893945,23.8239492313786,19.93657672980593,133.24601560973247,168.96912042783143,76.4758848922829,236.31184177058185,363.86750539928437,285.97089127255214,49.27004987448348,156.70630112494598
40,121.32292174861591,385.59852799900074,870.8411466425869,442.4512997193387,812.4413018485724,439.1430175826206,192.61572145311177,319.5250120980943,580.6497997950448,325.66233413656744,125.04053168853154,419.8337636778283,788.7112940527072,1681.2828560810922,414.7474169890111,328.13044650231126,492.8304084028415,436.96804201404206,109.60722381040927,698.1735910080951,246.7054216295255,2453.7298667583923,245.32352372212057,57.33098116014511,188.9247690802732,311.0697250168978,151.71618300480444,259.6534472839966,179.10167474419103,933.7193405238731,1122.77629762613,52.92190162209475,923.3910316847794,276.54329086891727,1672.7595297274888,577.3540074582145,585.1898060622052,184.89131400645948,271.05180919930405,5863.613355196779,6434.962968385396,4072.164842092919,5028.414726959134,2234.22876063292,1318.4091739980852,32852.05269325637,844.9282162360936,21359.593216712103,562.6981340865595,9841.246351282116,10395.583791424962,12425.367691443313,11924.687185216158,257.3173810508573,371.0827248737523,1254.3307937275583,52.646095110879884,709.6886709670945,161.0966548067201,1116.0864384600607,419.1915705024189,259.8146112843714,98.55270409370426,742.1929372694053,472.2258194802772,40.767530147127495,135.27757162531992,121.46664190631188,80.30162840853987,186.4411668938899,403.92130924374504,54.86308303207586,41.34465616645419,402.4202672857311,151.29418642913924,524.8113089713937,1150.9573442259057,259.87756720207796,172.60994851965813,252.00229087775284,119.69346532872792,201.6686759840397,1972.3007054578713,893.3194298400584,1628.9545902224297,465.17318421769727,473.4125399675609,16.96796560091081,110.33559531001428,500.08818942531053,53.79211451474112,38.19179505651619,156.2405878716349,321.3647736804855,143.7302912078047,400.4887065532937,542.2412083434807,470.75964026500475,90.86763201943053,323.150073226687
41,51.01206270407403,150.421304229221,373.20450480439763,192.26650758015776,567.6577812991651,231.9817039076093,113.16123647261155,212.64342263063702,341.3836553895201,128.3831922270404,51.217184186981186,165.73247550948523,258.2331787775677,475.50279317784685,170.46184699639014,167.5535128044225,225.48271249148192,283.98233766674207,30.742700112656056,354.4777286370218,93.21402929852489,1493.8214089109388,164.40994841278274,22.073305516396914,56.007878867600276,164.74017681502738,44.32909193486085,93.88608250411998,80.10047942621269,572.9997296023039,409.0014531626319,26.830313519293437,320.62488375979757,119.00734616104327,1164.5003320672104,270.71105565128454,217.24152250217304,84.92226881167795,142.77092832223644,5254.378188049374,5671.331188241381,3331.738064320522,4386.920431054121,1878.5500414097983,1116.6901250037563,28448.11179396578,761.1258493744414,23293.543906728723,525.1716845536355,7126.378371405769,9186.576104062917,8757.80302123545,9368.038296646424,119.25588281724126,246.06146970276444,338.5341794404005,39.28307241560427,342.8113632381858,82.72777698701285,444.1993479640734,159.64069256378795,76.99368753135153,30.3869242676498,340.8084672429835,185.94238219601132,11.182389368353995,61.34294093046915,77.65885143002063,25.003152707787113,72.26845327194813,124.92428059494956,22.955143428723915,19.211999609211983,190.84749962037802,59.49576505490131,210.19588340619333,603.8899332340607,112.44798662910694,66.71670155104323,150.92157361290003,57.17436828769906,145.0077323215081,609.3608149230648,504.81780374124526,1022.2973462892363,223.8871026687651,217.71966042526554,7.225397845448891,52.80794084866045,237.38498020364443,16.46542586729351,16.54556225379086,117.49825569583854,134.15163940738313,55.45535026335414,192.08665061761695,298.88788441362743,229.2860968573214,37.28655762103031,116.0023046540682
42,172.67718987761032,525.3304216802318,1195.798614727666,642.6308321302574,977.2807436891055,567.6318176729687,249.65798129159353,389.330868163954,725.9463476933356,458.8082208462159,177.38793354455927,579.8234942878554,1093.719706904164,2484.423497012201,569.1531527962134,438.36469165545594,655.562737562758,541.8847549634908,163.62766154505312,927.091646857035,335.0254588887613,3037.5682269991194,294.37501258164104,79.35163044754324,285.58431372979925,411.4703689083123,231.29725516463625,364.87708956643047,245.1026648394107,1182.3517641623143,1593.5980922332828,69.8629013097871,1295.5806499674002,375.99127851428,2015.402525689335,771.2823830714359,841.3044841235472,253.060052294264,361.2144041282878,6135.697990917395,6437.74662628769,4065.0930358517658,5079.108814134776,2279.52013606249,1322.2438762947838,33618.7345852147,857.6978479571009,23779.69264468418,589.3025338725663,9520.439313223784,10820.017951496926,12469.711697702956,11726.989294664476,353.24868737442216,445.10522687257105,1789.9423772253158,61.4988414871522,950.1134316397493,214.13892174334595,1542.8881121296788,565.843202008303,393.18870829848595,152.35105505446032,1024.3519565286847,631.9803754806749,63.34585392535572,191.11677953794498,153.3221554431543,117.767110054216,249.63149437286916,576.0491477091426,74.9555645829997,59.131497510551206,521.2361381179901,204.93097886340388,741.3225494415727,1551.5190385843032,361.84329407340306,231.19428099707434,315.70768714142156,162.58880837295936,227.85271177864678,2736.4714295166377,1149.7545476212854,2037.061233667608,618.2540056836268,639.5642986008438,20.88097844969293,144.55135771368316,672.4870104602084,82.46830681718025,57.80883200001561,178.45240210589913,454.0401421720134,200.06419529352823,535.0675181857281,708.1871235140086,639.7154383303581,125.62693580138755,468.6033323953433
43,90.51852763002609,268.12203382267677,637.3258665072025,329.12415953996236,694.7239557274268,356.9582044952997,161.51698034401625,264.66897247800455,460.7354266531637,237.9658252485718,87.41507932856832,276.9192872910675,431.8986627481556,1019.7487576391143,286.89623804993516,249.46374527748284,357.08274397352784,369.41401905195585,68.82280155798846,519.2204561804205,178.02831124400493,1941.686174537294,200.67491471796816,43.00447424779452,126.69343496921074,252.59700291650182,103.7026927095859,185.08783196269366,132.22094517158723,781.1568945538056,729.9005397101253,44.53964244695892,596.9938102860134,201.6548236149843,1433.2919022701162,430.96481612751376,415.58318880701614,136.8679356647462,218.3827943346641,6218.182271580848,6886.602905174622,3511.6749432208057,4648.691269901232,2200.4371060186027,1385.7353288458983,33108.74340882044,798.994606044192,24869.268710920733,565.8961056907679,8563.886173200484,10277.134657760666,10430.835180056234,10318.73635980181,195.06591195760222,313.7824555517418,653.6155977929071,47.346444922511694,536.4713537383399,129.64892246469378,726.6012639114571,295.8167829189777,163.09756587177017,68.71934096110213,528.7095773464815,303.27234295127346,26.17282688992741,106.37464936078064,104.37797448994047,54.073996393210784,143.2083776223277,250.07235053618714,40.2331169642956,31.851184945899092,297.9996345029529,108.93245592512885,384.02692211205954,889.3487417558146,195.83824548244948,122.2627532419272,204.43886525820707,94.88145413652164,186.82418530204063,1054.1200409656312,728.036108399659,1325.868699490266,351.2387172048416,349.7326163726452,13.472401105997285,89.50432085742055,374.52782759372985,36.26210487998067,28.260065551741363,142.05431986848555,221.88829111447862,98.32550693820541,287.6599085750301,428.22876192437616,349.60179045760384,62.98940245897238,214.69004377367727
44,139.7998813578921,433.4236743814818,989.2822531233113,518.5578501073879,869.0026807964312,485.96456339310083,214.10594860226323,345.22527583217675,630.6345737889419,369.9203228892185,142.59132104824167,474.06795567355357,906.2626835068006,1998.233848096448,467.03883692633457,369.999468016934,548.9940551986726,476.6497143236027,127.03018527734783,778.4538698997658,280.2814829839238,2672.688013675726,262.88416250992935,65.70010381983951,220.48049385619657,348.4581709061412,181.47554831051016,294.74663872318405,201.65972857990926,1024.4463690681623,1305.1577818636213,58.63425543803488,1052.2830534891343,308.8780951610199,1801.5684647057556,649.8514492543902,676.8914829925695,211.2925909753833,303.6406150610804,6144.847301494707,6296.054809909969,4313.351112280034,5094.949882333876,2358.906630589775,1312.2678022176447,36618.62570258036,818.5334752273632,19249.483286851886,577.4028328203351,9331.101178172998,11953.335984274301,12244.496043566824,12029.32874734375,291.4937035453038,396.60114847848865,1454.3968991408992,55.653120329060734,796.2559795595321,179.74666938958424,1279.4576760705625,461.29937368459827,307.5923768471569,119.985160090382,848.4914823182345,517.4482620324324,48.57681192783687,155.34969311779332,133.15126305072096,91.13089268908773,206.8021333679087,460.5650549497304,61.7125484594995,47.90486829196504,442.7135649931239,166.58754899264727,602.1567342947317,1296.912333726386,299.1342541307068,190.25456429410912,274.9709820009748,134.79663329822583,211.2108866238661,2261.6979383238563,986.2049688868397,1776.2114829089305,517.6455302925064,533.7295766839452,18.413627828842056,123.94888378185647,558.8509612865419,64.50316791060874,45.306024733489274,164.5337618526228,369.611285360186,164.90254066396668,445.4142380369393,604.6240309383014,533.518809286345,103.48803286879578,374.7745128353353
45,133.17902824949243,393.88716807881434,902.6834591869774,490.5980466584065,835.697946442641,460.73338743684667,207.90452736765582,326.3785152222273,588.3603152881457,352.8001435266451,132.19864097338862,424.2082151550041,713.5214630381345,1768.5209825241664,423.2312778373838,341.73165945514637,500.81282607172415,457.40052764064455,117.89503159568184,718.5358033394331,252.12252253696832,2464.3043016911,243.26739388243882,62.42419887170386,212.24621140970024,330.5018811929955,171.9704234360072,275.09790998970465,187.77742489324376,989.3454640330649,1118.476765784471,57.63922522737501,931.8562000308823,288.5750665556267,1728.0915961862797,597.5800775923391,630.0656264620515,194.30050245848625,292.64647858202324,6576.749831472789,6499.707708747248,4250.34755351202,5190.378008453746,2312.725825428424,1449.7011995544387,36538.71255528211,946.1142550862902,24495.01039488226,581.6674934976267,9500.417418567116,11564.843862808944,12347.296152590996,12140.57312791282,273.6779504519921,376.60773892409975,1151.045393155531,54.894522805383396,740.4762187873469,172.48987704520692,1123.0217093126205,435.31928745508554,278.7010735204446,112.24398022478447,764.515513747945,463.1480756746325,46.1758159263005,151.3518772715539,128.02249618383206,90.47414790414915,197.7935769660808,406.95826831523647,57.11872142377513,46.14167725145287,406.0907308005879,158.33936570762978,557.6063758688277,1232.2958432573869,280.0860686993116,175.96389562172396,260.32640851432626,130.51687314017053,209.39448453188945,1765.0205845007424,940.4555905939678,1673.1742247827265,482.95565433097573,491.34318541807227,17.185663781063845,117.52264424199223,520.4698945379961,60.978734302031846,44.01749838489001,160.13874627601595,339.08448401040835,147.570326932371,404.7462554687866,564.9743609920856,497.6858645157449,94.04172443291235,343.6272149497081
46,50.374334373183274,147.98596290744362,367.61875890637725,189.6576901848633,564.3973445328425,230.14683684465197,112.21353199543739,210.97551352937262,338.6806954129725,126.34021187862234,50.387281711600444,161.2217624190006,250.9010620869239,458.8031243813926,167.07881938764027,165.68360518986844,222.25893154898466,282.046243990005,30.114446000149798,349.2472061627767,91.97200193322638,1482.86663188183,162.7274802574237,21.675916223772873,54.70514269124688,163.25533075392096,43.09888954099929,91.68946090811218,78.70612183798136,568.7450578929006,400.1434062292064,26.547278339638957,311.6940816040949,117.11416785306275,1158.4058509212546,266.8791915704752,213.3239204979852,83.75723682676501,141.26452742573622,4461.544783889129,4955.331078565045,3463.710907675513,3876.797343689539,1699.2531855781833,969.4897460737781,28781.80972419906,547.2720551840865,19263.368695538586,473.9776441285458,6302.711651085874,9862.41476047623,8460.500545158424,9056.304384989975,117.38776342990029,244.61812787863053,326.08842535066293,39.04601724455842,338.28133298311786,81.99903828792908,434.9935842825346,156.80761764044865,75.08583645296905,29.604775289828105,335.90778395801044,180.3073090560516,10.739172471659574,60.41344501538815,77.15340580234066,24.030070854528148,70.96568954311171,121.43804888350803,22.565539348239597,18.783272178407977,187.92706133773538,58.43166802120506,206.71766832413408,597.0871722279128,110.78735413459928,65.14972337727887,149.6364182272986,56.31011253952097,144.48316333621824,589.517543435721,501.4550805251982,1014.1530446903561,221.78221075530683,214.50449040968078,7.162376314802654,52.2724185985337,234.41684384792507,15.99292807199398,16.31756302488352,117.13882892730628,131.5476562153048,54.48389470962473,188.29363037759583,295.890276093338,226.01808950386615,36.53135418670779,113.38631068864443
47,117.29786532237179,374.1202721530992,846.860261792453,429.5363566887091,798.8963947355885,430.65869432790737,188.75823978738205,314.5192243748896,568.1937568775124,314.12786621896873,120.65299628411057,407.4340811541358,768.9827345257792,1628.2422743591287,401.8734072655296,320.5609713144473,479.55602682395755,429.8176014498282,104.35729322153081,680.8194873999057,240.24249795422293,2412.384197172067,242.46948348712195,55.62448873679212,180.11579105398098,304.3821788821712,145.7744542873512,251.27283499056512,174.1326549050664,915.8913390158172,1094.8147221462002,51.587792009876466,894.4634449572272,267.2156065072575,1649.1939419438902,564.2083422838267,567.9358500241879,180.52421367442477,263.9872087216257,5277.034976273469,5353.713279810596,3748.6898487282,4494.6977706014195,1910.283874146309,1172.765810813572,31217.465589428622,744.6323031124518,22285.134185362855,522.7293023495952,7766.206183828282,11022.14059123236,10493.296782216188,10952.319283602754,250.00986490242425,365.1992065445159,1218.1427962419984,52.0798079529889,693.6725548980496,157.1199333264916,1086.1870218688728,402.6930795756191,250.21555682283446,94.97577193188596,723.9034334682237,456.0055589656769,38.789229203303925,131.17760703715805,119.42093278528138,76.2820325173484,180.9937098230781,388.5467780880398,53.40864704686606,40.17157677874386,392.3417816185749,145.5150707555689,509.3376811670067,1122.0228918198436,252.98097030596884,167.15405698084197,247.0728671216063,116.17326906731017,199.80544374900353,1921.318010732479,874.1296075754746,1599.0859331467168,452.6341302788386,461.5303148338774,16.581690814256614,107.96724867357861,486.26898086293676,51.53608620711943,36.745874333597754,154.78680814163545,312.0703096196827,139.7218219892389,389.7451888387464,531.5381957119203,458.88025590776226,88.056713957053,311.88527919715216
48,57.58081683519371,168.40959021557924,412.1716524662973,215.1820001304021,587.7401967817294,247.36047352339793,119.79875475421505,221.04106771630995,360.13764013764376,146.23902591515184,58.249285443687,185.17509199252504,292.9320924665457,577.3983470296804,189.91870289206463,180.23236192657646,245.7069999695161,296.0013841946186,38.417903981526784,381.4397713114086,103.82024277696118,1562.8918160446121,169.58652111243222,25.045703459106406,69.37289246995535,176.59336773042935,54.731217641512195,107.59330451728027,88.4202143550573,603.5431268118444,461.228293677133,29.000702523639248,366.31890041029266,131.8120779851848,1205.0285729848058,292.89592038597686,249.70495452276117,92.52623208034636,153.96511063386367,5324.7051917055405,5974.261052988474,3651.4426951889627,4474.3005063405735,1942.0363142391425,1264.7749936806235,32383.713217878172,686.5431996333291,24859.076595190163,538.3096207376703,7517.626460164239,10113.827160458957,8391.283786258533,9780.911033217137,130.81998886697812,255.24658704861415,401.2383347181538,40.34043004570618,371.6737131340859,89.33617050530253,495.85963268549693,181.88240642386512,93.70191903616907,36.971280716296796,374.48184436096767,207.22488237873236,14.353835829163515,68.04971858789823,81.34642181348497,30.851767455460884,80.57511083781655,148.13295012205847,25.514831219947666,21.224534133419045,205.4735480215311,67.40417799124626,236.48507104374085,652.4316681914224,124.29605753909648,74.93915640551204,159.0671683672125,62.510370361578566,148.44980334608488,696.6588377796676,536.9923073461122,1071.7003162712017,244.05470438650872,237.5987301251435,7.808672340286051,56.85189766929138,259.16754481626447,20.19380126713571,19.072174090920658,120.1961219506494,150.23283503809662,62.048481472301035,208.21169024240862,318.0881712385413,248.22999791804475,41.61846007377277,133.66264350713712
49,131.29221729510755,428.44003982812285,946.7887512599616,479.61867366111414,846.0686203079207,465.5398888352934,200.84478849972334,340.452078883789,624.3195473913125,349.805643509558,137.83853798071993,476.3324617829566,960.7016945848056,1954.1717186677672,459.5127639995006,356.2152848736638,542.0617412828732,458.7815848623887,123.803983370424,760.7675845831315,273.49332168925366,2667.0868873459963,264.0890127719158,62.49514825842216,206.35434421321511,327.77068452420343,166.8721403425112,283.0443379815035,193.91644199381693,978.3816516408739,1286.4050480832127,54.7152325888552,1051.3907507819451,299.2935187244228,1756.5627535906483,635.4593385106959,638.7081168508495,202.6158725158862,283.4765951557529,5212.461610198137,5727.603914936119,3594.0004845073836,4662.170732272181,1955.813076424159,1201.9044553021447,33973.258365956004,709.8839401173324,19145.05959796052,559.0117333679649,7610.605954041443,10787.926563554323,9456.48071295838,10990.718070964314,274.3175303932031,391.43979328727613,1544.404619527698,54.4079904991255,770.0727315587936,170.14564520426225,1286.384899983439,459.2963517691089,295.451043538828,107.96241592703291,821.5858570421177,537.424501307313,45.368747100667136,142.03164980020378,126.40795359971605,87.9607167119074,198.83433275191334,462.76712714308206,59.99958288622424,43.68436745422985,442.58383128788506,164.1068494772647,566.1997718352696,1234.2616053272125,280.1913588070985,189.67073524722232,269.3826580724606,124.26967897408238,206.21162403682374,2414.5542614088317,947.0295774862133,1731.7509985199633,502.3487674897458,517.3345164021587,18.44497376980697,117.01762184631173,540.0239553219453,59.387800058518046,40.97818566750735,161.45783075849775,358.907926702567,160.36592245925638,441.38829046022266,582.1325064136622,515.5881293697063,101.60716388976643,362.152419977564
