,0 solar,0 solar_rooftop,0 wind_offshore,0 wind_onshore,1 solar,1 solar_rooftop,1 wind_onshore,2 solar,2 solar_rooftop,2 wind_offshore,2 wind_onshore,3 solar,3 solar_rooftop,3 wind_offshore,3 wind_onshore,4 solar,4 solar_rooftop,4 wind_onshore,43761 solar,43761 wind_onshore,43762 solar,43762 wind_offshore,43762 wind_onshore,43763 solar,43763 wind_onshore,43764 solar,43764 wind_onshore,43765 solar,43765 wind_offshore,43765 wind_onshore,43766 solar,43766 wind_offshore,43766 wind_onshore,43767 solar,43767 wind_offshore,43767 wind_onshore,43768 solar,43768 wind_onshore,43769 solar,43769 wind_offshore,43769 wind_onshore,43771 solar,43771 wind_offshore,43771 wind_onshore,43772 solar,43772 wind_onshore,43773 solar,43773 wind_offshore,43773 wind_onshore,43774 solar,43774 wind_offshore,43774 wind_onshore,5 solar,5 solar_rooftop,5 wind_onshore,51723 solar_thermal_collector,81425 solar_thermal_collector,81426 solar_thermal_collector,81427 solar_thermal_collector,81430 solar_thermal_collector,81431 solar_thermal_collector,81432 solar_thermal_collector,81433 solar_thermal_collector,81434 solar_thermal_collector,81435 solar_thermal_collector,81436 solar_thermal_collector,81437 solar_thermal_collector,81439 solar_thermal_collector,81440 solar_thermal_collector,81441 solar_thermal_collector,81442 solar_thermal_collector,81444 solar_thermal_collector,81445 solar_thermal_collector,81446 solar_thermal_collector,81447 solar_thermal_collector,81449 solar_thermal_collector,81452 solar_thermal_collector
0,0.0,0.0,0.9999999999961966,0.9245499595429176,0.0,0.0,0.017891234119505862,0.0,0.0,1.0,0.8764045823407174,0.0,0.0,1.0,0.48646040514585126,0.0,0.0,0.4913179184424204,0.0,0.06328523216430669,0.0,0.17775079818891412,0.02765406283394632,0.0,0.0,0.0,0.19710966208762665,0.0,1.0000000000000007,0.9999999999999999,0.0,0.9999999999999998,0.9999999999999997,0.0,0.047418367482549705,0.03786492533629155,0.0,0.20734492841322755,0.0,0.6279229865340802,0.2553606168862889,0.0,0.908871330117129,0.5205892822761927,0.0,0.5558633554251331,0.0,1.0,0.6663656725976709,0.0,0.8441435052928603,0.4736278064088194,0.0,0.0,0.044302877598306575,0.0,0.0,0.0,0.0,0.0,0.0,0.0,0.0,0.0,0.0,0.0,0.0,0.0,0.0,0.0,0.0,0.0,0.0,0.0,0.0,0.0,0.0
1,0.21863104294361077,0.14759221335889067,0.9999362389388236,0.8501805544951192,0.12957744888710374,0.11613981670180891,0.14603509579823598,0.10225400503501024,0.07565573223527514,1.0,0.9468539716264791,0.03361274765842049,0.01837914682992195,0.9996670327130176,0.47797071477872366,0.05232380784197728,0.047884689164788684,0.7740357170562769,0.3290473056379943,0.11557287285961267,0.019983603655785227,0.18441253670300262,0.12522440061230442,0.3641821988272724,0.0,0.17314386119958436,0.4103097310569748,0.19314030367866017,1.0000000000000007,0.9586461998661958,0.23708101735439396,0.9999999999999998,0.9999985041548043,0.11448558837122588,0.0681073944980422,0.017662200283599102,0.010274992016813093,0.21500324322764316,0.011681847521056898,0.5213181035227912,0.1677307114506257,0.01599147239571931,0.8158748852639032,0.3393445202333596,0.029277852686194334,0.46973751870779445,0.11439166905499616,1.0,0.9706074356489027,0.08087811678434093,0.9195299257008493,0.5584877716381811,0.23491832580505165,0.17744142249621106,0.1826882318606392,0.0,0.004284604758084714,0.006990594184961748,0.0023336941553351778,6.058560812245518e-11,0.0,1.4764518307504687e-13,0.0,0.0,0.0001900904893811525,0.0,0.0,0.0,0.0,0.0,0.008144693436102943,0.0,0.0,0.01335332233958909,4.665838660687784e-19,0.0,0.0
2,0.0,0.0,0.999805024485771,0.731449947174851,0.0,0.0,0.14814640848892166,0.0,0.0,0.8351927158730131,0.7527225535687316,0.0,0.0,0.9994377909687037,0.39732033152785806,0.0,0.0,0.5481144520297702,0.0,0.3430420507203181,0.0,0.32686051588249787,0.14526993058784268,0.0,0.0,0.0,0.4243543904309451,0.0,0.9783215365225886,0.48449580406311865,0.0,0.9029944188483523,0.5979409608463393,0.0,0.21624420778398273,0.07072586272642388,0.0,0.1007045937486549,0.0,0.6091063990592431,0.18174156087126342,0.0,0.8826109153887409,0.38146212069803176,0.0,0.37777617400624663,0.0,0.9999908188958485,0.9595042592768581,0.0,0.8043233197362911,0.3676046799510922,0.0,0.0,0.24974816148212162,0.0,0.0,0.0,0.0,0.0,0.0,0.0,0.0,0.0,0.0,0.0,0.0,0.0,0.0,0.0,0.0,0.0,0.0,0.0,0.0,0.0,0.0
3,0.0,0.0,0.9983937905553674,0.5601424069705313,0.0,0.0,0.18580872433867665,0.0,0.0,0.7327060846050826,0.4799025670397526,0.0,0.0,0.9953083708857806,0.4433973396883218,0.0,0.0,0.4812792741611478,0.0,0.11203589415025858,0.0,0.46490736760338286,0.11825500457435068,0.0,0.01792174107620201,0.0,0.21091141886301656,0.0,0.911600961106638,0.29344445422961657,0.0,0.7012469241347624,0.6268735426189498,0.0,0.3077754761189743,0.13719152397538625,0.0,0.028442818798805947,0.0,0.4944915106181163,0.21710606485298417,0.0,0.775533743617645,0.3127100046225381,0.0,0.31095009216570674,0.0,0.6974501969472834,0.6599818513880946,0.0,0.5827721505597259,0.3152891106307529,0.0,0.0,0.15979299497502447,0.0,0.0,0.0,0.0,0.0,0.0,0.0,0.0,0.0,0.0,0.0,0.0,0.0,0.0,0.0,0.0,0.0,0.0,0.0,0.0,0.0,0.0
4,0.0,0.0,0.9279246967271909,0.43900372156449735,0.0,0.0,0.14077235359415538,0.0,0.0,0.5059122431420726,0.40957944848989297,0.0,0.0,0.8917130572748155,0.4271691747554026,0.0,0.0,0.4436105709437216,0.0,0.1659224316770557,0.0,0.45369037244223615,0.12701729431366912,0.0,0.07739792369263349,0.0,0.19431607250002403,0.0,0.8058679494872858,0.15179185617335006,0.0,0.4212358032365236,0.31115313071055467,0.08928482513735198,0.07571546180319899,0.14003251523413723,0.014825058218538762,0.0,0.0,0.32201909794903305,0.10732848317801921,0.0,0.6371860915794267,0.33404156749650143,0.0,0.20385982008761094,0.0,0.36444068442346367,0.3408028225321515,0.0,0.34261549481551773,0.26470789894368046,0.0,0.0,0.21507286230612288,0.0,0.0,0.0,0.0,0.0,0.0,0.0,0.0,0.0,0.0,0.0,0.0,0.0,0.0,0.0,0.0,0.0,0.0,0.0,0.0,0.0,0.0
5,0.0,0.0,0.4605394999734503,0.2152399501379485,0.0,0.0,0.14615118531858506,0.0,0.0,0.383373856351539,0.27726659439437545,0.0,0.0,0.4204215584131199,0.3338985945410528,0.0,0.0,0.3513817962977601,0.0,0.16117204812824004,0.0,0.2768897205523472,0.10274119382453248,0.0,0.04041592064191363,0.0,0.14691619643313408,0.0,0.5343108377435671,0.051089926517263455,0.0,0.3732786145231114,0.3471110217082656,0.0,0.0382953363136098,0.10314550489234758,0.0,0.03990910339457572,0.0,0.1767553605089944,0.09951520063321227,0.0,0.22908969730155437,0.1593065506936986,0.0,0.08354105160811405,0.0,0.2851814158974243,0.2294758258197294,0.0,0.21927179953651954,0.23156100619010264,0.0,0.0,0.22900425180722192,0.0,0.0,0.0,0.0,0.0,0.0,0.0,0.0,0.0,0.0,0.0,0.0,0.0,0.0,0.0,0.0,0.0,0.0,0.0,0.0,0.0,0.0
6,0.24334585427140867,0.26174204164507536,0.12559690808679977,0.09969113228481759,0.1934484601945986,0.1812747583871329,0.019098719022921803,0.2097351035266853,0.22743275262849652,0.2053705967038306,0.11273347963997882,0.26424818401393774,0.2910371129769125,0.12571472986453572,0.10080122314675541,0.24730062696819186,0.25184529728299077,0.1790637362933166,0.3843763307072277,0.10719039527732217,0.17199119133753532,0.10641158488948048,0.02514212682652186,0.5361396500244313,0.0,0.23126750089051534,0.1043626355039081,0.13981289735417515,0.182657908259444,0.08812677814383495,0.21576642590651957,0.21305800778985523,0.04662150493928448,0.32347685876786564,0.10802940967079314,0.03462619549278135,0.24156405425923103,0.1853514541622895,0.17992079765142444,0.23179344727473167,0.20624468225460602,0.3042225378458004,0.1379687397144275,0.03622921718500531,0.036557162707031576,0.03895106907398434,0.1751398216877291,0.3011236965985237,0.1755979374735637,0.22510746553886252,0.1685328824331444,0.09378459126291508,0.3446602480313015,0.3204989555448716,0.06785857832024193,0.0,0.02125651927093,0.060671911242358725,0.011833427951891115,0.015701180176352456,0.03055856924755073,0.020572620280193417,0.026330048668010614,0.01809306018432647,0.0410651903537974,0.05921387928940808,0.0507342203650265,0.001964302499523655,0.01776902867056077,0.0657689376708547,0.035741695149451816,0.011388464802958433,0.01742448769612948,0.020454397927733438,0.06430131748614433,0.0,0.0308459960562111
7,0.0,0.0,0.40242289136970977,0.20928681819046202,0.0,0.0,0.02640271378260073,0.0,0.0,0.5066884688403935,0.17142160375809626,0.0,0.0,0.34974152065093855,0.14526058692723542,0.0,0.0,0.15821715930940125,0.0,0.043360870920695245,0.0,0.2140430371350045,0.07927158243219988,0.0,0.0,0.0,0.035839211043076385,0.0,0.7230217614986405,0.3931107314391856,0.0,0.4629521949818425,0.39008281519567806,0.0,0.4180242661082319,0.04715233443336802,0.0,0.6998537547159236,0.0,0.6526733250073115,0.32048336130210087,0.0,0.5534544333828151,0.09977970655683574,0.0,0.09104909056833121,0.0,0.4693237568796574,0.15737369608431082,0.0,0.2569162555887694,0.07154587038799037,0.0,0.0,0.03446960100598299,0.0,0.0,0.0,0.0,0.0,0.0,0.0,0.0,0.0,0.0,0.0,0.0,0.0,0.0,0.0,0.0,0.0,0.0,0.0,0.0,0.0,0.0
8,0.0,0.0,0.9764154049189222,0.4345063601466595,0.0022462422557672844,0.002201872548336176,0.03983896193886605,0.003880573617350887,0.003966582106484445,0.5533942182479956,0.23108888319238888,0.0,0.0,0.9741298226006625,0.34975937558246184,0.0037615175542917703,0.0056558827490312885,0.15923202803885458,0.04863267935263386,0.0,0.0,0.723490384438052,0.21846728994795991,0.0,0.0,0.031202667583243436,0.020995086974255773,0.0,0.9804149725745244,0.6228856026022638,0.0,0.6784480675880307,0.5920490061936853,0.0,0.4230373347048277,0.06685994249704251,0.0,0.7764295030005317,0.0,0.8935422584330361,0.4402992765405698,0.0,0.9913736465733438,0.553842421212654,0.0,0.12395453594512679,0.01599420469524715,0.9130192586122868,0.2557126656820573,0.0,0.47817625714144507,0.09887794693726137,0.010646078062378139,0.009413368078224047,0.029620678802327934,0.0,0.0,0.0,0.0,0.0,0.0,0.0,0.0,0.0,0.0,0.0,0.0,0.0,0.0,0.0,0.0,0.0,0.0,0.0,0.0,0.0,0.0
9,0.0,0.0,0.9998976952916008,0.7380201063200977,0.0,0.0,0.061682272884600424,0.0,0.0,0.8345610169904154,0.3418932798007621,0.0,0.0,1.0,0.6163083593254481,0.0,0.0,0.17115405547787174,0.0,0.13437908099254448,0.0,0.9855328084078039,0.4269131615631641,0.0,0.0,0.0,0.08160640346758082,0.0,0.9892471635007464,0.8173459345379988,0.0,0.8652925610030078,0.9727257208523071,0.0,0.2100522824623565,0.11774259220706422,0.0,0.8359016094618266,0.0,0.8732503293618034,0.6204833345592881,0.0,0.9999685660702605,0.7625992516983655,0.0,0.1620007161868276,0.0,0.8083631921518564,0.27252497397627506,0.0,0.5909816111128617,0.16896755098736613,0.0,0.0,0.03884661652797197,0.0,0.0,0.0,0.0,0.0,0.0,0.0,0.0,0.0,0.0,0.0,0.0,0.0,0.0,0.0,0.0,0.0,0.0,0.0,0.0,0.0,0.0
10,0.0,0.0,0.9993707808359272,0.6599778962001857,0.0,0.0,0.07898970768935876,0.0,0.0,0.8871893542205126,0.35253106684148877,0.0,0.0,0.9999999999919861,0.6039535227119958,0.0,0.0,0.150764245159863,0.0,0.15221008297737845,0.0,0.9914301310472309,0.5524578230178717,0.0,0.0,0.0,0.18425699694489384,0.0,0.9750359935789304,0.7267782158300804,0.0,0.9673921420588438,0.9771261335798876,0.0,0.7054934274795617,0.22472289218849098,0.0,0.6944630290760292,0.0,0.9223856013025948,0.707112942679211,0.0,0.9999783193983003,0.6957789708494513,0.0,0.229047857928328,0.0,0.8994405416822423,0.23537096359088622,0.0,0.7487739096762474,0.2021446733821917,0.0,0.0,0.021893593942136438,0.0,0.0,0.0,0.0,0.0,0.0,0.0,0.0,0.0,0.0,0.0,0.0,0.0,0.0,0.0,0.0,0.0,0.0,0.0,0.0,0.0,0.0
11,0.11464078702540594,0.1734339852070997,0.9991549358339451,0.5705609583701978,0.41318551945902154,0.41810618661085813,0.14433436716676767,0.2663786821911865,0.27690745247193777,0.7523239799920899,0.377359013593502,0.3554508966134522,0.38597612489447397,0.9999206263318742,0.6190146832501393,0.32469168998693443,0.3371864137829282,0.25091846794019723,0.3548200508856346,0.07859090635541965,0.36949408013941315,0.9845899274392087,0.6419533072515472,0.44400580451146293,0.025863508099645886,0.198609380350462,0.18679507280617214,0.015555009251680194,0.9981760424405881,0.8036009540038003,0.03988201368119995,0.8539273035424428,0.8533264855432425,0.2086913400150266,0.9894346530911905,0.42176924910862373,0.2487663413732681,0.5678015572382423,0.09185753320376092,0.9315832040516072,0.48189305863259013,0.29849673629274015,0.9997159450959411,0.662730287437141,0.0,0.3484650751242805,0.2188585372903617,0.810342239243895,0.2018690074376953,0.0,0.7719427918042143,0.2261121606271775,0.4326292593457748,0.43398152565299264,0.05317848801152138,0.17459771611303906,0.1077756020348121,0.11848965819346166,0.10653769392411713,0.12620282630081794,0.12973547846464087,0.10330318229535987,0.0,0.17073854538768543,0.1055753413335651,0.0761307292988202,0.11200490930204468,0.11802466149823178,0.10778606786005114,0.06289526217028915,0.03716774460838463,0.11541121714219647,0.017915923890336305,0.0022581086447645044,0.022649532275063316,0.16905298479608907,0.005438004148648807
12,0.0,0.0,0.9988450349356954,0.8784794404291205,0.0,0.0,0.5733120334424051,0.0,0.0,0.9940929366468809,0.8670035685245205,0.0,0.0,0.9984516568596051,0.954622823545701,0.0,0.0,0.8690841566857243,0.0,0.1710391323375037,0.0,1.0,0.8549089307274943,0.0,0.15376210732915835,0.0,0.449816090666039,0.0,0.9999995663605157,0.878536243996478,0.0,0.9999999999999998,0.989125695829201,0.0,0.6283215450909189,0.7390609238873543,0.0,0.27885404157040944,0.0,0.8324938510779343,0.35063844304835046,0.0,1.0,0.9085055161686292,0.0,0.5480667233129048,0.0,0.9736148416070416,0.5900018404400554,0.0,0.9237611568037248,0.3783973696625049,0.0,0.0,0.4458540115879785,0.0,0.0,0.0,0.0,0.0,0.0,0.0,0.0,0.0,0.0,0.0,0.0,0.0,0.0,0.0,0.0,0.0,0.0,0.0,0.0,0.0,0.0
13,0.017222801679387143,0.016526700211066826,0.9005479746349924,0.5197910658717717,0.037144629359441024,0.0333552058892812,0.7694784059397272,0.02307119300295491,0.024089438249907516,0.9814496853697984,0.8301807153163071,0.0127686469482741,0.011059762273921813,0.82163284436584,0.4445699855140288,0.03882502980251468,0.03731333979597423,0.8611834542195417,0.19204803169861193,0.1587712369375062,0.0,0.0,0.7262672688250121,0.10241248721752765,0.2780360920285706,0.05634909983323356,0.544536372848369,0.04034347018703335,0.968242267272283,0.7393594165329298,0.015620787785584627,0.9982441392731043,0.8894626022446581,0.033882040168379576,0.932147694661691,0.7995049929046807,0.06737516218114888,0.5576939150145169,0.028435267989601536,0.38488305626898706,0.19505523113220907,0.0,0.4603151521289108,0.17630657721156087,0.0,0.40481908280672424,0.191128931324654,1.0,0.895660874660262,0.0,0.9987247823053824,0.44096075897859854,0.07214447473563358,0.0507919181549803,0.5649497982133359,0.0,0.0,0.0,0.0,0.0,0.0,0.0,0.0,0.0,0.0,0.0,0.0,0.0,0.0,0.0,0.0,0.0,0.0,0.0,0.0,0.0,0.0
14,0.0,0.0,0.07207273517441132,0.18581763749845054,0.0,0.0,0.9543934702477204,0.0,0.0,0.48625669146789696,0.8090285703052603,0.0,0.0,0.047264359708057264,0.5951790836624901,0.0,0.0,0.9741892867650481,0.0,0.16389644550686525,0.0,0.11449542613426307,0.7878259013283089,0.0,0.2649139318089084,0.0,0.6869940949216791,0.0,0.5008386513890107,0.38239850816316034,0.0,0.5589735097921463,0.2845949536404858,0.0,0.17593954586821456,0.6225549684896335,0.0,0.07465170295067802,0.0,0.2562610031737117,0.12979275758779615,0.0,0.17366003679313907,0.27855369417831516,0.0,0.3639335825632508,0.0,0.8171324781129143,0.8272561283550746,0.0,0.765332619161027,0.3319382390872679,0.0,0.0,0.775432592377837,0.0,0.0,0.0,0.0,0.0,0.0,0.0,0.0,0.0,0.0,0.0,0.0,0.0,0.0,0.0,0.0,0.0,0.0,0.0,0.0,0.0,0.0
15,0.0,0.0,0.1365386762642214,0.20576601996748137,0.0,0.0,0.5716151025697377,0.0,0.0,0.8401973582576425,0.5347556704756266,0.0,0.0,0.05856303035876403,0.04386383295887606,0.0,0.0,0.26955122416816446,0.0,0.04221092310552508,0.0,0.21902573366774233,0.45777468952128825,0.0,0.048058491557025865,0.0,0.4586716337238575,0.0,0.6041520939210531,0.48229335437471654,0.0,0.7794688510754164,0.6276299293907965,0.0,0.8896378404776961,0.5235576202636687,0.0,0.05473436833519213,0.0,0.21137530196964546,0.2502378907873855,0.0,0.03723524874213327,0.040926228880526626,0.0,0.23366649286820457,0.0,0.8586157589836807,0.938291738260288,0.0,0.5993128844084927,0.2018434746253017,0.0,0.0,0.6114394822915558,0.0,0.0,0.0,0.0,0.0,0.0,0.0,0.0,0.0,0.0,0.0,0.0,0.0,0.0,0.0,0.0,0.0,0.0,0.0,0.0,0.0,0.0
16,0.0,0.0,0.9242150079660267,0.4801506979575336,0.0,0.0,0.5685371818922746,0.0,0.0,0.022928879297725555,0.3346686362676329,0.0,0.0,0.9797095894930112,0.4951333239256078,0.0,0.0,0.4313068431952324,0.0,0.1204939050898015,0.0,0.9547202574013144,0.635482381784407,0.0,0.08483596162197403,0.0,0.22785090686011097,0.0,0.2318224184042264,0.10703459427308948,0.0,0.0628428929020724,0.05935435710238898,0.061895009160293814,0.9766694801911268,0.5477690484033175,0.028194366134045197,0.19609504175321493,0.0,0.8124028698211978,0.40550451486617467,0.0,0.93177465868004,0.5157251936127963,0.0,0.17688640049577659,0.0,0.2298518413792115,0.14769005804406168,0.0,0.5157874446375982,0.20754994471511765,0.0,0.0,0.35162054773494117,0.0,0.0,0.0,0.0,0.0,0.0,0.0,0.0,0.0,0.0,0.0,0.0,0.0,0.0,0.0,0.0,0.0,0.0,0.0,0.0,0.0,0.0
17,0.0,0.0,0.9993812505768681,0.552240358773936,0.0,0.0,0.5691271144244309,0.0,0.0,0.6748920829252486,0.4736740828566452,0.0,0.0,0.9999999999971709,0.7242281322857863,0.0,0.0,0.5375181653163285,0.0,0.014927411907501202,0.0,1.0,0.9608159288164517,0.0,0.0660937691655818,0.0,0.2150574267837274,0.0,0.9907255091463387,0.773759873306054,0.0,0.7738077285597245,0.8301022965684486,0.0,0.9995114099144911,0.7198425877586374,0.0,0.17817616358199592,0.0,0.8135930083765496,0.43709352542338953,0.0,0.9999945587580346,0.7613769551083303,0.0,0.21303662673312035,0.0,0.6642503109398337,0.4631060019112487,0.0,0.5382933123507437,0.15852919460688686,0.0,0.0,0.27512438375440434,0.0,0.0,0.0,0.0,0.0,0.0,0.0,0.0,0.0,0.0,0.0,0.0,0.0,0.0,0.0,0.0,0.0,0.0,0.0,0.0,0.0,0.0
18,0.1681320136910127,0.23129415408708068,0.9999999999999483,0.9555350853244667,0.40732076262692923,0.40934279059555234,0.753873267248603,0.3430042341574003,0.3489048161604124,0.9328785968757473,0.7235910858553888,0.2180530629525379,0.19912718616385233,1.0,0.9998082757499811,0.36183141857954043,0.3772391752732564,0.911473422660641,0.15116391611662028,0.0,0.09436627002310208,1.0,0.999957884250403,0.4061802964931512,0.04111425557980354,0.060315803903228694,0.19330171560153767,0.045764035986215694,0.9907875770566702,0.7519262082346142,0.1280610644171839,0.9166120029902953,0.9576056887939954,0.22681732363440346,0.9487237298877158,0.5635151957402713,0.2815516852481785,0.5950453026404731,0.19807737307052783,0.8885865050826105,0.5286654215462895,0.046962751393500965,0.9973444101486528,1.0,0.017459798614158074,0.20791176531411132,0.10560564617333236,0.5092680466431954,0.3280585284957298,0.0180618536011981,0.6846561105250546,0.30406961736572097,0.2789365142225584,0.24678620849550625,0.3765341905512359,0.1935554565231298,0.1349760734957281,0.14081194917027934,0.14091954790897426,0.10319995384954624,0.0683676884240437,0.08887866631857166,0.0,0.0024300967639089583,0.09598187253513456,0.038024499203122404,0.0077461059585571725,0.12284470751435245,0.04683945694701419,0.08330450419042494,0.0595780023254295,0.1708329007935353,0.18151578682374597,0.04933573557047612,0.03352521191812874,0.21623834960171553,0.026647097945740654
19,0.0,0.0,0.9800218652858024,0.6758506607649359,0.0,0.0,0.6564149609097009,0.0,0.0,0.9975658725729186,0.8298172765557984,0.0,0.0,0.959893762796291,0.5470567028177159,0.0,0.0,0.8395421438256403,0.0,0.029332101006200997,0.0,0.5899866891802126,0.5305311404708856,0.0,0.07562111105076277,0.0,0.20393345732513762,0.0,1.0000000000000007,0.9965572757503145,0.0,0.9999999999999998,0.9999907408702926,0.0,0.2896955966322489,0.401113255929314,0.0,0.8042122052731682,0.0,0.8473639275024849,0.6610246139584903,0.0,0.89679960526386,0.26948206449855233,0.0,0.1903696373711244,0.0,1.0,0.5552051177414534,0.0,0.9791972081065795,0.3977526176757248,0.0,0.0,0.5060131747197422,0.0,0.0,0.0,0.0,0.0,0.0,0.0,0.0,0.0,0.0,0.0,0.0,0.0,0.0,0.0,0.0,0.0,0.0,0.0,0.0,0.0,0.0
20,0.0,0.0,0.9994433866874722,0.5660201697090425,0.006275900429403524,0.005475277641392267,0.5221655097433906,0.0020967174349608643,0.0031082658215129126,0.18934159925329586,0.6638334613677876,0.0,0.0,1.0,0.5266683157605203,0.007082834437108537,0.005978937963108159,0.8337944836751104,0.03668773438733694,0.05288484130972284,0.0,0.9910940957520076,0.22228656501044725,0.0,0.11170954195985117,0.02172343426173263,0.29598925897420186,0.0,0.9892270540507678,0.7889266824821738,0.0,0.3708725170746604,0.3710122670884405,0.0,0.5070886596901443,0.21619356547459115,0.0,0.5710240536664031,0.0,0.9379394556409579,0.6291978899473168,0.0,0.9993629888919824,0.711262882880781,0.0,0.3745950928653587,0.037132984831924225,0.8352026270939636,0.5250238056122625,0.0,0.5728171322679648,0.3477174232681788,0.02010506830851516,0.018805976454569894,0.4968967249822044,0.0,0.0,0.0,0.0,0.0,0.0,0.0,0.0,0.0,0.0,0.0,0.0,0.0,0.0,0.0,0.0,0.0,0.0,0.0,0.0,0.0,0.0
21,0.0,0.0,0.9887832743107513,0.7688850209942087,0.0,0.0,0.11405681596337093,0.0,0.0,0.996963751248478,0.4317881624534977,0.0,0.0,0.9772884510225401,0.48517072822104584,0.0,0.0,0.2524118313794195,0.0,0.0,0.0,0.4743336780666187,0.15602249828659057,0.0,0.08141011356846675,0.0,0.09100654178699787,0.0,1.0000000000000007,0.9055383686176404,0.0,0.9998455562062535,0.9988216923529647,0.0,0.07623698902769552,0.06663703798321755,0.0,0.43138233272617565,0.0,0.718903342232957,0.268883201644727,0.0,0.904519060291278,0.5307382892785445,0.0,0.5288675333744066,0.0,0.9766856995052648,0.4664774041616455,0.0,0.9444851286636945,0.46208498328668346,0.0,0.0,0.12497534752524594,0.0,0.0,0.0,0.0,0.0,0.0,0.0,0.0,0.0,0.0,0.0,0.0,0.0,0.0,0.0,0.0,0.0,0.0,0.0,0.0,0.0,0.0
22,0.0,0.0,0.5536546664047274,0.4679768711614612,0.0,0.0,0.01816114066455731,0.0,0.0,0.9345026839324692,0.2954473791270918,0.0,0.0,0.5498215188966515,0.2724063181809053,0.0,0.0,0.07273667073900243,0.0,0.014494593164403177,0.0,0.20983440287811345,0.08282951012463846,0.0,0.0,0.0,0.03150856696335014,0.0,0.893596828796947,0.7240819307315559,0.0,0.9945427521010306,0.8552475036508054,0.0,0.35670319867437267,0.10193301248269537,0.0,0.46139348950987696,0.0,0.5868787623046842,0.601070099517877,0.0,0.4443298484555326,0.20928494603684702,0.0,0.44476305082927503,0.0,0.9914694823343466,0.16000593708171862,0.0,0.9776925653797202,0.5674715632759797,0.0,0.0,0.05578540867049966,0.0,0.0,0.0,0.0,0.0,0.0,0.0,0.0,0.0,0.0,0.0,0.0,0.0,0.0,0.0,0.0,0.0,0.0,0.0,0.0,0.0,0.0
23,0.26668025133186585,0.3098533088295,0.9596352334160847,0.22561661234459443,0.2075833787188617,0.2216685217064512,0.010474142020936028,0.2448863770810528,0.26341178824387423,0.4927191980740231,0.0606642822592383,0.3581441007571686,0.3986490170398142,0.9495460114273222,0.16757451628899453,0.38148726495878765,0.36537458092915504,0.014974444047524408,0.055304897453987104,0.0,0.15217649751542078,0.9925755366004964,0.29016867234891314,0.1874727616355078,0.0,0.10000673417200923,0.016401539354019102,0.2072637689667903,0.9909061826071255,0.6738779278600762,0.1567304686545604,0.6151762990620399,0.5455960330411551,0.28298507945777435,0.9795588801125967,0.20353169584680136,0.047724791190320234,0.04573189760801073,0.0641733614110819,0.9046107818267414,0.674773242881564,0.22962778660560612,0.9995079158344351,0.4256503235672629,0.038234796414482235,0.335927219693934,0.08400194864113322,0.7217212673758214,0.05105721728656359,0.10850055357851864,0.8399681028979356,0.5185778882766814,0.18029156606005337,0.1761319434134951,0.008545398777142056,0.03667139659495226,0.08084229195345086,0.10731102659285685,0.07997577744653811,0.1091853968499055,0.15689476952707257,0.13488754783493928,0.10623234822768066,0.20976657254150527,0.12749059109996433,0.10621352665810513,0.027340888417487313,2.0565025713132107e-17,0.17397458064176827,0.08883720056019406,0.06194054930841669,0.1212463560078655,0.06979075124674883,0.03830038982727861,0.09428045921724973,0.101639191948991,0.09680885171112488
24,0.0,0.0,0.9970588555869592,0.5079619962030771,0.0,0.0,0.09517081799803209,0.0,0.0,0.5330551402222145,0.3479663705919343,0.0,0.0,0.9910849507606107,0.5114960946272773,0.0,0.0,0.07130296291546323,0.0,0.057767452589651436,0.0,1.0,0.7684087758868295,0.0,0.0,0.0,0.06400943698048435,0.0,0.9984429426240908,0.8845041128697829,0.0,0.5324552013787708,0.8142329791094864,0.0,1.0000000000000002,0.5140123293712612,0.0,0.5472156246120385,0.0,0.8966916378520301,0.5578500604792339,0.0,1.0,0.7155745074568004,0.0,0.25358616237641984,0.0,0.44923576080842303,0.1443998585579367,0.0,0.7714564599873065,0.4314053633775871,0.0,0.0,0.012965259293944074,0.0,0.0,0.0,0.0,0.0,0.0,0.0,0.0,0.0,0.0,0.0,0.0,0.0,0.0,0.0,0.0,0.0,0.0,0.0,0.0,0.0,0.0
25,0.14690987639380737,0.1420404918323721,0.9965516686114914,0.4946759293892379,0.2515216539180984,0.2772363825661281,0.20997852849641924,0.18922181238052668,0.17698138257607487,0.6502886960509217,0.2124701579231536,0.14846373039685856,0.18546592380466123,0.9951927836119292,0.6862453284916956,0.13824858127117626,0.14771393937039828,0.25931067020862536,0.19431316643180652,0.05110209197437407,0.0,0.7759510090264015,0.8163588917433837,0.23165510051000035,0.03377032769941495,0.07142356704372259,0.0553998666052632,0.08154833611350769,0.9855965417239119,0.6486882075050424,0.22238074947562297,0.5686376437105718,0.6493424231696476,0.07383025059527777,0.981467906099678,0.5029209894012546,0.07500882649634753,0.24395284341949708,0.026520168472512862,0.6730709210363736,0.6281226629000782,0.021518726713253795,0.9756434474012825,0.8110157077170171,0.0,0.20737567762760156,0.07516856529689983,0.4941269218103208,0.21167882433524135,0.08850459316275193,0.6504571959080198,0.3248947088171595,0.2301776339034808,0.16964617084836878,0.06370711976304638,0.0,0.01512913225370295,0.027268032430953864,0.010334732770138496,0.004008362889386645,0.004757299944022028,0.008867043350096143,0.0,0.0,0.020796529818329378,0.00013316914249455764,0.0,0.03252174698080906,0.021279082849167883,0.015920616044357634,0.00413156045343618,0.003265298114333671,0.008333397929955313,0.013656667287058647,0.0016378850881783335,0.07845588129653487,0.000937848552602903
26,0.0,0.0,0.7230514840759927,0.5739555931223836,0.0,0.0,0.4475133766721467,0.0,0.0,0.8512615098977525,0.5768225060138084,0.0,0.0,0.7935256247568516,0.6651441522613154,0.0,0.0,0.6756476192062483,0.0,0.04334888002904023,0.0,0.9991016333391535,0.617609488197865,0.0,0.10047812159539056,0.0,0.12337002027352123,0.0,0.4935911312174788,0.14245606178842354,0.0,0.8380236121227717,0.5530491566670582,0.0,0.4226760708686177,0.3236086492806829,0.0,0.47995407114237604,0.0,0.7356146404858697,0.10995580189824372,0.0,0.9964043394612357,0.7023513486635284,0.0,0.04837660321650553,0.0,0.5790439531088356,0.2804653279506734,0.0,0.8083258439734048,0.1874834837989803,0.0,0.0,0.43342890278959256,0.0,0.0,0.0,0.0,0.0,0.0,0.0,0.0,0.0,0.0,0.0,0.0,0.0,0.0,0.0,0.0,0.0,0.0,0.0,0.0,0.0,0.0
27,0.0,0.0,0.8000441621006751,0.7586517213931597,0.0,0.0,0.33321541535693056,0.0,0.0,0.9991831899307033,0.8574417567211482,0.0,0.0,0.7133873688193488,0.4537951017281617,0.0,0.0,0.6482145049288488,0.0,0.27660245570937864,0.0,0.8427523418548785,0.22885012953950903,0.0,0.07450782330774298,0.0,0.31542541442289596,0.0,0.7139443022567799,0.7031138740087578,0.0,0.9801823351028844,0.8509083694953979,0.0,0.9736226999964821,0.32180224125094836,0.0,0.46031602291284224,0.0,0.8458682381354954,0.7067702380598371,0.0,0.45646626794625256,0.38093462568937747,0.0,0.08478070986804981,0.0,0.9977366361886171,0.45437013281398925,0.0,0.7720507507595391,0.08663256072194393,0.0,0.0,0.5865554722861553,0.0,0.0,0.0,0.0,0.0,0.0,0.0,0.0,0.0,0.0,0.0,0.0,0.0,0.0,0.0,0.0,0.0,0.0,0.0,0.0,0.0,0.0
28,0.0,0.0,0.7474986141474891,0.3583962559629769,0.0,0.0,0.754476772229069,0.0,0.0,0.994736977920271,0.4164541713798416,0.0,0.0,0.75966912826797,0.7114055723435511,0.0,0.0,0.4629020461236927,0.0,0.1478325375278122,0.0,1.0,0.8964894779225742,0.0,0.13972989713846193,0.0,0.1674036174365005,0.0,0.3354991484819408,0.37236868196654477,0.0,0.9841388086350313,0.826088243788753,0.02143635779085615,0.9975436644145166,0.48172803336887526,0.0,0.12125196433116106,0.0,0.7632185650335448,0.4558957765447787,0.0,0.6215337267919094,0.6357870876033382,0.0,0.031551125833162344,0.0,1.0,0.6679533128684396,0.0,0.7309394453053559,0.18523017168211567,0.0,0.0,0.5135825407000434,0.0,0.0,0.0,0.0,0.0,0.0,0.0,0.0,0.0,0.0,0.0,0.0,0.0,0.0,0.0,0.0,0.0,0.0,0.0,0.0,0.0,0.0
29,0.0,0.0,0.08679341159631741,0.13147191097535774,0.0,0.0,0.8714115425932917,0.0,0.0,0.010130937419192533,0.25701987779335056,0.0,0.0,0.07441033985572794,0.353179778403011,0.0,0.0,0.7046747412995542,0.0,0.25395310506452146,0.0,1.0,0.944264453039915,0.0,0.3028562745113629,0.0,0.43438393125405267,0.0,0.08012032551182441,0.014144294951858073,0.0,0.13618432439399475,0.010447172444424335,0.0,0.9983963898895627,0.5830370608314184,0.0,0.37866318272644267,0.0,0.6004461410432571,0.4637978846240214,0.0,0.22265173479825595,0.24721832356772774,0.0,0.043577367676363325,0.0,0.5247995431047615,0.28092922677482174,0.0,0.5809835453779404,0.1512925825116425,0.0,0.0,0.8724458950092026,0.0,0.0,0.0,0.0,0.0,0.0,0.0,0.0,0.0,0.0,0.0,0.0,0.0,0.0,0.0,0.0,0.0,0.0,0.0,0.0,0.0,0.0
30,0.028438724352579912,0.025805602584668394,0.5776891886549552,0.10728307343526036,0.019288799509860635,0.019267925846554124,0.9072736515245832,0.03766827890000497,0.03118692506697583,0.0013194712015570042,0.025306722009817106,0.006096713871910062,0.004481397855846355,0.6739146924996816,0.5259951964577603,0.01720460214218664,0.019210654582235347,0.16406199023511375,0.1023398157450431,0.23936629494029046,0.018508862070829045,1.0,0.9078471305512944,0.2117937166730548,0.28513602221049933,0.023259407426157692,0.11455628378779009,0.03386462779943072,0.5224720688555828,0.1891961029605678,0.04841507831850085,0.0,0.062014891730164404,0.13680264175224643,0.9915627944116594,0.5365026560993986,0.03296256525103679,0.32698476961988965,0.035449575294200585,0.9272878605607786,0.6132209876812729,0.0,0.9453346231137176,0.6690957489852088,0.0894061006766932,0.05709616428625072,0.06598287650372976,0.10756666534480243,0.07421730240657885,0.1458314816116256,0.3374395170595644,0.09198615420353418,0.01192690209054307,0.010263770425344512,0.831801523491669,0.0,0.0,0.0,0.0,0.0,0.0,0.0,0.0,0.0,0.0,0.0,0.0,0.0,0.0,0.0,0.0,0.0,0.0,0.0,0.0,0.0,0.0
31,0.0,0.0,0.955313062267606,0.6382340408188324,0.0,0.0,0.7288140834783767,0.0,0.0,0.5394728660983756,0.5714356427137062,0.0,0.0,0.9331370290989727,0.5835862507405671,0.0,0.0,0.7180640843830891,0.0,0.37152297872883583,0.0,1.0,0.8340539231771009,0.0,0.10984351327299727,0.0,0.39418381945101855,0.0,0.6931380183958384,0.36990829128957087,0.0,0.35278917273540106,0.492767963548436,0.0,0.9878000774739226,0.4640870001911843,0.0,0.4702461907842072,0.0,0.8326285694266057,0.36436619842050855,0.0,0.9785047579925983,0.6315445744774395,0.0,0.05261936052563952,0.0,0.06926703021662549,0.0595712605251371,0.0,0.211130848857582,0.07282449480138396,0.0,0.0,0.7472227897884278,0.0,0.0,0.0,0.0,0.0,0.0,0.0,0.0,0.0,0.0,0.0,0.0,0.0,0.0,0.0,0.0,0.0,0.0,0.0,0.0,0.0,0.0
32,0.0,0.0,0.28825160724695414,0.42669430874491315,0.0013050376413558953,0.0007360021551679148,0.6706450914195116,0.0,0.0,0.3644679667486291,0.39816198678337983,0.0,0.0,0.3474983112019632,0.9439600908845578,0.0,0.0,0.8781340945624871,0.0184325387079192,0.506964389584588,0.0,1.0,0.92248638299507,0.02612538432651211,0.028002302394577485,0.0,0.5556700477373393,0.0,0.1143372287416161,0.11598094700377548,0.0,0.16975254362699527,0.18064328169306737,0.0,0.983971821938195,0.3669182551508242,0.0,0.7905235390839757,0.0,0.9152162937477639,0.750770596138411,0.0,0.5998581905464331,0.9844262530566088,0.0,0.07872187062234959,0.0,0.36752375632032847,0.2112104053669623,0.0,0.21938567040074786,0.04878611125517317,0.004741365254260318,0.0033703229925748806,0.6865828215429752,0.0,0.0,0.0,0.0,0.0,0.0,0.0,0.0,0.0,0.0,0.0,0.0,0.0,0.0,0.0,0.0,0.0,0.0,0.0,0.0,0.0,0.0
33,0.0,0.0,0.9953542457393549,0.7687185204663838,0.0,0.0,0.5809821707916571,0.0,0.0,0.02949489832508352,0.7127317841681273,0.0,0.0,0.9981544468772623,0.9258070137229867,0.0,0.0,0.8598628195096573,0.0,0.28642313093467864,0.0,1.0,0.9573149827679209,0.0,0.01964718329013935,0.0,0.5198524374646151,0.0,0.8974002357937039,0.42394352013915576,0.0,0.14472712789636774,0.3341524180322954,0.0,0.9882789464958055,0.44268768521949786,0.0,0.6674049793130794,0.0,0.9987287362243442,0.8443261436345337,0.0,1.0,0.9315155642833323,0.0,0.25789732056496545,0.0,0.13130550191287949,0.18687290829450393,0.0,0.2421814668319638,0.09234420050060688,0.0,0.0,0.4335943599713636,0.0,0.0,0.0,0.0,0.0,0.0,0.0,0.0,0.0,0.0,0.0,0.0,0.0,0.0,0.0,0.0,0.0,0.0,0.0,0.0,0.0,0.0
34,0.0,0.0,0.9447329932476736,0.8372590736144899,0.0,0.0,0.6948225122045314,0.0,0.0,0.9243355509551183,0.8544522155812495,0.0,0.0,0.9582019750869835,0.8060157547080379,0.0,0.0,0.7759199910264967,0.0,0.4680523012625906,0.0,1.0,0.5812396682289419,0.0,0.14315689892692324,0.0,0.6757942537643622,0.0,0.7002889436295865,0.426844348962628,0.0,0.37445087205556027,0.5770105365445664,0.0,0.9541449578922785,0.2833243592140494,0.0,0.9980531074359758,0.0,0.9994960032978677,0.9784629391612265,0.0,0.9742316812593191,0.6571228044692693,0.0,0.3282823344424343,0.0,0.6760983254580286,0.4275385584846218,0.0,0.5230599484613062,0.16786633479146396,0.0,0.0,0.8682355335151448,0.0,0.0,0.0,0.0,0.0,0.0,0.0,0.0,0.0,0.0,0.0,0.0,0.0,0.0,0.0,0.0,0.0,0.0,0.0,0.0,0.0,0.0
35,0.025202928936090243,0.029790673084254062,0.9998018645903036,0.7239626563184225,0.1183737972242337,0.12244351591940533,0.32654460487471265,0.10275819915444749,0.10734532932179516,0.46459153559084315,0.44694852715383854,0.01676810586289653,0.015140013142682708,1.0,0.8954550468149369,0.10006963734570574,0.10847289588054358,0.6465542405364667,0.28829845531037884,0.5418472906417867,0.0703918498451751,1.0,0.811610565755086,0.3312595438805685,0.0,0.14927015087844417,0.47643661251148867,0.017366041873883797,0.9437740566073965,0.7079934986965828,0.029407935027422463,0.2628979286898313,0.38401446545250983,0.29701942113451213,0.9793488089051556,0.31311859206608084,0.0,0.9968926197309775,0.045776053031032764,1.0000000000000002,0.9932151105053318,0.01780473714350336,1.0,0.9691499259069899,0.0,0.39937404283973055,0.03752780928479803,0.17398754296679667,0.5369324283534197,0.018243333022901622,0.2180208773946985,0.30383406588425754,0.22505815366527857,0.19451806456230297,0.2366831931582463,0.0,0.004194197084491679,0.0054963848018140145,0.0031269532649905057,0.0035819822698223945,0.0005539781040346422,0.00023123526455133393,0.0,0.0,0.0011576191995069489,0.0046213831713372575,0.0026304155251339716,8.58071255938117e-25,0.00031468871550800547,0.00017551160508192916,3.596151107060427e-13,3.655747872487616e-12,0.0,0.0,0.0,0.0,0.0
36,0.0,0.0,0.9999999999998658,0.9365052235649256,0.0,0.0,0.34516692977765245,0.0,0.0,0.9987912955093131,0.5913603528062175,0.0,0.0,1.0,0.8698368494328401,0.0,0.0,0.7294017433712433,0.0,0.10608505221351398,0.0,1.0,0.7889071872783285,0.0,0.0,0.0,0.20951528809842487,0.0,1.0000000000000007,0.9749812223441437,0.0,0.9999999999999998,0.9903559253849388,0.0,0.9649516723161344,0.3070034854557589,0.0,0.886793559255717,0.0,1.0000000000000002,0.9653251696326813,0.0,1.0,0.9445438876182459,0.0,0.44532475512197184,0.0,0.5366373616635183,0.10591400776239603,0.0,0.8771255601549932,0.6899122485728119,0.0,0.0,0.20504521434539102,0.0,0.0,0.0,0.0,0.0,0.0,0.0,0.0,0.0,0.0,0.0,0.0,0.0,0.0,0.0,0.0,0.0,0.0,0.0,0.0,0.0,0.0
37,0.058988982968997704,0.06174284780634629,0.9998833023509281,0.7593648633313167,0.24497268314952436,0.25621271683653113,0.07868629447023502,0.2379819099634814,0.24810608193638187,0.9965345212643328,0.45060995900014433,0.06298124707774476,0.07984635706626136,1.0,0.7032846299497797,0.2693965514067031,0.2687298561708376,0.3950645977088851,0.36790938662805384,0.0,0.09579989590995631,1.0,0.5099497847745952,0.36529174297057593,0.0,0.20946930411376802,0.05128113591769034,0.03738949572450225,1.0000000000000007,0.9888705365066329,0.09180254803511087,0.9999999999999998,0.9851975421588608,0.27168692471191985,0.9301571837995878,0.2384048624549312,0.08074649089388623,0.8534507955656925,0.0209857105582217,0.9999216411580059,0.984866947403145,0.032104659362513784,1.0,0.784985798078313,0.011253375533167026,0.3891330948378061,0.06421386151965348,1.0,0.2714136912287705,0.0,0.9995552509511072,0.4877386898272468,0.3858921025596236,0.3824722246425578,0.02553697935289532,0.0,0.03690696484353317,0.06285012340473237,0.026178565968824802,0.055428460003612706,0.044840764874492615,0.019763898845276406,0.0723242191690493,0.0,0.032386998723309635,0.052382997751229024,0.11543848551183535,0.07659815925944492,0.003625621664095655,0.03410127635534352,0.012731097018977197,0.024501694876782554,0.018136173984807023,0.0020641393015798344,0.008853097936377969,0.07415892600509955,0.010386905083909714
38,0.0,0.0,0.9999864930618283,0.841963764474788,0.0,0.0,0.11194172287901649,0.0,0.0,0.998437163492649,0.5728055200340183,0.0,0.0,1.0,0.7437277045307699,0.0,0.0,0.28367620868494564,0.0,0.0,0.0,1.0,0.6326252093409638,0.0,0.02122083740485707,0.0,0.01300775576871087,0.0,1.0000000000000007,0.9941818450365528,0.0,0.9999999999999998,0.9927945708496527,0.0,0.9570744249893707,0.2508830017251706,0.0,0.908636879993565,0.0,0.992120064699314,0.6488126707140961,0.0,1.0,0.8473404809591061,0.0,0.40673600496469586,0.0,1.0,0.3434179746298591,0.0,0.9997230923607544,0.5315928260910476,0.0,0.0,0.03467216444752918,0.0,0.0,0.0,0.0,0.0,0.0,0.0,0.0,0.0,0.0,0.0,0.0,0.0,0.0,0.0,0.0,0.0,0.0,0.0,0.0,0.0,0.0
39,0.0,0.0,0.32561269069925314,0.46801646603898384,0.0,0.0,0.12662367157519963,0.0,0.0,0.9961988557463365,0.38771451253744466,0.0,0.0,0.2917213004123274,0.34507675107061764,0.0,0.0,0.19302795050079988,0.0,0.0,0.0,0.32546282511243674,0.21501958862911347,0.0,0.0,0.0,0.016344787621846824,0.0,0.9528468691937069,0.6583603937148044,0.0,0.9999657907879027,0.9077695386853402,0.0,0.835265361936384,0.2696588601470505,0.0,0.3028967982742969,0.0,0.4294316022365204,0.280171791813993,0.0,0.24260107404661974,0.24425800487646382,0.0,0.3503016034462449,0.0,1.0,0.3183659055237006,0.0,0.9109734842668138,0.399400096509086,0.0,0.0,0.06451709068113211,0.0,0.0,0.0,0.0,0.0,0.0,0.0,0.0,0.0,0.0,0.0,0.0,0.0,0.0,0.0,0.0,0.0,0.0,0.0,0.0,0.0,0.0
40,0.0,0.0,0.013617118565696702,0.2587418285685042,0.0,0.0,0.20843329792286036,0.0,0.0,0.02564405249818772,0.17258247110631586,0.0,0.0,0.0702012548037605,0.560439939811893,0.0,0.0,0.24892375256841165,0.0,0.0,0.0,0.6806671604790877,0.6511999497689991,0.08232001473013434,0.016224982075235567,0.0,0.023666341865789583,0.0,0.2845412823512301,0.22598950935441595,0.0,0.1307592646628497,0.0661246834472905,0.1678857793139382,0.869390694913046,0.22177667223591557,0.15620343216554922,0.17887920758730544,0.11347622809266272,0.3138526853673799,0.11361875034105842,0.0,0.21972800739175924,0.7120728846431323,0.0,0.19960887091798513,0.0,0.3619037607103833,0.1867552169855857,0.0,0.5607603136524179,0.2750050232487691,0.0,0.0,0.06624661476255995,0.0,0.0,0.0,0.0,0.0,0.0,0.0,0.0,0.0,0.0,0.0,0.0,0.0,0.0,0.0,0.0,0.0,0.0,0.0,0.0,0.0,0.0
41,0.0,0.0,0.4470102468599445,0.4762127423502692,0.0,0.0,0.21151817313298069,0.0,0.0,0.8670775057410196,0.6809244843374587,0.0,0.0,0.41328861643252934,0.3153181671044817,0.0,0.0,0.57293576414412,0.0,0.09527317206106832,0.0,0.0746294927595008,0.17807446415454292,0.0,0.011498144884340075,0.0,0.20536349335935783,0.0,0.41422465469827346,0.23013540421086492,0.0,0.8642249707923326,0.4104406290532435,0.0,0.5481005530960202,0.2878393523246601,0.0,0.2323632401524002,0.0,0.22556560898463368,0.208562869415631,0.0,0.1443933996302874,0.06371961550463386,0.0,0.12372710252201621,0.0,0.5622231453612854,0.26149807544697434,0.0,0.4355867717080687,0.11660635388083233,0.0,0.0,0.23269558415601177,0.0,0.0,0.0,0.0,0.0,0.0,0.0,0.0,0.0,0.0,0.0,0.0,0.0,0.0,0.0,0.0,0.0,0.0,0.0,0.0,0.0,0.0
42,0.05518850446563,0.07607163987007744,0.06278864909979835,0.06659305646721117,0.26581808211582153,0.2782561129529679,0.21277913931827167,0.1070970847743464,0.10585746136016952,0.7345957723961114,0.2014758787347062,0.04114722548153859,0.046253816877922974,0.03535423431325564,0.0735327428469525,0.07951947264140762,0.06771296336251502,0.13524147135253403,0.3685044228658959,0.0,0.1265202325185345,0.5131034109628118,0.3194963559030286,0.41510957930916326,0.0,0.13158980541732046,0.10134253438567054,0.17239827042537617,0.2809987313569077,0.238915765816498,0.059486883926480986,0.7039933149872168,0.3595819651184373,0.27019856007101606,0.4056834488299375,0.1684885614951062,0.35480207759917953,0.1832896226428298,0.22866323347570153,0.39664401552417383,0.28698520292529395,0.036281262022183625,0.14411698107400928,0.06838176631004574,0.10664342307608317,0.10924683971199875,0.09062740393782992,0.7169721081801037,0.2668421277897513,0.11734060665250068,0.4083741634432828,0.11877988829930564,0.2315405379876615,0.18053628409634698,0.06907753387043511,0.0,0.016575422378920488,0.04140337220787943,0.01416331479855808,0.016069191757021872,0.008055225402416481,0.0030492959356508468,0.0,0.0,0.007458695579823941,0.0004177569403109692,0.0,0.07449783770138997,0.000608599592813332,0.019002164397618,0.0006295566625757543,0.005382967708089649,0.0007786468303523957,3.072658695494198e-12,0.0008771239360661387,0.0260777475529689,2.7281567886767613e-11
43,0.0,0.0,0.574331800509386,0.20121230315314245,0.0,0.0,0.39863305433786084,0.0,0.0,0.3962535431467194,0.09214759066701829,0.0,0.0,0.5392165868873878,0.29413344158360816,0.0,0.0,0.21818264846448301,0.0,0.013539193205959235,0.0,0.3524434609024268,0.3269905055431109,0.0,0.04870409056638644,0.0,0.04841580525224571,0.0,0.8171432183174282,0.4229008945667061,0.0,0.4131807027969868,0.38513945923063336,0.0,0.1966604223444145,0.18096070093721262,0.0,0.24667412120046564,0.0,0.5107592372215172,0.3281790402935995,0.0,0.6463298846495414,0.20130783492407023,0.0,0.11729275372379,0.0,0.5486522521693007,0.12523400267520116,0.0,0.4652710650801213,0.19113058075576805,0.0,0.0,0.3061459832782495,0.0,0.0,0.0,0.0,0.0,0.0,0.0,0.0,0.0,0.0,0.0,0.0,0.0,0.0,0.0,0.0,0.0,0.0,0.0,0.0,0.0,0.0
44,0.002369283686249511,0.002075216657767994,0.5292181872831934,0.2895076542544502,0.00732114959632223,0.006382711039707499,0.224416160137782,0.0011338248447045247,0.001437514546370144,0.3249678652485529,0.184502803523144,0.0007546161943515088,0.0009708333353928765,0.5366421412499836,0.27685679526279805,0.004459899721330238,0.003470269025872081,0.19782635363359868,0.032811724918682436,0.10681058818090326,0.0,0.26236820398860117,0.1806579058580062,0.016124459339375254,0.027142058473134896,0.015485836878843943,0.14926631638726517,0.0,0.5637583488165725,0.3283082890264814,0.0,0.32558226044602157,0.30988736010922463,0.0,0.18524285221137926,0.17282991766277528,0.0,0.051477099684126,0.0,0.529813078790069,0.2188918041787976,0.0,0.5271841856818114,0.26449891546125487,0.0,0.12222916683407725,0.0,0.25477563563725586,0.041698569360590604,0.0,0.37483837616778787,0.14946854485969865,0.01088960030800903,0.00838245885651441,0.3720708097543411,0.0,0.0,0.0,0.0,0.0,0.0,0.0,0.0,0.0,0.0,0.0,0.0,0.0,0.0,0.0,0.0,0.0,0.0,0.0,0.0,0.0,0.0
45,0.0,0.0,0.8109570292273967,0.24446508076554127,0.0,0.0,0.12764258931848604,0.0,0.0,0.10117229217885094,0.12311284424663865,0.0,0.0,0.7601507632039491,0.18550241906656859,0.0,0.0,0.1545658985188401,0.0,0.17169043108112259,0.0,0.8001480476037244,0.21227862366796554,0.0,0.028472907485330056,0.0,0.1187784202145805,0.0,0.6985677408039181,0.23386394235335178,0.0,0.10602621530710063,0.14066011342845924,0.0,0.354998123002166,0.23634875610761313,0.0,0.04062573724413886,0.0,0.5340093319601014,0.15654771245550578,0.0,0.6451999908813807,0.24190041690615355,0.0,0.11262526214239882,0.0,0.08243149271783472,0.055342455712591124,0.0,0.2886992792553184,0.14449340461847796,0.0,0.0,0.14649195455911432,0.0,0.0,0.0,0.0,0.0,0.0,0.0,0.0,0.0,0.0,0.0,0.0,0.0,0.0,0.0,0.0,0.0,0.0,0.0,0.0,0.0,0.0
46,0.0,0.0,0.5967452704558959,0.19740588692954225,0.0,0.0,0.14425508015835223,0.0,0.0,0.11849203582656055,0.1168016572974654,0.0,0.0,0.644814594979403,0.19128795108495805,0.0,0.0,0.1291430079856127,0.0,0.13235387299095136,0.0,0.6591369953444469,0.26316478608433524,0.0,0.0,0.0,0.05141722664671023,0.0,0.2508905260156877,0.2162542380148892,0.0,0.1288813125747379,0.15054457358966553,0.0,0.47814484069799984,0.20241632254750877,0.0,0.0,0.0,0.3581580540237832,0.1344084765069852,0.0,0.8002502599833106,0.35234099185107637,0.0,0.09066436114304638,0.0,0.16177967139304908,0.05515639440381963,0.0,0.30413563197835297,0.20160098071089538,0.0,0.0,0.09800307107226032,0.0,0.0,0.0,0.0,0.0,0.0,0.0,0.0,0.0,0.0,0.0,0.0,0.0,0.0,0.0,0.0,0.0,0.0,0.0,0.0,0.0,0.0
47,0.2656087844112372,0.20921767497330065,0.10871045187003822,0.12912618050180213,0.21230053289001807,0.20292168486779483,0.1661406857997737,0.14314529493559597,0.1570004404433538,0.05081380348642233,0.15928498028430363,0.15126665426140504,0.13864304041412742,0.13264708070428172,0.19344435860005338,0.15922547959690184,0.13877078155364309,0.11777323996075495,0.22728411026769618,0.09913855507419776,0.16535631090075995,0.5356460376743132,0.35426911510628073,0.2859200794073102,0.08811961107224789,0.20994532161806082,0.06130291504321018,0.3062666381488591,0.14389922055550183,0.11468655043612694,0.31293245943542625,0.11357858174197719,0.16485559762420907,0.3482197050217334,0.44212449172869805,0.32408398621724077,0.19740070468292342,0.0,0.32344648617796995,0.2687839701229038,0.07693714898496674,0.23771608242792525,0.29943560203118524,0.17632277718684114,0.07345074562640365,0.10336201628777844,0.0856388199692284,0.3068932494740544,0.07592742084086176,0.16319676544889955,0.31014437307202813,0.09449827484085813,0.2215031003395241,0.25698740118191593,0.05141984349429332,0.005755386949152544,0.004484629722153835,0.006818095493454684,0.002393492605123105,0.008986728549009932,0.0022370729604396017,0.00016416866691330203,0.0005967232236033716,0.0,0.0041105021109711735,0.0017393236642649125,4.6981180615533675e-05,0.013464829570970997,0.0,0.009694582289274693,0.0183211312328256,0.0051603932945916324,0.00011315410071801206,0.02843119115272686,0.010002040355139597,0.0,0.07221997087651609
48,0.0,0.0,0.12118474902632707,0.057164561679588256,0.0,0.0,0.27765648279325655,0.0,0.0,0.07622283887735651,0.13731857852863613,0.0,0.0,0.08416396059615763,0.04077978527398907,0.0,0.0,0.11666312842596681,0.0,0.08558926314443857,0.0,0.24149921049380182,0.1510349158668769,0.0,0.18043308208627154,0.0,0.11693941438435124,0.0,0.3317407944840006,0.041690388899236604,0.0,0.09226446976353947,0.18309305687390331,0.0,0.5603008274744946,0.33650404062125727,0.0,0.0,0.0,0.17769390283221756,0.09571355460977378,0.0,0.08947622568137206,0.01793012904792317,0.0,0.2037261600864235,0.0,0.1757612299012543,0.15194181989170719,0.0,0.1497618372912652,0.06440507269779497,0.0,0.0,0.21945475613951232,0.0,0.0,0.0,0.0,0.0,0.0,0.0,0.0,0.0,0.0,0.0,0.0,0.0,0.0,0.0,0.0,0.0,0.0,0.0,0.0,0.0,0.0
49,0.10988824825192593,0.11023263210823839,0.6359984190142163,0.032370897511250364,0.25678084525386663,0.2712206047791203,0.13072899090789447,0.046584862139177355,0.04334338133154182,0.11388045189919849,0.11440427217357543,0.14988185179959734,0.1892808308432893,0.5010767606338181,0.021292692540446467,0.12632916942755082,0.09680742587782186,0.056181238142329795,0.2662032600482384,0.13486165951890697,0.12640992763335063,0.060285496369652795,0.01424714196949184,0.3422797366421883,0.21841576605447946,0.20409352474442766,0.13582301500457042,0.15470997426703476,0.4866795718147919,0.02728615054332847,0.24134260989922302,0.10185471212084468,0.01731771432430549,0.2576137922948984,0.33567841396287124,0.3309841811306735,0.05377505886290153,0.0,0.10604404672986979,0.1593811154519692,0.10517214831925853,0.0840682466228599,0.1299387755457487,0.024396641287047164,0.01723077344581772,0.2899818410696189,0.13990945364281632,0.1586708378206305,0.16134210395196086,0.14387615668816717,0.13454065999818604,0.13910010737114187,0.3106756495721465,0.28750042448677626,0.1233086521288786,0.0,0.005673152885590192,0.020540701573277514,0.005576487618265529,0.015962213612158296,0.006637246671352618,0.002481934481182287,0.0,2.841668764656399e-17,0.004941908285574248,0.0010854481172357798,0.06726269150530079,0.022294273289171627,0.000588058848846195,0.008940919919145087,0.00020566825885115877,0.004461102540215775,0.00118343419342685,0.0,0.0006543675363038329,0.06960504977228144,0.0
