,1,3,4,5,6,11,12,13,14,15,16,17,19,20,21,22,23,24,28,29,30,31,32,33,34,35,37,39,40,41,42,43,44,45,51,52,53,54,56,57,60,61,64,65,66,67,68,71,72,73,74,75,80,81,82,83,84,85,86,87,88,89,91,94,95,96,97,98,100,101,138,139,140,141,144,145,146,147,148,149,177,180,187,188,189,190,191,192,193,203,204,209,211,212,213,214,224,230,232,233,234,235,236,237,238,249,250,251,252,253,254,256,267,268,270,271,272,273,274,280,281,282,288,289,290,291,292,293,298,299
0,12.239771659086664,0.0,0.0,0.0,0.0,0.0,0.0,25.483457377627012,25.571511077537636,0.0,0.0,0.0,0.0,0.0,0.0,0.0,0.0,0.0,0.0,0.0,0.0,0.0,0.0,0.0,0.0,0.0,8.865556140618478,0.0,0.0,0.0,0.0,0.0,0.0,0.0,0.0,0.0,0.0,0.0,0.0,0.0,0.0,0.0,0.0,0.0,0.0,0.0,0.0,0.0,0.0,0.0,0.0,0.0,0.0,0.0,0.0,0.0,0.0,0.0,0.0,0.0,0.0,0.0,1.495114696683452e-10,12.331001078568596,12.345119944516728,1.5344990193316006e-11,6.980915718381465e-10,99953.30697832404,33.889964752856216,0.10260304550489584,0.0,0.0,0.0,0.0,0.0,0.0,0.0,0.0,0.0,0.0,1154.4840396730622,1154.4840396913637,1154.4840396666027,0.0,1154.4840396705783,0.0,1154.4840396669404,0.0,1154.484039671067,1054.5411534655102,0.0,1054.541153466772,1089.3216291365384,84.12022023096354,1054.5411534985237,0.0,1061.2415563156753,1061.2415563154034,1061.2415563166755,0.0,1061.241556317407,0.0,1179.3482293732154,285.65334879607957,1061.2415563366656,1095.5444692406084,0.0,1095.544469240423,1095.5444692399146,0.0,1095.5444692629392,1095.5444692772314,1072.197963817701,1.3552261524529172e-06,1072.1979637928266,0.0,1072.1979639201777,0.0,1072.1979637942075,1094.0416014738141,0.0,1094.0416014730442,1128.8220771363074,84.12022022568931,1094.0416014862967,0.0,1094.0416015179796,0.0,1200.8922541689021,84.12022018414926
1,12.239771659097723,0.0,0.0,0.0,0.0,0.0,0.0,25.475364099278302,25.571511077216144,0.0,0.0,0.0,0.0,0.0,0.0,0.0,0.0,0.0,0.0,0.0,0.0,0.0,0.0,0.0,0.0,0.0,8.865556129785793,0.0,0.0,0.0,0.0,0.0,0.0,0.0,0.0,0.0,0.0,0.0,0.0,0.0,0.0,0.0,0.0,0.0,0.0,0.0,0.0,0.0,0.0,0.0,0.0,0.0,0.0,0.0,0.0,0.0,0.0,0.0,0.0,0.0,0.0,0.0,2.6875882681103776e-10,12.331001078441206,12.345119944503558,1.5344990193791635e-11,5.199762616230396e-10,446.5442758058504,33.92766727123651,1.4413026749022086,0.0,0.0,0.0,0.0,0.0,0.0,0.0,0.0,0.0,0.0,1153.0479083941907,1153.0479084036633,1153.0479083903185,0.0,1153.0479083921305,0.0,1153.047908390488,0.0,1153.0479083935381,1055.3639971770274,0.0,1055.3639971776224,1090.1444728489078,84.12022023083796,1055.3639971787097,0.0,1063.3329952024676,1063.332995202273,1063.3329952028475,0.0,1063.3329952028844,0.0,1181.4396682612332,285.6533487957243,1063.3329952127094,1095.846454489193,0.0,1095.8464544890915,1095.8464544888902,0.0,1095.8464545000916,1095.8464545183672,1070.8929330122264,1.2202100438229184e-06,1070.892932998917,0.0,1070.8929330466012,0.0,1070.892932999422,1096.7984160933422,0.0,1096.7984160947544,1096.7984160912065,0.0,1096.7984160938495,0.0,1096.798416109293,0.0,1168.5681988425968,0.0
2,58.34104645773006,0.0,0.0,0.0,0.0,0.0,0.0,71.58648997623524,71.6727858760075,0.0,0.0,0.0,0.0,0.0,0.0,0.0,0.0,0.0,0.0,0.0,0.0,0.0,0.0,0.0,0.0,0.0,1.679670736394581,0.0,0.0,0.0,0.0,0.0,0.0,19.516997472005336,0.0,0.0,0.0,0.0,0.0,0.0,0.0,0.0,0.0,0.0,0.0,0.0,0.0,0.0,0.0,0.0,0.0,0.0,0.0,0.0,0.0,0.0,0.0,0.0,0.0,0.0,0.0,0.0,7.315263476593369e-10,58.43227587697707,58.44639474302883,1.5344990193828858e-11,5.778757025096243e-09,418.7414950640393,61.7304480140409,60.485278070672166,0.0,0.0,0.0,0.0,0.0,0.0,0.0,0.0,0.0,0.0,1116.7730814058948,1116.7730814165004,1116.7730814014042,0.0,1116.7730814035617,0.0,1116.773081401605,0.0,1116.7730814050349,1004.6053122975345,0.0,1004.6053122982322,1039.3857879694308,84.1202202309975,1004.605312299646,0.0,1015.081859809969,1015.0818598097728,1015.0818598105135,0.0,1015.0818598105174,0.0,1133.1885328685996,285.65334879577546,1015.0818598219234,1053.2532984940406,0.0,1053.2532984939178,1053.253298493675,0.0,1053.2532985067326,1053.2532985262185,1021.3884771898847,1.2518347628515632e-06,1021.3884771748202,0.0,1021.3884772318216,0.0,1021.388477175434,1060.560819413262,0.0,1060.5608194147483,1060.5608194177885,0.0,1060.5608194139181,0.0,1060.5608194333377,0.0,1101.009656208496,0.0
3,19.341046457605014,0.0,0.0,0.0,0.0,0.0,0.0,71.58568365987291,71.67278587662372,0.0,0.0,0.0,0.0,0.0,0.0,0.0,0.0,0.0,0.0,0.0,0.0,0.0,0.0,0.0,0.0,0.0,1.3674540123026183e-09,0.0,0.0,0.0,0.0,0.0,0.0,17.746303837467064,0.0,0.0,0.0,0.0,0.0,0.0,0.0,0.0,0.0,0.0,0.0,0.0,0.0,0.0,0.0,0.0,0.0,0.0,0.0,0.0,0.0,0.0,0.0,0.0,0.0,0.0,0.0,0.0,0.09102290092807598,19.432275876824534,19.44639474295349,1.5508447326030726e-11,3.6536965055535434e-09,0.20581913868082763,19.43282312784088,19.44364950275767,0.0,0.0,0.0,0.0,0.0,0.0,0.0,0.0,0.0,0.0,1121.0440822360208,1121.0440822439227,1121.0440822325195,0.0,1121.044082234113,0.0,1121.0440822326664,0.0,1121.0440822352953,1007.5004545571142,0.0,1007.5004545576065,1042.2809302286353,84.12022022982094,1007.5004545583199,0.0,1018.6328059889148,1018.6328059887517,1018.6328059891872,0.0,1018.6328059892691,0.0,1136.7394790478138,285.6533487956679,1018.6328059976404,1057.0696050306349,0.0,1057.0696050305544,1057.0696050303784,0.0,1057.0696050399185,1057.0696050576112,1023.2653064262365,0.0,1023.2653064148644,0.0,1023.2653064522549,0.0,1023.2653064152942,1064.281246795868,0.0,1064.2812467971773,1064.2812467938274,0.0,1064.2812467958322,0.0,1064.2812468115499,0.0,1100.7589064400688,0.0
4,2.046002791770557e-10,275.7901469332932,275.7901480109944,0.0,0.0,0.0,275.79014693151856,550.3690841871276,550.4568284655721,275.79014700045974,1.6856128839654907,275.79014693478064,2.5133801896018326,275.7901469358275,0.0,275.7901469395702,0.0,0.0,20.381401023222065,275.7901469359255,0.0,275.7901469315187,0.0,275.7901469320512,0.0,275.7901469318377,2.0460025733715818e-10,0.0,275.79014693214685,275.79014693328105,0.0,0.0,10.49577671285779,496.530346426701,0.0,275.7901469328694,0.0,275.79014693133536,0.0,275.7901469324802,0.0,0.0,0.0,275.7901469314017,0.0,275.7901469342775,275.79014695480987,275.79014695992464,0.0,275.7901469321991,0.0,0.0,0.0,275.7901469315105,5.496389695472439,275.7901469640912,0.0,275.79014693858124,0.0,275.7901469335149,0.0,275.7901469341266,8.517002343159983e-11,1.5231601583514375e-10,0.014118865479373537,1.534499019331518e-11,0.10246461820734624,99449.98007735898,0.0005472502782832103,0.011373624889214631,2.5133801896136956,275.79014693583963,0.0,0.0,0.0,275.79014693187537,0.0,275.7901469353846,8.156965195187674,275.7901470252693,410.3240727709682,410.32407277975193,410.3240727675061,0.0,410.3240727691633,0.0,410.3240727676432,0.0,410.32407277057445,370.88541936191893,0.0,370.8854193624847,370.8854193615699,0.0,370.88541936304625,0.0,363.11223659050603,363.11223659032896,363.11223659090086,0.0,363.1122365908471,0.0,481.2189096493858,285.6533487956863,363.11223659972967,382.9809496679661,0.0,382.9809496678743,382.9809496677069,0.0,382.9809496777724,382.9809496974303,369.94868805789855,1.122927475339607e-06,369.94868804568057,0.0,369.9486880859603,0.0,369.94868804612,387.2606554137254,0.0,387.26065541533467,387.26065541202075,0.0,387.26065541376755,0.0,387.2606554259101,0.0,407.8091758473213,0.0
5,2.0460053063416503e-10,275.7901469396821,275.79014800034474,0.0,0.0,39.411184364942244,275.7901469364852,550.3757070390631,550.456828470414,275.79014701092126,27.240418945021077,275.790146949022,42.95459181218696,275.79162791278566,24.970774544312068,275.791627913789,0.0,0.0,88.37092562070193,275.7916279122572,27.76710010037464,275.79162790505654,0.0,275.79162790618585,0.0,275.79162790577715,2.0460024940928714e-10,4.378247153869289,275.7886097901989,275.7886097925721,0.0,0.0,10.494239570380982,496.528809284226,0.0,275.78860979200095,8.631710142727872,275.7886097889799,0.0,275.78860979196963,0.0,0.0,17.757999046580565,275.7908916670061,3.8042192811158566,275.7908916712172,275.7908917095746,275.7905157932344,4.380153112594752,275.7905157489243,0.0,0.0,0.0,275.79051574804504,19.892127782640404,275.79051580338523,0.0,275.7905157568799,5.630394527539416,275.79051575157274,0.0,275.790515753298,1.4233112898801538e-09,0.00020652220065841507,0.014325388317057652,1.5344990193314352e-11,3.284307474930917e-09,99449.97912554846,0.0017055790702130492,1.2938058881834677e-09,42.95515150552899,275.79218760612775,0.0,0.0,175.279002711844,356.6770147373362,5.251720216108632,275.79218760362045,23.784019801669558,275.79218776566944,412.1378676905601,412.13786770636085,412.1378676868052,0.0,412.13786768905067,0.0,412.137867687115,0.0,412.1378676907284,372.2351641924607,0.0,372.23516419359936,372.2351641919364,0.0,372.2351641974974,0.0,364.76021181566,364.7602118154142,364.76021181591415,0.0,364.76021181652004,0.0,482.8668848738747,285.6533487959166,364.7602118324078,382.11121662644064,0.0,382.1112166262649,382.1112166259215,0.0,382.11121664422575,382.1112166581108,368.3695475262702,1.1070462327527937e-06,368.3695475068387,0.0,368.36954757864106,0.0,368.3695475079784,386.47091030894677,0.0,386.47091030937827,421.2513859753664,84.12022022476772,386.47091030871957,0.0,386.4709103295438,0.0,407.8466474824753,0.0
6,2.0459986947845553e-10,636.8679636841055,636.8679645529083,2.0749669755353284,0.0,357.867368037865,636.8679636820141,911.450068019784,911.534645216112,636.867963736889,386.76847924926494,636.8679636862543,382.9244802460703,636.8679636868706,371.61552519359554,636.8679636881155,0.0,0.0,398.0005183856814,636.8679636864463,359.2323011447133,636.8679636818955,341.94392227994945,636.8679636824173,341.30290258203314,636.8679636822417,2.0459986946504858e-10,361.2654268345676,636.8679636826179,636.8679636840782,0.0,0.0,371.57359346333897,857.6081631772082,354.79463321770083,636.8679636837011,370.0462925495091,636.8679636818185,352.0471034532848,636.8679636831828,0.0,0.0,346.28342960264933,636.8679636818496,343.39365639953166,636.8679636842162,636.8679637069044,636.8679637125045,361.26542683457774,636.8679636826278,0.0,0.0,351.5051150845472,636.867963681947,369.8085577697944,636.8679637195038,350.7301438714979,636.8679636875993,361.8678028410061,636.8679636841175,348.8931736922951,636.8679636847222,8.514876462037832e-11,1.3059566119699202e-10,1.4442343617428618e-10,1.534499019331518e-11,5.307979871375152e-10,99088.90226060836,1.7537131659837242e-10,2.0459986937157056e-10,382.92448024606,636.8679636868603,0.0,0.0,368.997639586217,636.8679636821994,359.2320596856489,636.8679636854479,373.3784394693754,636.8679637672659,189.5881319384614,189.58813194895527,189.58813193578675,0.0,189.58813193731874,0.0,189.5881319359357,0.0,189.58813193824597,185.62035498194084,0.0,185.6203549825815,185.6203549815972,0.0,185.62035498349297,0.0,179.9737715667856,179.9737715666234,179.97377156682805,0.0,179.9737715670583,0.0,298.0804446255485,285.6533487957318,179.973771576584,187.90300383524735,0.0,187.90300383517192,187.90300383499712,0.0,187.90300384577077,187.90300385866942,185.0494961333981,0.0,185.04949612025845,0.0,185.0494961569434,0.0,185.0494961207942,187.24650585392004,0.0,187.24650585445528,187.24650585191577,0.0,187.2465058537376,0.0,187.24650586795883,0.0,232.68084997921875,0.0
7,2.0459986972944198e-10,636.8679636791924,636.8679647331377,0.0,0.0,352.44700106384187,636.8679636772567,911.449968820669,911.5346452113539,636.8679637477783,357.86700815678364,636.8679636810483,429.0387511971952,636.8679636872811,442.13784773107113,636.8679636896738,55.03052812834982,0.0,454.8502223839742,636.8679636869914,410.11386538338684,636.8679636826314,377.62609091085494,636.8679636831298,375.13511988428445,636.8679636829328,2.0459986968720944e-10,414.69990803696334,636.8679636798605,636.8679636812249,28.721252677542118,0.0,371.57359346066676,857.6081631745253,350.00986784488384,636.8679636808074,384.0026280284091,636.8679636791429,369.13366017780925,636.8679636804312,0.0,0.0,341.08559187387897,636.8679636758948,350.42152795719045,636.8679636787444,636.8679637015413,636.8679637096037,414.6999080374889,636.867963680386,66.64810680682899,0.0,397.1647139688588,636.8679636797756,421.974906914784,636.8679637142654,389.60865154186354,636.8679636859774,412.9447674353275,636.867963681765,384.91250764428975,636.8679636824272,8.514876464910465e-11,1.3059566127475361e-10,1.4442343626244378e-10,1.5344990193314352e-11,1.571034375973466e-10,99088.90226056112,1.7537131689525747e-10,2.045998695861743e-10,429.0387511964375,636.8679636865235,90.37434108515363,0.0,404.178839639254,636.867963682127,424.29771624956777,636.8679636854223,415.12964481507726,636.8679637852207,189.60999854610526,189.60999855592792,189.60999854307698,0.0,189.60999854460283,0.0,189.6099985432066,0.0,189.60999854576846,185.64421057379514,0.0,185.64421057438815,185.64421057348665,0.0,185.6442105751801,0.0,179.98658333909856,179.98658333891896,179.98658333942453,0.0,179.98658333938945,0.0,298.09325639792803,285.65334879570474,179.98658334922717,187.9981334201089,0.0,187.9981334200242,187.9981334198692,0.0,187.99813343089716,187.99813345026047,185.0688051335294,1.0983613137492897e-06,185.06880512070325,0.0,185.06880516511774,0.0,185.0688051212112,187.20744838864377,0.0,187.20744838967263,187.2074483867532,0.0,187.2074483885192,0.0,187.20744840149985,0.0,232.68084997717304,0.0
8,2.0459986940171964e-10,463.00986286043775,463.00986354103446,0.0,0.0,166.42961986010567,463.00986285863326,737.5911646666776,737.6765443927209,463.0098629007209,171.22711276611884,463.00986286184894,261.5069562666051,463.0098628624713,271.2398167870645,463.0098628634208,0.0,0.0,281.6438294330086,463.0098628613888,246.06289809023914,463.0098628587349,204.365825600332,463.0098628591183,216.76662851051182,463.0098628589993,2.04599869387598e-10,242.3968695616785,463.0098628591216,463.0098628604341,0.0,0.0,197.71549264004375,683.750062353906,176.40713416519378,463.0098628600851,188.37855528166853,463.0098628585082,182.90844847063047,463.0098628595993,0.0,0.0,178.78744913497295,463.0098628585815,177.09211481139107,463.0098628601154,463.00986287782433,463.0098628803845,242.39686956177377,463.00986285921687,0.0,0.0,227.68614765882998,463.0098628586877,250.30620391961108,463.00986288660664,223.3418154253062,463.00986286254533,242.8417175319306,463.0098628603548,215.57443804575902,463.00986286069525,8.51487645955629e-11,1.305956611759353e-10,1.444234361145836e-10,0.20581913614209624,1.564979514015225e-10,4.0075778176186224e-11,1.7537131655093858e-10,2.0459986927056188e-10,261.50695626662935,463.0098628624955,0.0,0.0,244.2064654848484,463.0098628588559,253.6453003157808,463.0098628612759,243.2069871917393,463.009862908872,157.66706194128398,157.66706194862564,157.667061939269,0.0,157.6670619403512,0.0,157.66706193938273,0.0,157.66706194095482,157.68598799853922,0.0,157.68598799902853,157.68598799827544,0.0,157.68598799971033,0.0,157.63742991463343,157.6374299144834,157.63742991445963,0.0,157.63742991470477,0.0,275.7441029735153,285.65334879565665,157.63742992207452,157.66669807560157,0.0,157.66669807555047,157.6666980754223,0.0,157.66669808369667,157.66669809357742,157.67180745013582,0.0,157.6718074408062,0.0,157.67180746232773,0.0,157.67180744123914,157.69387415431237,0.0,157.69387415472065,157.69387415274733,0.0,157.693874153847,0.0,157.69387416473793,0.0,157.92186662516497,0.0
9,2.0460022075925796e-10,462.2479428705962,462.24794382767624,0.0,0.0,171.1550380087155,462.2479428687142,736.8345968273884,736.9146244028011,462.24794292694355,173.19930258881362,462.24794287211597,248.84242983352885,462.3430277524473,258.90896766747323,462.3430277543331,0.0,0.0,257.93374327100076,462.34302775205265,250.87525737203407,462.3430277484427,215.650144676413,462.34302774887595,257.0486658119091,462.3430277487106,2.0460057757405752e-10,267.23787809252394,462.3054615159273,462.3054615173208,0.0,0.0,197.01109129682027,683.0456610106704,196.5144022847521,462.30546151694153,197.33219094610928,462.30546151531354,196.71594851446284,462.3054615164424,0.0,0.0,200.76276910520733,462.3591617237222,181.13516061020513,462.35916172599656,462.3591617464701,462.32262881061695,267.2550453629184,462.3226287863219,0.0,0.0,238.4012682513043,462.3226287857775,241.9758195761643,462.3226288150936,227.7574050458629,462.3226287908601,262.1169206087744,462.3226287875589,219.13450228653548,462.3226287880841,8.514915915341605e-11,1.3059655544417118e-10,1.6872768045160515e-10,4.47694868892062e-11,1.7389946307614456e-10,0.19581384358433113,0.09354737811333436,0.06357436881974463,248.83533987021178,462.3359377891303,0.0,0.0,232.735953477577,462.33593778526324,280.1833029461145,462.3359377881063,259.86842508233565,462.3359378647273,157.59424103262566,157.59424104079986,157.5942410300928,0.0,157.59424103137442,0.0,157.594241030208,0.0,157.59424103230438,157.59424102966366,0.0,157.59424103019558,157.5942410293998,0.0,157.59424103091638,0.0,157.5942410312549,157.59424103109177,157.5942410313549,0.0,157.5942410314134,0.0,275.7009140901029,285.6533487956897,157.59424104015844,157.59424102982913,0.0,157.59424102975808,157.59424102962427,0.0,157.5942410394058,157.59424105473164,157.59424120090782,0.0,157.59424119022685,0.0,157.59424122442948,0.0,157.5942411906825,157.5942410317634,0.0,157.59424103257436,157.59424103010062,0.0,157.59424103159375,0.0,157.59424104267347,0.0,157.59424102962873,0.0
10,2.0460028722463632e-10,0.0,0.0,0.0,0.0,0.0,0.0,50.06472075672995,50.13528152992097,0.0,0.0,0.0,0.0,0.0,0.0,0.0,0.0,0.0,0.0,0.0,0.0,0.0,0.0,0.0,0.0,0.0,2.388797908159896,0.0,0.0,0.0,0.0,0.0,0.0,0.0,0.0,0.0,0.0,0.0,0.0,0.0,0.0,0.0,0.0,0.0,0.0,0.0,0.0,0.0,0.0,0.0,0.0,0.0,0.0,0.0,0.0,0.0,0.0,0.0,0.0,0.0,0.0,0.0,2.608747249452423e-10,0.00020651982843914086,0.0143253859016428,0.10065272952944794,1.4095952093531238e-10,0.542139556533506,1.7602385091488422,2.583610192289492,0.0,0.0,0.0,0.0,0.0,0.0,0.0,0.0,0.0,0.0,1146.0977986133548,1146.0977986229088,1146.0977986096793,0.0,1146.0977986115004,0.0,1146.0977986099101,0.0,1146.0977986123576,1032.1625284358079,0.0,1032.1625284365016,1074.5494963105966,102.51731765209661,1032.162528438435,0.0,1048.684395506955,1048.684395506747,1048.684395506917,0.0,1048.6843955072973,0.0,1166.7910685654172,285.65334879580223,1048.6843955190527,1089.164215580956,0.0,1089.1642155808613,1089.1642155805966,0.0,1089.1642155939649,1089.1642156057044,1054.6749060432549,0.0,1054.674906030061,0.0,1054.674906075969,0.0,1054.6749060307293,1091.6137565079016,0.0,1091.6137565086906,1091.613756506307,0.0,1091.6137565077493,0.0,1091.6137565264803,0.0,1131.029864128108,0.0
11,2.046002766225896e-10,0.0,0.0,0.0,0.0,0.0,0.0,52.15733216196937,52.23108668858888,0.0,0.0,0.0,0.0,0.0,0.0,0.0,0.0,0.0,0.0,0.0,0.0,0.0,0.0,0.0,0.0,0.0,2.0460027089464842e-10,0.0,0.0,0.0,0.0,0.0,0.0,0.0,0.0,0.0,0.0,0.0,0.0,0.0,0.0,0.0,0.0,0.0,0.0,0.0,0.0,0.0,0.0,0.0,0.0,0.0,0.0,0.0,0.0,0.0,0.0,0.0,0.0,0.0,0.0,0.0,8.518502528364546e-11,2.399056966515453e-10,0.014118866197977885,2.422218261278473e-11,1.9252847718932735e-10,0.20581913600076474,0.0005472509399056172,0.011373626163148728,0.0,0.0,0.0,0.0,0.0,0.0,0.0,0.0,0.0,0.0,1145.8194629292252,1145.8194629360564,1145.8194629264174,0.0,1145.8194629279026,0.0,1145.8194629265367,0.0,1145.8194629287698,1034.0954068576689,0.0,1034.0954068581818,1044.875582881929,26.07298387350616,1034.0954068586475,0.0,1048.5878268379413,1048.5878268377967,1048.5878268380425,0.0,1048.5878268381734,0.0,1166.6944998968913,285.6533487956428,1048.5878268455017,1089.0041132654394,0.0,1089.0041132653505,1089.0041132652086,0.0,1089.0041132735237,1089.0041132869987,1056.719167072907,0.0,1056.7191670632951,0.0,1056.7191670986388,0.0,1056.7191670636596,1092.2670604977582,0.0,1092.26706049868,1092.267060495971,0.0,1092.2670604982866,0.0,1092.2670605182955,0.0,1127.1214699136365,0.0
12,12.508977102016265,0.0,0.0,0.0,0.0,0.0,0.0,25.76351551512802,25.84071652034954,0.0,0.0,0.0,0.0,0.0,0.0,0.0,0.0,0.0,0.0,0.0,0.0,0.0,0.0,0.0,0.0,0.0,2.1788199824926675e-10,0.0,0.0,0.0,0.0,0.0,0.0,0.0,0.0,0.0,0.0,0.0,0.0,0.0,0.0,0.0,0.0,0.0,0.0,0.0,0.0,0.0,0.0,0.0,0.0,0.0,0.0,0.0,0.0,0.0,0.0,0.0,0.0,0.0,0.0,0.0,2.183516779851885e-09,12.60020652137107,12.614325387434945,1.5344990193789154e-11,3.621390631505826e-10,466.07812182007063,14.393821256823454,0.10260304576797466,0.0,0.0,0.0,0.0,0.0,0.0,0.0,0.0,0.0,0.0,1174.7087448827306,1174.7087448951445,1174.7087448772897,0.0,1174.7087448799305,0.0,1174.7087448777004,0.0,1174.708744880898,1064.7555164531577,0.0,1064.7555164539967,1107.1424843278169,102.51731765267073,1064.7555164572702,0.0,1084.787709348244,1084.7877093480126,1084.787709348901,0.0,1084.7877093491065,0.0,1202.8943824064072,285.65334879591035,1084.7877093665736,1121.2838114925783,0.0,1121.2838114925355,1121.2838114920391,0.0,1121.28381151181,1121.2838115241047,1089.113836974971,1.1535491392970338e-06,1089.1138369570126,0.0,1089.1138370432661,0.0,1089.113836957864,1117.5248449482478,0.0,1117.5248449496146,1152.305320615458,84.12022022901807,1117.5248449506998,0.0,1117.524844976508,0.0,1165.7791632963704,0.0
13,34.595268211662386,0.0,0.0,0.0,0.0,0.0,0.0,47.832904133890096,47.92700762978168,0.0,0.0,0.0,0.0,0.0,0.0,0.0,0.0,0.0,0.0,0.0,0.0,0.0,0.0,0.0,0.0,0.0,17.4030969945364,0.0,0.0,0.0,0.0,0.0,0.0,0.0,0.0,0.0,0.0,0.0,0.0,0.0,0.0,0.0,0.0,0.0,0.0,0.0,0.0,0.0,0.0,0.0,0.0,0.0,0.0,0.0,0.0,0.0,0.0,0.0,0.0,0.0,0.0,0.0,0.09102290467444271,12.691229425403074,12.70534829153585,1.5344990193794117e-11,1.8878502922293135e-10,442.9414124768214,37.530530599898476,0.10260304549659317,0.0,0.0,0.0,0.0,0.0,0.0,0.0,0.0,0.0,0.0,1145.4584440121725,1145.4584440181973,1145.4584440085862,0.0,1145.4584440101023,0.0,1145.4584440087303,0.0,1145.4584440108185,1041.7070709877119,0.0,1041.7070709881973,1052.4872470125297,26.07298387488222,1041.707070988848,0.0,1054.0428385022658,1054.042838502109,1054.0428385023024,0.0,1054.0428385025402,0.0,1172.149511561168,285.65334879565063,1054.042838510505,1090.0320433400582,0.0,1090.032043339989,1090.032043339815,0.0,1090.0320433488537,1090.032043360791,1061.470836347894,0.0,1061.4708363383008,0.0,1061.470836375864,0.0,1061.4708363387065,1091.7145993106353,0.0,1091.7145993122417,1091.7145993087568,0.0,1091.714599310983,0.0,1091.7145993232955,0.0,1133.9085461194372,0.0
14,154.079814410822,0.0,0.0,5.275783519899584,0.0,0.0,0.0,167.31031319822893,167.4115538291239,0.0,0.0,0.0,0.0,0.0,0.0,0.0,0.0,0.0,0.0,0.0,0.0,0.0,0.0,0.0,0.0,0.0,1.0733473671768576,0.0,0.0,0.0,1.5922283779096416,0.0,0.0,114.64944205701437,0.0,0.0,0.0,0.0,0.0,0.0,0.0,0.0,0.0,0.0,0.0,0.0,0.0,0.0,0.0,0.0,3.8036557203417742,0.0,0.0,0.0,0.0,0.0,0.0,0.0,0.0,0.0,0.0,0.0,1.9921673182880676e-10,154.17104383014717,154.18516269624376,1.5344990193314352e-11,1.1553796461801648e-09,99782.28210475978,204.91483831676695,26.579500955917432,0.0,0.0,0.0,0.0,0.0,0.0,0.0,0.0,0.0,0.0,1008.5242453695291,1008.5242453765045,1008.5242453655604,0.0,1008.5242453671999,0.0,1008.5242453657451,0.0,1008.5242453685013,881.4754911910599,0.0,881.4754911915923,917.2520629978861,86.529382975708,881.475491192346,0.0,892.4092123130658,892.4092123128894,892.4092123134445,0.0,892.4092123134758,0.0,1010.5158853718925,285.65334879569235,892.4092123236055,939.1590831462236,0.0,939.1590831461326,939.1590831459116,0.0,939.1590831573294,939.1590831733484,908.800728496588,1.0583685256220379e-06,908.800728485654,0.0,908.8007285300383,0.0,908.8007284860967,961.3836925838467,0.0,961.3836925856118,961.3836925817958,0.0,961.3836925844337,0.0,961.3836925983104,0.0,961.2629673783063,0.0
15,103.69712933114121,0.0,0.0,0.0,0.0,0.0,0.0,155.93938548071932,156.0288687491838,0.0,0.0,0.0,0.0,0.0,0.0,0.0,0.0,0.0,0.0,0.0,0.0,0.0,0.0,0.0,0.0,0.0,18.32145323212096,0.0,0.0,0.0,0.0,0.0,0.0,112.8581995725628,0.0,0.0,0.0,0.0,0.0,0.0,0.0,0.0,0.0,0.0,0.0,0.0,0.0,0.0,0.0,0.0,0.0,0.0,0.0,0.0,0.0,0.0,0.0,0.0,0.0,0.0,0.0,0.0,7.6566632695323165,103.78835875052872,103.8024776164883,1.5344990195781005e-11,4.512221168203421e-10,4.5180242493130925e-11,94.48979113814178,2.0459987013220614e-10,0.0,0.0,0.0,0.0,0.0,0.0,0.0,0.0,0.0,0.0,1003.656504136808,1003.6565041438118,1003.6565041329309,0.0,1003.6565041345112,0.0,1003.6565041331435,0.0,1003.6565041354226,887.3582743282786,0.0,887.3582743287377,924.009614198419,88.64510108234299,887.358274329377,0.0,903.2274853020201,903.2274853018733,903.2274853022027,0.0,903.2274853024445,0.0,1021.3341583609648,285.6533487956406,903.2274853110193,950.3766933344623,0.0,950.3766933343995,950.3766933341394,0.0,950.3766933438858,950.3766933565632,909.80807991441,0.0,909.8080799035304,0.0,909.8080799401274,0.0,909.8080799039327,956.5588542104581,0.0,956.5588542121095,956.558854208403,0.0,956.5588542107001,0.0,956.5588542257017,0.0,977.6649850735704,0.0
16,2.0460026770963249e-10,0.0,0.0,0.0,0.0,0.0,0.0,154.46820791332033,154.56121582319204,0.0,0.0,0.0,0.0,0.0,0.0,0.0,3.331270393493089,0.0,0.0,0.0,0.0,0.0,0.0,0.0,0.0,0.0,12.13223636292397,0.0,0.0,0.0,0.0,0.0,0.0,112.85819957099591,0.0,0.0,0.0,0.0,0.0,0.0,0.0,0.0,0.0,0.0,0.0,0.0,0.0,0.0,0.0,0.0,0.0,0.0,0.0,0.0,0.0,0.0,0.0,0.0,0.0,0.0,0.0,0.0,8.510483324917729e-11,1.3481162866550114e-10,0.01411886203964581,1.5344990196614803e-11,8.201805998130354e-10,3.626184096438461e-11,1.753713173339279e-10,70.71167298494905,0.0,0.0,4.519991500267333,0.0,0.0,0.0,0.0,0.0,0.0,0.0,996.2766873923285,996.2766873997427,996.2766873877858,0.0,996.2766873895364,0.0,996.2766873880058,0.0,996.2766873908538,887.3283727363547,0.0,887.328372736854,923.9797137299819,88.64510379969538,887.3283727375735,0.0,903.4306165998836,903.4306165997245,903.4306166003466,0.0,903.4306166004626,0.0,1021.5372896587882,285.6533487956655,903.4306166101051,948.6895288386006,0.0,948.6895288385108,948.6895288382304,0.0,948.6895288492425,948.6895288655735,906.4288496898464,1.0743693643996794e-06,906.4288496778804,0.0,906.4288497252602,0.0,906.4288496783075,949.1101178469764,0.0,949.1101178492266,949.1101178451049,0.0,949.1101178480009,0.0,949.1101178630605,0.0,979.6461173089563,0.0
17,2.0460028257780033e-10,0.0,0.0,0.0,0.0,0.0,0.0,25.82418224507914,25.931739418575777,0.0,0.0,0.0,0.0,0.0,0.0,0.0,0.0,0.0,0.0,0.0,0.0,0.0,0.0,0.0,0.0,0.0,2.046002651497401e-10,0.0,0.0,0.0,0.0,0.0,0.0,0.0,0.0,0.0,0.0,0.0,0.0,0.0,0.0,0.0,0.0,0.0,0.0,0.0,0.0,0.0,0.0,0.0,0.0,0.0,0.0,0.0,0.0,0.0,0.0,0.0,0.0,0.0,0.0,0.0,1.922112747494537e-10,0.00020651961985623335,0.014325385711640614,1.534499020186161e-11,1.0735571290498979e-09,26.505166406675833,0.0007537704719690253,0.011580145472770075,0.0,0.0,0.0,0.0,0.0,0.0,0.0,0.0,0.0,0.0,1181.3306503893773,1181.3306503973033,1216.1111260435066,84.120220237491,1181.3306503767537,0.0,1223.7176180733438,102.51731723988789,1181.330650376857,1063.6571058547624,0.0,1063.65710585148,1106.0440737231836,102.51731765318343,1098.4375729887706,84.12019959785897,1083.2333363758173,1083.2333363754615,1118.0138111166573,84.1202179847892,1083.2333364262781,0.0,1201.3400094329238,285.65334879622355,1083.233336431313,1161.3154351694016,102.51731698540274,1161.3154352746214,1153.7089432480886,84.12022024548375,1118.928467628034,1118.9284676183797,1090.7791625139514,1.561843629196362e-06,1090.779162486847,0.0,1125.5596135734863,84.12016077206131,1090.7791624870902,1121.0877985416141,0.0,1121.0877985508694,1213.1263208787373,222.60479823909338,1155.8682741293944,84.1202200546351,1121.0877986206797,0.0,1195.934462989581,84.1202202199933
18,2.0460027759867597e-10,0.0,0.0,0.0,0.0,0.0,0.0,25.800081844775733,25.931739417801378,0.0,0.0,0.0,0.0,0.0,0.0,0.0,0.0,0.0,0.0,0.0,0.0,0.0,0.0,0.0,0.0,0.0,2.0460025079415954e-10,0.0,0.0,0.0,0.0,0.0,0.0,0.0,0.0,0.0,0.0,0.0,0.0,0.0,0.0,0.0,0.0,0.0,0.0,0.0,0.0,0.0,0.0,0.0,0.0,0.0,0.0,0.0,0.0,0.0,0.0,0.0,0.0,0.0,0.0,0.0,8.515647540242032e-11,1.3061657593192593e-10,0.013571615045293488,1.6871005285306582e-11,2.114815985695556e-10,0.20581913652685102,2.939347227319091e-10,0.010826377600495917,0.0,0.0,0.0,0.0,0.0,0.0,0.0,0.0,0.0,0.0,1183.7568984938105,1183.7568985030075,1218.537374160013,84.1202202352779,1183.7568984899629,0.0,1183.7568984869154,0.0,1183.7568984916074,1066.6327890730583,0.0,1066.6327890739537,1109.0197569478541,102.51731765316669,1066.6327890758075,0.0,1085.2353685135308,1085.2353685133057,1085.2353685170388,0.0,1085.235368515406,0.0,1203.3420415719127,285.6533487958727,1085.2353685324113,1126.55014305137,0.0,1126.5501430507643,1126.5501430499958,0.0,1126.5501430699915,1126.5501430924853,1093.4331706323273,1.600471283064531e-06,1093.4331706153923,0.0,1093.4331707388314,0.0,1093.4331706160974,1121.5949393729954,0.0,1121.594939377071,1213.6334617178213,222.60479823883574,1156.3754149761896,84.12022007302978,1121.5949394031081,0.0,1165.8212215927483,0.0
19,2.093371032470995e-10,0.0,0.0,0.0,0.0,0.0,0.0,25.812736974819984,25.931739419584193,0.0,0.0,0.0,0.0,0.0,0.0,0.0,0.0,0.0,0.0,0.0,0.0,0.0,0.0,0.0,0.0,0.0,15.477635393408217,0.0,0.0,0.0,0.0,0.0,0.0,0.0,0.0,0.0,0.0,0.0,0.0,0.0,0.0,3.651248379430049,0.0,0.0,0.0,0.0,0.0,0.0,0.0,0.0,0.0,0.0,0.0,0.0,0.0,0.0,0.0,0.0,0.0,0.0,0.0,0.0,3.1919756229544392e-09,0.09122940983801536,0.10534827598417869,1.5344990294476887e-11,1.4374148333052377e-10,3.975765161769929e-11,28.885527798040428,18.05772226699189,0.0,0.0,0.0,0.0,0.0,0.0,0.0,0.0,0.0,0.0,1149.5046170689684,1149.5046170773076,1149.5046170627593,0.0,1149.504617063515,0.0,1149.5046170613775,0.0,1149.504617066529,1048.5636638078897,0.0,1048.5636638085978,1090.950631682822,102.5173176531734,1048.5636638103097,0.0,1061.8872877453819,1061.8872877451406,1061.8872877498552,0.0,1061.8872877470847,0.0,1179.9939608038735,285.6533487958463,1061.8872877657768,1093.3549221538517,0.0,1093.3549221535302,1093.3549221527828,0.0,1093.354922174288,1093.3549221981418,1065.3435656261902,1.618240817207748e-06,1065.3435656094944,0.0,1065.3435658157498,0.0,1065.3435656101256,1089.8715183488562,0.0,1089.871518353849,1181.9100406937425,222.6047982381123,1089.8715183633767,0.0,1089.871518374526,0.0,1166.6081426855112,0.0
20,3.3274511781358286e-10,0.0,0.0,0.0,0.0,0.0,0.0,52.23297402443399,52.33173941829085,0.0,0.0,0.0,0.0,0.0,0.0,0.0,0.0,0.0,0.0,0.0,0.0,0.0,0.0,0.0,0.0,0.0,2.0460027503998796e-10,0.0,0.0,0.0,0.0,0.0,0.0,0.0,0.0,0.0,0.0,0.0,0.0,0.0,0.0,0.0,0.0,0.0,0.0,0.0,0.0,0.0,0.0,0.0,0.0,0.0,0.0,0.0,0.0,0.0,0.0,0.0,0.0,0.0,0.0,0.0,8.829954845028496e-10,0.09122941898740025,0.10534828513334346,1.5334542266252767e-10,2.496369388069243e-10,0.20581913573656666,0.0917766702089089,0.10260304526929687,0.0,0.0,0.0,0.0,0.0,0.0,0.0,0.0,0.0,0.0,1147.327387364016,1147.3273873711858,1147.3273873568558,0.0,1147.3273873592714,0.0,1147.3273873570797,0.0,1147.3273873610005,1032.1943026121337,0.0,1032.1943026127738,1074.5812704870525,102.51731765317744,1032.194302614421,0.0,1047.469167885016,1047.4691678847842,1047.469167886106,0.0,1047.469167885986,0.0,1165.575840943593,285.65334879579086,1047.469167899611,1088.0658208721172,0.0,1088.0658208719929,1088.0658208714383,0.0,1088.0658208871648,1088.0658209073254,1055.6910450417677,1.4086787844547435e-06,1055.6910450272067,0.0,1055.6910451228514,0.0,1055.6910450278103,1086.3403740259364,0.0,1086.3403740301185,1178.3788963701813,222.60479823616186,1086.340374032199,0.0,1086.3403740493784,0.0,1128.2793903482675,0.0
21,52.459404205505095,0.0,0.0,0.0,0.0,0.0,0.0,65.69421971130993,65.79114362429932,0.0,0.0,0.0,0.0,0.0,0.0,0.0,50.880416455750954,0.0,0.0,0.0,0.0,0.0,0.0,0.0,0.0,0.0,131.30384198315917,0.0,0.0,0.0,0.0,0.0,0.0,129.80012225553733,0.0,0.0,0.0,0.0,0.0,0.0,88.74748126083081,0.0,0.0,19.16610846397272,0.0,19.166108469884062,19.16610849927916,0.0,0.0,0.0,19.455381305485727,0.0,0.0,0.0,0.0,0.0,0.0,0.0,0.0,0.0,0.0,0.0,13.459404079561333,52.55063349179106,52.56475235784304,1.5344990193572432e-11,4.1791604592944557e-10,733.3304157596514,272.18652732213803,188.54284601977946,0.0,0.0,22.172590677412035,0.0,42.95229024899797,160.26439413435045,0.0,0.0,0.0,0.0,858.3668068055937,858.3668068130223,858.3668067975024,0.0,858.366806800107,0.0,858.3668067976853,0.0,858.366806802009,867.8376863633922,0.0,867.8376863640626,896.2152888512336,68.63420136817585,867.837686365811,0.0,823.3792189496731,823.3792189494493,823.37921895105,0.0,823.3792189505721,0.0,941.4858920082391,285.6533487958014,823.3792189636898,791.7815675523971,0.0,791.7815675522348,791.781567551741,0.0,791.7815675669228,791.7815675922242,829.0525114066661,1.5571777509546473e-06,829.0525113909517,0.0,829.0525115086114,0.0,829.0525113915958,812.4613979072801,0.0,812.4613979123236,893.6094232388953,196.26499150801675,812.461397919656,0.0,812.4613979315299,0.0,1108.5549616032501,0.0
22,170.39486487632195,0.0,0.0,0.23737111788854692,4.7806246984829945,0.0,0.0,183.63957156399917,183.7266042946769,0.0,0.0,0.0,0.0,0.0,0.0,0.0,0.0,0.0,0.0,0.0,0.0,0.0,0.0,0.0,0.0,0.0,157.79486487607994,0.0,0.0,0.0,0.0,0.0,0.0,129.80012225552576,0.0,0.0,0.0,0.0,0.0,0.0,0.0,0.0,0.0,0.0,0.0,0.0,0.0,0.0,0.0,0.0,0.0,0.0,0.0,0.0,0.0,0.0,0.0,0.0,0.0,0.0,0.0,0.0,128.16363741341098,140.76384393332987,140.77796279935606,3.499827644243161e-11,2.205436210808295e-10,0.20581913580967637,170.48664154659934,170.497467921518,0.0,0.0,0.0,0.0,53.94505436452876,123.10299798937724,0.0,0.0,0.0,0.0,953.0797224634621,953.0797224767334,953.0797224553323,0.0,953.0797224588517,0.0,953.0797224554401,0.0,953.0797224589569,857.6554142976922,0.0,857.6554142982563,886.0330167847279,68.63420136849025,857.6554143068748,0.0,865.4520562978593,865.4520562975891,865.4520562982684,0.0,865.4520562989663,0.0,983.558729355782,285.65334879596503,865.4520563160283,900.9264462474757,0.0,900.9264462474165,900.9264462467643,0.0,900.9264462666869,900.9264462795256,871.6711633673063,1.2194399177571197e-06,871.6711633455234,0.0,871.6711635077478,0.0,871.6711633465384,900.4055174057262,0.0,900.4055174073964,992.444039747089,222.60479823838105,900.4055175447473,0.0,900.4055174470025,0.0,967.2129383291855,84.12022021663653
23,165.6142401780823,0.0,0.0,0.0,0.0,0.0,0.0,178.85052349182655,178.9459795963445,0.0,0.0,0.0,0.0,0.0,0.0,0.0,0.0,0.0,0.0,0.0,0.0,0.0,0.0,0.0,0.0,0.0,29.631227312389242,0.0,0.0,0.0,0.0,0.0,0.0,129.80012225552474,0.0,0.0,0.0,0.0,0.0,0.0,0.0,0.0,0.0,0.0,0.0,0.0,0.0,0.0,0.0,0.0,0.0,0.0,0.0,0.0,0.0,0.0,0.0,0.0,0.0,0.0,0.0,0.0,5.139446425732584e-10,140.76384408385093,140.77796294997825,1.5344990346935854e-11,842.873567508158,3.703078265591067e-11,162.7458401882024,201.73183174982074,0.0,0.0,0.0,0.0,0.0,86.64904751281598,0.0,0.0,0.0,0.0,965.8276015365155,965.8276015444502,965.8276015313766,0.0,965.8276015337722,0.0,965.8276015315475,0.0,965.827601535504,862.3436774820245,0.0,862.3436774828907,890.7212799701565,68.634201367994,862.3436774835587,0.0,871.3832514321388,871.3832514319561,871.3832514326966,0.0,871.3832514326778,0.0,989.4899244909299,285.6533487957208,871.3832514425543,911.7253437967572,0.0,911.7253437965852,911.7253437963456,0.0,911.7253438076885,911.7253438264487,878.9634698083275,1.277916501370486e-06,878.9634697952711,0.0,878.9634698510489,0.0,878.963469795756,914.4287244426259,0.0,914.4287244450657,995.5767497750574,196.26499150851058,914.4287244533983,0.0,914.4287244997313,0.0,943.9243907845754,0.0
24,108.87524635454598,0.0,0.0,0.0,0.0,0.0,0.0,122.12856022197303,122.20698577299929,0.0,0.0,0.0,0.0,0.0,0.0,0.0,0.0,0.0,0.0,0.0,0.0,0.0,0.0,0.0,0.0,0.0,43.99155647285744,0.0,0.0,0.0,0.0,0.0,0.0,112.36308310593076,0.0,0.0,0.0,0.0,0.0,0.0,0.0,0.0,0.0,0.0,0.0,0.0,0.0,0.0,0.0,0.0,0.0,0.0,0.0,0.0,0.0,0.0,0.0,0.0,0.0,0.0,0.0,0.0,2.421912791374457e-10,108.96647577372875,108.98059463973424,1.5344990199879685e-11,2.481393829530365e-10,35.764630474095284,126.98120971423872,147.97209574366946,0.0,0.0,0.0,0.0,19.884586685823663,88.48530408170997,0.0,0.0,0.0,0.0,1002.316091215743,1002.3160912317675,1002.3160912167236,0.0,1002.3160912106011,0.0,1002.3160912063129,0.0,1002.3160912104033,898.1139346557632,0.0,898.1139346560991,935.0070701737724,89.2299091658841,898.1139346699179,0.0,918.440214930539,918.440214930267,918.4402149318278,0.0,918.4402149323593,0.0,1036.5468879882733,285.6533487960316,918.4402149532351,965.595697731292,0.0,965.595697731163,965.5956977304703,0.0,965.5956977548693,965.5956977675465,908.7100081993666,1.3403604446024346e-06,908.7100081732402,0.0,908.7100085746174,0.0,908.7100081743341,946.6951005046225,0.0,946.6951005059733,1038.7336228439758,222.60479823844125,981.475576098682,84.12022006377754,946.6951005595873,0.0,1056.387027719409,84.12022022244375
25,6.210933802250524e-10,0.0,0.0,0.0,0.0,0.0,0.0,165.0391072295067,165.12243335720748,0.0,0.0,0.0,0.0,0.0,0.0,0.0,0.0,0.0,0.0,0.0,0.0,0.0,0.0,0.0,0.0,0.0,17.639144315806867,0.0,0.0,0.0,0.0,0.0,0.0,128.92611853350073,0.0,0.0,0.0,0.0,0.0,0.0,0.0,0.0,0.0,0.0,0.0,0.0,0.0,0.0,0.0,0.0,0.0,0.0,0.0,0.0,0.0,0.0,0.0,0.0,0.0,0.0,0.0,0.0,3.229543505298027e-10,0.09122941972212677,0.1053482858319295,1.5344990208511314e-11,1.2046918896400352e-09,10.95514624937921,2.9170572773923786e-10,49.94113782076112,0.0,0.0,0.0,0.0,0.0,77.00605645944648,0.0,0.0,0.0,0.0,977.7481343322504,977.7481343396984,977.7481343280738,0.0,977.7481343298527,0.0,977.7481343282547,0.0,977.7481343307038,868.4549155161582,0.0,868.4549155167019,897.2593454890324,69.66652830766719,868.4549155173622,0.0,881.9640894727786,881.9640894726197,881.9640894729507,0.0,881.9640894731737,0.0,1000.0707625316521,285.65334879566825,881.96408948193,927.4891496563454,0.0,927.4891496562678,927.4891496560431,0.0,927.4891496660243,927.4891496807971,884.3337612597808,0.0,884.3337612481708,0.0,884.3337612883001,0.0,884.3337612486013,926.526248446448,0.0,926.5262484481459,1007.6742737785739,196.26499150716418,926.526248447423,0.0,926.5262484629677,0.0,964.0629884570199,0.0
26,2.046003435786118e-10,0.0,0.0,0.0,0.0,0.0,0.0,183.62773169781383,183.72660429435837,0.0,0.0,0.0,0.0,0.0,0.0,0.0,0.0,0.0,0.0,0.0,0.0,0.0,0.0,0.0,0.0,0.0,2.04600291545894e-10,0.0,0.0,0.0,0.0,0.0,0.0,129.80012225544084,0.0,0.0,0.0,0.0,0.0,0.0,0.0,0.0,0.0,0.0,0.0,0.0,0.0,0.0,0.0,0.0,0.0,0.0,0.0,0.0,0.0,0.0,0.0,0.0,0.0,0.0,0.0,0.0,4.0121640196674523e-10,0.00020651996330713312,0.014325386113220689,1.5344990193314352e-11,2.6414864129523777e-10,99816.71030153046,0.000753770701209848,0.01158014608258548,0.0,0.0,0.0,0.0,0.0,97.77626074808582,0.0,0.0,0.0,0.0,952.664301417833,952.6643014269022,952.6643014119056,0.0,952.6643014142666,0.0,952.6643014121222,0.0,952.6643014155519,857.2808031451668,0.0,857.2808031457746,885.6584056332833,68.63420136815608,857.2808031468356,0.0,865.6322671903023,865.632267190102,865.6322671909173,0.0,865.6322671909093,0.0,983.7389402490178,285.65334879574,865.6322672023404,901.0357611315067,0.0,901.0357611313868,901.0357611310957,0.0,901.0357611441317,901.0357611628544,871.5734437454403,1.2250027498398355e-06,871.5734437304409,0.0,871.5734438064819,0.0,871.5734437309574,900.9535426244526,0.0,900.953542627177,982.10156795598,196.26499150758949,900.9535426277382,0.0,900.9535426463021,0.0,937.1715958932429,0.0
27,2.0460021614435777e-10,0.0,0.0,0.0,0.0,0.0,0.0,154.94585997765995,155.03998518823343,0.0,0.0,0.0,0.0,0.0,0.0,0.0,0.0,0.0,0.0,0.0,0.0,0.0,0.0,0.0,0.0,0.0,2.0460018968686014e-10,0.0,0.0,0.0,0.0,0.0,0.0,101.11350314933593,0.0,0.0,0.0,0.0,0.0,0.0,0.0,0.0,0.0,0.0,0.0,0.0,0.0,0.0,0.0,0.0,0.0,0.0,0.0,0.0,0.0,0.0,0.0,0.0,0.0,0.0,0.0,0.0,8.514914197740768e-11,1.3059653882754204e-10,6.648832363779232e-10,0.20581913576701158,2.0991930143966052e-10,6.896489363720022e-11,1.7537289282438156e-10,2.0461051580833216e-10,0.0,0.0,0.0,0.0,0.0,69.08964164197361,0.0,0.0,0.0,0.0,994.087584147095,994.0875841548545,994.0875841427351,0.0,994.0875841446183,0.0,994.0875841429237,0.0,994.087584145477,894.202330351381,0.0,894.2023303518789,936.5892982174842,102.51731763081395,894.2023303526249,0.0,905.6958152865124,905.6958152863543,905.6958152867637,0.0,905.6958152869271,0.0,1023.8024883454058,285.6533487956653,905.6958152959871,941.8892881714801,0.0,941.889288171406,941.8892881711727,0.0,941.8892881814546,941.8892881961549,912.3494269370351,0.0,912.3494269249278,0.0,912.3494269649294,0.0,912.3494269253615,941.3496396290157,0.0,941.3496396307453,1022.4976649611284,196.26499150750467,941.349639629871,0.0,941.3496396463523,0.0,979.0193424386297,0.0
28,2.0460028648747942e-10,0.0,0.0,0.0,0.0,0.0,0.0,182.80976482330288,182.90695265638263,0.0,0.0,0.0,0.0,0.0,0.0,0.0,0.0,0.0,0.0,0.0,0.0,0.0,0.0,0.0,0.0,0.0,0.7143034685039654,0.0,0.0,0.0,0.0,0.0,0.0,129.8001222555449,0.0,0.0,0.0,0.0,0.0,0.0,0.0,0.0,0.0,0.0,0.0,0.0,0.0,0.0,0.0,0.0,0.0,0.0,0.0,0.0,0.0,0.0,0.0,0.0,0.0,0.0,0.0,0.0,8.514957042253441e-11,1.3059752679472796e-10,1.1580696136594191e-07,1.534499020515296e-11,789.2354024117859,1.9143263282912474e-10,1.753713211270076e-10,1.3003760515411507,0.0,0.0,0.0,0.0,0.0,98.8874863177591,0.0,0.0,0.0,0.0,951.6095127439864,951.6095127522128,951.6095127389063,0.0,951.6095127410541,0.0,951.6095127390985,0.0,951.6095127422578,857.494561778756,0.0,857.4945617792914,885.8721642668544,68.6342013678339,857.4945617801322,0.0,866.200257743234,866.200257743052,866.2002577437623,0.0,866.2002577437424,0.0,984.3069308020804,285.6533487956891,866.2002577537603,901.821825451908,0.0,901.8218254518061,901.8218254515564,0.0,901.8218254629397,901.8218254820188,871.1201971619696,1.204874691302126e-06,871.1201971486663,0.0,871.120197204708,0.0,871.1201971491197,899.6546359894386,0.0,899.6546359916838,980.8026613219773,196.2649915090772,899.6546359921394,0.0,899.6546360079479,0.0,938.4773123085106,0.0
29,2.0460025799313226e-10,0.0,0.0,0.0,0.0,0.0,0.0,175.48746132303359,175.59766686046044,0.0,0.0,0.0,0.0,0.0,0.0,0.0,0.0,0.0,0.0,0.0,0.0,0.0,0.0,0.0,0.0,0.0,2.0459988078257343e-10,0.0,0.0,0.0,0.0,0.0,0.0,118.22156740226633,0.0,0.0,0.0,0.0,0.0,0.0,0.0,0.0,0.0,0.0,0.0,0.0,0.0,0.0,0.0,0.0,0.0,0.0,0.0,0.0,0.0,0.0,0.0,0.0,0.0,0.0,0.0,0.0,2.2537254048303146e-10,0.00020652589311690448,0.014325392035202202,1.534499019478756e-11,2.370262440705113e-10,5.2713074317392014e-11,31.11400366271559,2.0459988650801323e-10,0.0,0.0,0.0,0.0,167.81209213589815,167.92921212405847,0.0,0.0,0.0,0.0,973.3697448303976,973.3697448436274,1008.1502204659434,84.12022023678605,973.369744924981,0.0,1008.1502204663385,84.12022023774117,973.3697448014258,870.9394466316571,0.0,870.9394466276973,904.9715392743508,82.31017757380098,870.9394472254537,1.4555381509545223e-06,877.8404604779395,877.8404604775812,912.6209359214032,84.12021968376027,877.8404605188135,0.0,995.9471335351932,285.65334879618274,877.8404605362465,946.620353939938,84.12022024106415,946.6203539385641,946.6203539447645,84.1202202527381,911.8398783243575,911.8398783146058,889.4356054255974,1.5490712182354179e-06,889.4356053747962,0.0,889.4356102131306,1.170614982266173e-05,889.4356053751764,958.0678765248095,102.51725482033211,915.6809346672204,1033.7857189885399,285.6487807791221,958.0679023829302,102.51731736090271,950.4614059805093,84.12020978295479,979.182853685099,84.12022022764239
30,2.0460021115833803e-10,0.0,0.0,54.167136139327546,0.0,0.0,0.0,261.61179317457527,261.7283622318648,0.0,0.0,0.0,0.0,0.0,0.0,0.0,15.443507394452363,0.0,0.0,11.15539830853547,0.0,0.0,0.0,0.0,0.0,0.0,28.065456376436135,0.0,15.232485361174273,15.232485362492806,85.95980333698131,0.0,0.0,235.97268485477736,0.0,15.232485361871593,0.0,40.30266216173891,0.0,15.232485361297877,0.0,0.0,0.0,0.0,0.0,0.0,0.0,3.9257279550560056,0.0,3.9257279120944677,54.55257922466452,0.0,0.0,3.925727910687085,0.0,3.925727990142938,0.0,3.9257279224577872,0.0,3.9257279140498755,0.0,3.925727915694677,8.514915510997854e-11,1.3059657009316925e-10,3.731378175069604e-10,2.921788424976457e-11,3.6460644877223376e-10,3.068998039605029e-11,1.753713167770699e-10,114.24563194686317,0.0,0.0,11.415397948726268,0.0,256.38215658309906,256.5093798984567,0.0,0.0,0.0,0.0,831.4461149342204,831.446114944457,831.4461149286425,0.0,831.4461149296986,0.0,831.4461149260677,0.0,831.4461149304402,731.1019842280862,0.0,731.1019842289269,741.8821602523288,26.072983874486333,731.1019842307383,0.0,745.7881321127156,745.7881321124487,745.7881321146219,0.0,745.7881321136967,0.0,863.8948051711806,285.6533487958355,745.7881321307397,799.4609391804607,0.0,799.4609391802529,799.460939179671,0.0,799.4609391987597,799.4609392176732,739.2123254967967,1.3500227906940597e-06,739.2123254777179,0.0,739.2123255700299,0.0,739.2123254783762,783.659201359385,0.0,783.6592013625067,901.7639857129248,285.6487807763178,794.4393772650521,26.072983600068017,783.6592013878311,0.0,823.6132022187484,0.0
31,2.046001760025929e-10,0.0,0.0,0.0,0.0,0.0,0.0,52.32046838379807,52.448263958691065,0.0,0.0,0.0,0.0,0.0,0.0,0.0,0.0,0.0,0.0,0.0,0.0,0.0,0.0,0.0,0.0,0.0,2.244787798686106e-10,0.0,0.0,0.0,0.0,0.0,0.0,0.0,0.0,0.0,0.0,0.0,0.0,0.0,0.0,0.0,0.0,0.0,0.0,0.0,0.0,0.0,0.0,0.0,0.0,0.0,0.0,0.0,0.0,0.0,0.0,0.0,0.0,0.0,0.0,0.0,8.514915255430147e-11,1.305965366883868e-10,3.2176972336013194e-10,1.9594247560483117e-11,2.2807332732379296e-10,0.15991695938575656,1.7537156051125046e-10,0.700441995549597,0.0,0.0,0.0,0.0,52.17006233421508,52.30182718594928,0.0,0.0,0.0,0.0,1147.0344771015923,1147.0344771118714,1147.034477092708,0.0,1147.034477093707,0.0,1147.0344770890692,0.0,1147.0344770960787,1031.1374249556688,0.0,1031.1374249563423,1073.524392830578,102.51731765329518,1031.1374249578514,0.0,1048.1678122428498,1048.1678122425885,1048.1678122493572,0.0,1048.1678122446392,0.0,1166.2744853013753,285.6533487958271,1048.1678122631563,1088.6696546256928,0.0,1088.6696546253088,1088.6696546246922,0.0,1088.6696546459918,1088.6696546751239,1054.8845830924095,1.687712343104647e-06,1054.8845830689045,0.0,1054.8845832877637,0.0,1054.8845830694975,1082.5536999555852,0.0,1082.553699962901,1200.6584843094854,285.64878077772096,1124.940667699781,102.51731734959867,1082.5536999998337,0.0,1127.8046413578459,0.0
32,2.0460017907908273e-10,0.0,0.0,0.0,0.0,0.0,0.0,54.50634873781734,54.63685728649784,0.0,0.0,0.0,0.0,0.0,0.0,0.0,0.0,0.0,0.0,0.0,0.0,0.0,0.0,0.0,0.0,0.0,0.6743109790856937,0.0,0.0,0.0,0.0,0.0,0.0,1.4944240176970072,0.0,0.0,0.0,0.0,0.0,0.0,0.0,0.0,0.0,0.0,0.0,0.0,0.0,0.0,0.0,0.0,0.0,0.0,0.0,0.0,0.0,0.0,0.0,0.0,0.0,0.0,0.0,0.0,8.514905559919132e-11,1.3059632654542196e-10,1.4442755833134755e-10,13.281956359961262,1.1562677627083454e-10,3.0689980465435855e-11,1.7537132723357252e-10,4.394621530542765,0.0,0.0,0.0,0.0,54.353937085394605,54.48450199671438,0.0,0.0,0.0,0.0,1143.2838484852252,1143.2838484981394,1143.2838484808888,0.0,1143.2838484816696,0.0,1143.2838484782499,0.0,1143.283848482725,1028.3019683757182,0.0,1028.3019683763453,1070.688936250505,102.51731765332815,1028.301968378467,0.0,1044.6909452525715,1044.6909452523164,1044.6909452542186,0.0,1044.6909452540244,0.0,1162.7976183110186,285.65334879582616,1044.6909452709385,1084.4253976844261,0.0,1084.4253976842745,1084.4253976836271,0.0,1084.4253977030946,1084.4253977204708,1050.6180580080936,1.3062216806056876e-06,1050.6180579875202,0.0,1050.618058089921,0.0,1050.6180579881968,1081.2561022029506,0.0,1081.2561022050718,1199.3608865565727,285.6487807761947,1092.0362780864805,26.0729835462042,1081.256102241006,0.0,1124.6536535878615,0.0
33,2.046002423138642e-10,0.0,0.0,0.0,0.0,0.0,0.0,52.20155452253345,52.331739418558634,0.0,0.0,0.0,0.0,0.0,0.0,0.0,0.0,0.0,0.0,0.0,0.0,0.0,0.0,0.0,0.0,0.0,2.046002195501846e-10,0.0,0.0,0.0,0.0,0.0,0.0,0.0,0.0,0.0,0.0,0.0,0.0,0.0,0.0,0.0,0.0,0.0,0.0,0.0,0.0,0.0,0.0,0.0,0.0,0.0,0.0,0.0,0.0,0.0,0.0,0.0,0.0,0.0,0.0,0.0,8.514924266655007e-11,1.3059672161455214e-10,1.7064735372810427e-08,0.20581913578296807,1.699440221049158e-10,1.1173531457317996e-10,1.7537319894324014e-10,2.0461817829328013e-10,0.0,0.0,0.0,0.0,52.199350003246536,52.32734709420599,0.0,0.0,0.0,0.0,1145.8944805637668,1145.8944805761819,1145.8944805614362,0.0,1145.8944805567226,0.0,1145.8944805513763,0.0,1145.8944805605158,1031.060638489923,0.0,1031.0606384906719,1073.447606364637,102.51731765334856,1031.0606384930227,0.0,1048.6633054791143,1048.6633054788424,1048.6633055469283,0.0,1048.6633054817246,0.0,1166.7699785375435,285.6533487958784,1048.6633055039786,1088.6062469862122,0.0,1088.606246985591,1088.606246985067,0.0,1088.6062470107763,1088.6062470421161,1055.7339694680488,2.2045814848347533e-06,1055.7339694424234,0.0,1055.7339699127672,1.1382167456348288e-06,1055.733969443108,1082.1743405512111,0.0,1082.1743405580414,1200.2791249049046,285.64878077849374,1124.5613083054513,102.51731737516447,1082.1743405973386,0.0,1127.8692636381397,0.0
34,2.0460028215882343e-10,0.0,0.0,0.0,0.0,0.0,0.0,25.7117737841939,25.83108668969374,0.0,0.0,0.0,0.0,0.0,0.0,0.0,0.0,0.0,0.0,0.0,0.0,0.0,0.0,0.0,0.0,0.0,2.0460025852492337e-10,0.0,0.0,0.0,0.0,0.0,0.0,0.0,0.0,0.0,0.0,0.0,0.0,0.0,0.0,0.0,0.0,0.0,0.0,0.0,0.0,0.0,0.0,0.0,0.0,0.0,0.0,0.0,0.0,0.0,0.0,0.0,0.0,0.0,0.0,0.0,8.517943159042932e-11,2.0273447757168753e-10,0.014118865870117618,2.2195862019418228e-10,9.514365085748734e-11,0.20581913565075782,0.0005472510168205865,0.011373625577323413,0.0,0.0,0.0,0.0,25.70392731291918,25.826694365833347,0.0,0.0,0.0,0.0,1181.772925391795,1181.7729254153446,1224.1598932169395,102.51731761743589,1181.7729263452786,2.3929536647946726e-06,1216.5534010282524,84.12022023084346,1181.7729253713665,1095.834966125412,84.1202203358446,1061.0544904234405,1103.4414582855566,102.51731765340338,1095.8349661134923,84.12022030701544,1082.437503428067,1082.437503427958,1124.8244710934448,102.51731715573506,1117.2179786711915,84.12021920423744,1200.544176483444,285.6533487966631,1082.4375035037922,1153.952507426673,84.12022024061183,1153.9525074226342,1161.5589995947303,102.51731757730836,1119.172031830773,1119.1720318147509,1088.648630383126,2.2164772304636985e-06,1123.4291059981942,84.12022023607088,1131.0355929787395,102.51730502622559,1088.6486303297193,1151.162244380552,84.12022143797788,1116.3817682449912,1234.486552569906,285.64878077967165,1158.7687359833453,102.51731740752435,1151.1622865730913,84.12032348504887,1202.5334962105594,102.51731763226154
35,2.0460024016381664e-10,0.0,0.0,0.0,0.0,0.0,0.0,25.70678357618229,25.831086698071683,0.0,0.0,0.0,0.0,0.0,0.0,0.0,0.0,0.0,0.0,0.0,0.0,0.0,0.0,0.0,0.0,0.0,2.046002214202216e-10,0.0,0.0,0.0,0.0,0.0,0.0,0.0,0.0,0.0,0.0,0.0,0.0,0.0,0.0,0.0,0.0,0.0,0.0,0.0,0.0,0.0,0.0,0.0,0.0,0.0,0.0,0.0,0.0,0.0,0.0,0.0,0.0,0.0,0.0,0.0,8.514925533794459e-11,1.305967827868944e-10,0.002745238238160179,7.947112236954258e-09,1.188775356217075e-10,0.20581912756193096,1.7537330528306506e-10,3.7231315519505293e-10,0.0,0.0,0.0,0.0,25.697654589592585,25.826694372875075,0.0,0.0,0.0,0.0,1185.2918552309345,1185.2918552426202,1196.0720312208457,26.072983825184103,1185.2918552224032,0.0,1185.2918552170597,0.0,1185.291855228012,1066.669399587031,0.0,1066.6693995876358,1109.0563674616424,102.51731765334273,1066.6693995937214,0.0,1083.4267420027286,1083.4267420024291,1125.8137096410228,102.51731708207929,1083.4267420048598,0.0,1201.5334150611563,285.6533487958901,1083.4267420267377,1125.4511919039323,0.0,1125.451191903281,1136.2313678814419,26.07298376320747,1125.4511919278445,1125.4511919718682,1091.1393479842372,2.9741264094360183e-06,1091.1393479581527,0.0,1133.5263051668364,102.51729185436875,1091.1393479588153,1119.941220096121,0.0,1119.9412201042444,1238.0460044497872,285.64878077834027,1162.3281878573814,102.51731739205651,1119.9412201565697,0.0,1174.6019026007762,26.072983847117815
36,12.239771659634433,0.0,0.0,0.0,0.0,0.0,0.0,25.447575768446786,25.571511078941995,0.0,0.0,0.0,0.0,0.0,0.0,0.0,0.0,0.1371308234725123,0.0,0.0,0.0,0.0,0.0,0.0,0.0,0.0,0.12872805647807295,0.0,0.0,0.0,0.0,0.0,0.0,0.0,0.0,0.0,0.0,0.0,0.0,0.0,0.0,0.0,0.0,0.0,0.0,0.0,0.0,0.0,0.0,0.0,0.0,0.0,0.0,0.0,0.0,0.0,0.0,0.0,0.0,0.0,0.0,0.0,1.6117670855915444e-10,12.331001078990289,12.34511994506467,5.296205658765898e-11,1.2877072893287736e-10,0.37975730600580376,12.608231281977073,12.702603048201471,0.0,0.0,0.0,0.08751140695782265,25.908441949996213,26.014858501448572,0.0,0.0,0.0,0.0,1181.5944299538698,1181.5944299926398,1223.981397784892,102.5173176172464,1181.5944300549866,0.0,1216.3749055922885,84.12022022118134,1181.5944299382616,1102.9786460996977,102.51731696608722,1060.5916785287025,1102.9786463838668,102.51731765337989,1102.978645904492,102.51731649396069,1081.4423577516418,1081.442357752014,1123.8293254191126,102.51731716449213,1123.8293207930585,102.5173059758961,1199.5490308056114,285.65334879695416,1081.4423578340661,1153.6496797259877,84.12022023157564,1153.64967972169,1161.2561719011217,102.51731758538791,1118.8692041420513,1118.8692041228555,1087.7251285160237,2.5865243645312913e-06,1130.1120962715702,102.51731752846901,1130.1120909816698,102.51730473429113,1087.7251284594176,1150.8167899337018,84.1202419006452,1116.0363053316592,1234.141089662471,285.64878077952875,1158.4232730735741,102.51731740173169,1158.4230454923365,102.51676697269217,1203.1760134194355,102.51731763291203
37,12.041261862024315,0.0,0.0,0.0,0.0,0.0,0.0,25.806235925583717,25.93173941793177,0.0,0.0,0.0,0.0,0.0,0.0,0.0,0.0,0.0,0.0,0.0,0.0,0.0,0.0,0.0,0.0,0.0,3.3180720303678253e-10,0.0,0.0,0.0,0.0,0.0,0.0,0.0,0.0,0.0,0.0,0.0,0.0,0.0,0.0,0.0,0.0,0.0,0.0,0.0,0.0,0.0,0.0,0.0,0.0,0.0,0.0,0.0,0.0,0.0,0.0,0.0,0.0,0.0,0.0,0.0,0.09102289947802197,12.132491281314715,12.146610147427392,0.100652728115017,1.3882621910671374e-10,0.10516640773032297,12.133038532421107,12.14386490775345,0.0,0.0,0.0,0.0,25.81524976533177,25.927347089024185,0.0,0.0,0.0,0.0,1184.6047652929103,1184.6047653048909,1184.6047652845218,0.0,1184.6047652888178,0.0,1184.604765284661,0.0,1184.6047652928435,1066.516810315561,0.0,1066.516810316445,1108.903778190475,102.51731765328209,1066.516810320661,0.0,1085.2802150436721,1085.2802150433658,1085.2802150831035,0.0,1085.280215044926,0.0,1203.386888101953,285.65334879593576,1085.2802150639661,1125.306542821804,0.0,1125.3065428214106,1125.3065428211678,0.0,1125.3065428428226,1125.306542879833,1091.0308946514122,2.4942705855457644e-06,1091.030894630969,0.0,1133.4178523234086,102.51729302417134,1091.0308946317075,1119.7428569505626,0.0,1119.742856954717,1237.8476413043381,285.64878077363414,1162.129824687517,102.51731732829853,1119.7428569843862,0.0,1174.9973662813545,26.07298384613559
38,12.23977165987385,0.0,0.0,0.0,0.0,0.0,0.0,25.449137781733544,25.571511078381413,0.0,0.0,0.0,0.0,0.0,0.0,0.0,0.0,0.0,0.0,0.0,0.0,0.0,0.0,0.0,0.0,0.0,79.96681950221887,0.0,0.0,0.0,0.0,0.0,0.0,51.70287144104643,0.0,0.0,0.0,0.0,0.0,0.0,0.0,0.0,0.0,0.0,0.0,0.0,0.0,0.0,0.0,0.0,0.0,0.0,0.0,0.0,0.0,0.0,0.0,0.0,0.0,0.0,0.0,0.0,1.4241125340910093e-10,12.331001079194566,12.34511994531077,2.2932022414906592e-11,1.4350028999339333e-10,9.567143608022775,48.9784256139701,85.1535272512546,0.0,0.0,0.0,0.0,79.99748532977978,80.09792300270882,0.0,0.0,0.0,0.0,1105.5237862960923,1105.5237863097634,1105.5237862864506,0.0,1105.523786290837,0.0,1105.5237862865524,0.0,1105.5237862935635,989.0465113919934,0.0,989.0465113929669,1031.4334792665218,102.51731765321209,989.0465114011063,0.0,1019.012444222615,1019.0124442222798,1019.0124443229464,0.0,1019.0124442244103,0.0,1137.1191172805245,285.6533487960516,1019.0124442478666,1076.9379619173455,0.0,1076.9379619168812,1076.9379619167264,0.0,1076.9379619434937,1076.9379619742097,995.4731587400022,2.3728088657699058e-06,995.4731587164895,0.0,995.4731606191102,4.6024968292565305e-06,995.4731587174987,1042.9773730389588,0.0,1042.9773730431393,1161.082157392675,285.6487807769765,1085.3643406494398,102.51731702589618,1042.977373077054,0.0,1202.9694969372108,102.51731762634645
39,407.67053508273926,146.33559296993252,146.33559420068335,0.0,0.0,0.0,146.33559296864982,420.8938886680386,421.002274501415,146.3355930422705,0.0,146.33559297296966,0.0,146.33559297342916,0.0,146.3355929773606,0.0,0.0,0.0,146.33559298282438,0.0,146.33559296723269,0.0,146.33559296789096,0.0,146.33559296759384,395.0705350831184,0.0,146.33559296825493,146.33559296995338,0.0,0.0,0.0,367.0757924624336,0.0,146.3355929694315,0.0,146.33559296869961,0.0,146.33559296856626,0.0,0.0,0.0,146.33559296717252,0.0,146.33559297192724,146.33559299869435,146.3355930003959,0.0,146.33559296827477,0.0,0.0,0.0,146.3355929672982,0.0,146.33559302069222,0.0,146.33559297526725,0.0,146.33559296989512,0.0,146.33559297044857,395.16155798222815,407.76176450145044,407.7758833675168,2.716486763211042e-11,2.6287035677568915e-10,0.20581913578832547,407.7623117530135,407.77313812785343,0.0,146.3355929734385,0.0,0.0,370.36203042756347,395.8933386156327,0.0,146.33559297200333,0.0,146.33559310797807,602.4372447122698,602.4372447221804,602.4372447079146,0.0,602.437244709962,0.0,602.43724470807,0.0,602.4372447113753,542.1336305825423,0.0,542.1336305832392,542.1336305827336,0.0,542.1336305845789,0.0,539.4968884567311,539.4968884565068,539.4968884575667,0.0,539.4968884569354,0.0,657.6035615152687,285.65334879582434,539.4968884690766,563.209473130494,0.0,563.2094731303663,563.209473130186,0.0,563.2094731437405,563.2094731625003,545.18089566405,1.2830648018913012e-06,545.180895649818,0.0,545.1808957103008,0.0,545.1808956503718,563.9439870910592,0.0,563.9439870927496,671.2538177172027,259.5400554745454,563.9439870950994,0.0,563.9439871113877,0.0,593.735094002367,0.0
40,6.071443777702554e-10,462.2479428713793,462.24794467090277,127.0762380046527,0.0,47.78091119189961,462.24794286910753,736.7970590193987,736.9146244026896,462.2479429682231,49.94894402050752,462.24794287418035,73.20465702293163,462.2479428740041,97.04212298501355,462.2479428779118,133.0825807733465,0.0,91.03836928625778,462.24794287912454,83.5722766070554,462.24794286836794,100.14069614148494,462.2479428689604,96.42614686782028,462.2479428686863,2.0460026521440577e-10,118.42132630134772,462.2479428692828,462.2479428713836,132.5176208598043,0.0,196.95357264981695,682.9881423636706,74.17192599707856,462.2479428707751,91.64249905640781,462.2479428697917,75.61390634420833,462.24794286988026,125.84200968060163,0.0,38.967796477415376,462.2479428683336,46.68689719705614,462.247942875212,462.24794290505713,462.2479429063371,118.4213263013463,462.2479428692812,147.9198328044779,0.0,103.20440029080864,462.2479428684544,135.74047009009774,462.24794291033476,110.31441147358102,462.24794287618585,112.08141657935465,462.247942870927,106.04884151070564,462.2479428716096,3.293365260485715e-10,0.09122941981913965,0.10534828592936202,1.5344990193314352e-11,4.806408546369015e-10,99263.52228142215,0.09177667061547089,0.10260304555567289,73.20465702294678,462.2479428740191,102.33715562691046,0.0,676.3589154246013,711.8056885166988,115.82431176393169,462.2479428727811,136.5855375628006,462.2479430310603,157.59424104001008,157.59424105222234,157.5942410359062,0.0,157.59424103779736,0.0,157.5942410360432,0.0,157.59424103925733,157.59424103346822,0.0,157.5942410341759,157.594241033687,0.0,157.59424103557592,0.0,157.64324073573476,157.64324073547314,157.6432407373815,0.0,157.64324073583262,0.0,275.74991379419816,285.65334879586806,157.6432407502148,157.66394652223275,0.0,157.66394652211488,157.6639465219524,0.0,157.6639465377435,157.66394656490627,157.6501516553428,1.8748111374032422e-06,157.6501516390533,0.0,157.65015170897792,0.0,157.6501516396657,157.59424103249722,0.0,157.59424103417757,264.9040716588494,259.5400554744449,157.59424103469902,0.0,157.59424104810884,0.0,157.5942410300499,0.0
41,2.8560666637744943e-10,146.33959497191105,146.33959668513836,0.0,0.0,0.0,227.22442210551552,420.89103734827256,421.00627649550853,146.3395950759178,0.0,227.22442211092138,0.0,147.37690001621863,0.0,147.37690001790116,0.0,0.0,0.0,228.26172709067114,0.0,228.26172713715255,0.0,147.37690003711523,0.0,147.3769000143589,0.29878403503456197,0.0,146.72940190208746,146.72940190634637,0.0,0.0,0.0,367.4696013901192,0.0,146.7294019060663,0.0,227.61422904052162,0.0,146.72940190772684,0.0,0.0,0.0,226.98913563656112,0.0,146.104311094448,146.10430861692754,146.82626537795147,0.0,146.82626530642418,0.0,0.0,0.0,146.8262653089164,0.0,146.82626555102908,0.0,146.82626531924643,0.0,146.82626531574726,0.0,146.82626533534363,4.222763266155842e-10,0.0912294192700919,0.10534828517314464,1.5344990193314352e-11,3.9651554369243724e-10,99569.83380953786,9.688596462357319,0.6328485486730306,0.0,147.22973624383323,0.0,0.0,383.258375323446,404.2025086961181,0.0,147.22973623830913,0.0,228.11455819066302,599.888937442773,599.8889374665561,634.669413104051,84.12022022859588,599.8889374396739,0.0,599.8889374412497,0.0,599.8889374413133,537.9976073311881,0.0,537.9976073351969,572.7780830007146,84.12022023168176,572.7780830027938,84.12022023671031,538.3236698834545,538.3236698833338,538.3236709973418,2.7061913125897618e-06,538.3236698940586,0.0,656.4303429386015,285.6533487966795,538.3236699320081,561.1622575833205,0.0,561.1622575735354,595.9427332369123,84.12022022998893,561.1622576184701,561.1622576146394,542.5750730882683,1.7938959341691709e-06,542.5750730585833,0.0,577.3555465008982,84.12021484752897,542.5750730599366,560.7481559056789,0.0,560.7481559064023,671.2464480601616,267.25168337320116,595.5286315476935,84.12022018025547,560.7481560046092,0.0,624.3267502879454,84.1202202310873
42,2.046002929134684e-10,493.0718208576312,493.071822352339,0.0,0.0,131.66310542452277,493.07182085493,767.6328724337036,767.7385023886385,493.07182094039416,128.7326038704758,493.0718208627298,86.60774630268091,493.07182086122344,79.50099058036949,493.0718208645138,0.0,0.0,90.17464273319652,493.0718208724313,71.2457635361341,493.0718208542314,73.05832182029732,493.0718208549974,62.987575581522314,493.0718208546577,2.0460027175912495e-10,91.20209965741496,493.07182085537204,493.0718208575438,0.0,0.0,227.77745063563637,713.8120203495033,107.18914073492539,493.07182085708325,106.11644795323004,493.0718208555742,101.71180069343042,493.07182085630075,0.0,0.0,75.5244380543876,493.07182085431975,128.05617483928535,493.0718208606266,493.0718208981447,493.07182090028704,91.20209965741212,493.07182085536925,0.0,0.0,94.86934293997518,493.0718208543498,118.7323971051011,493.0718209064831,97.37952669782719,493.07182086245297,95.0582650796359,493.07182085757324,92.54470907648674,493.0718208585101,8.515377590598882e-11,1.3064754083129745e-10,0.013571641984634121,1.5344990193314352e-11,4.1881996003545775e-10,95232.68201482364,2.7029951609777145e-08,0.01082640135253629,86.60774630270868,493.07182086125124,0.0,0.0,724.5334689408212,750.0445933240771,89.13802523696573,493.0718208595461,128.9235781562519,493.07182105995656,161.5554754703842,161.5554754857246,161.55547546596276,0.0,161.55547546823615,0.0,161.55547546614602,0.0,161.55547546945598,161.2990549234982,0.0,161.2990549244459,161.2990549235851,0.0,161.2990549266245,0.0,160.40176082518235,160.4017608249843,160.40176082645306,0.0,160.401760825599,0.0,278.5084338835155,285.65334879590756,160.40176084258576,161.38858040665414,0.0,161.38858040650805,161.3885804062646,0.0,161.38858042510927,161.3885804432939,161.34400280068,1.5581574622035903e-06,161.34400278092693,0.0,161.34400286936807,0.0,161.34400278176471,161.40552925474097,0.0,161.40552925615586,271.9038214137559,267.25168336893046,161.40552925956035,0.0,161.40552927416056,0.0,170.84850856357252,0.0
43,2.0460032811047993e-10,462.35916172751325,462.3591635973916,0.0,0.0,117.62668078294779,462.3591617247086,736.9256048481261,737.0258432584114,462.3591618386845,117.69478441520654,462.35916173223615,104.47949863235085,462.3591617310132,102.69175950680271,462.3591617358741,0.0,0.0,98.52886611951061,462.35916174194097,89.07003002652411,462.3591617242327,97.42639700265643,462.3591617250594,72.80220348806598,462.3591617246579,2.0460026529729589e-10,101.40387488638156,462.35916172516164,462.3591617275139,0.0,0.0,197.06479150547221,683.0993612193274,109.98099877705204,462.3591617267929,127.1434595086485,462.3591617253956,116.77787760996021,462.35916172605675,0.0,0.0,112.53091359836637,462.35916172407275,114.39544209419309,462.35916173535475,462.3591617720467,462.3591617703409,101.40387488640168,462.3591617251819,0.0,0.0,103.58981919544657,462.35916172420656,123.89175421707921,462.35916177255126,113.37769892637044,462.35916173450516,100.90766417580441,462.35916172739235,123.36722904227693,462.35916172880735,4.975231767129094e-10,0.0002065207715763313,0.014325386899535495,1.5344990193314352e-11,4.546412635526417e-10,99263.4110625664,0.0007537717526848931,0.011580146541213844,104.4794986323579,462.35916173102027,0.0,0.0,695.815405140123,719.3319341919976,86.17570496509103,462.3591617296595,127.88295506245514,462.35916216225553,157.5942410351909,157.59424105002185,157.59424103018512,0.0,157.59424103251555,0.0,157.59424103036787,0.0,157.59424103461248,157.5947694831822,0.0,157.59476948413263,157.59476948328276,0.0,157.5947694862244,0.0,157.59424103191768,157.59424103160765,157.5942410352723,0.0,157.59424103246522,0.0,275.70091409020387,285.6533487959336,157.59424105104986,157.5942410298452,0.0,157.59424102967247,157.59424102942288,0.0,157.5942410500517,157.5942410787231,157.5942410496437,1.9484745788283355e-06,157.5942410298059,0.0,157.59424121815377,0.0,157.5942410306102,157.5942410330494,0.0,157.59424103513953,268.0925331912696,267.25168336680997,157.5942410377483,0.0,157.59424105092094,0.0,157.64206513757728,0.0
44,2.0460021756029245e-10,743.8797095994125,743.8797106096308,0.0,0.0,413.9634588295356,743.8797095971357,1018.4514555822554,1018.5463911311778,743.8797096574051,418.25014234274676,743.8797096021628,436.76359957086606,743.8797096023021,440.2256039030944,743.8797096043608,0.0,0.0,432.4435993942233,743.8797096026734,423.9810191669347,743.8797095969876,420.86075224517657,743.8797095975495,411.40851524405014,743.8797095973622,2.046002007014913e-10,442.6397978835567,743.8797095977883,743.8797095994192,23.698273957165036,0.0,478.5853393784093,964.6199090922802,407.5347248478856,743.87970959898,414.82670576085945,743.8797095982835,409.0086201343133,743.8797095984199,0.0,0.0,416.0123002911094,743.8797095969061,413.26931028650034,743.8797095996035,743.8797096248898,743.8797096286784,442.63979788356244,743.8797095977941,10.693752629994913,0.0,430.5867782566405,743.8797095970302,443.8162310527359,743.8797096383784,436.406054351974,743.8797096027388,442.1824850756486,743.879709599337,435.6837397026567,743.8797095998505,8.514914953638925e-11,1.3059653104350116e-10,7.021771961479048e-10,1.5344990193314352e-11,0.004098630197023653,94981.87412608384,1.7537290198203857e-10,2.0461063249049554e-10,436.76359957086953,743.8797096023059,0.0,0.0,963.8177355137343,993.4374552361816,425.93114347969225,743.8797096007819,448.78123266636425,743.8797096933777,215.6408583591045,215.6408583695662,215.6408583559341,0.0,215.64085835756416,0.0,215.64085835609524,0.0,215.64085835841212,209.10167696138112,0.0,209.10167696204456,209.10167696159408,0.0,209.10167696326502,0.0,199.7751303525362,199.77513035234725,199.77513035261055,0.0,199.77513035271912,0.0,317.88180341119516,285.65334879576216,199.77513036348353,214.03570679909353,0.0,214.03570679901304,214.0357067988194,0.0,214.0357068108524,214.0357068248417,208.9160194738277,1.0533549324806649e-06,208.91601946021905,0.0,208.91601950164193,0.0,208.91601946081926,209.84027563218146,0.0,209.84027563306657,317.1501062547478,259.54005546493744,209.84027563234093,0.0,209.8402756476991,0.0,278.695900722721,0.0
45,2.0460023134928739e-10,743.8797095988416,743.879711024207,20.275146830780294,0.0,426.23856371917566,743.8797095963837,1018.4552730674758,1018.5463911303918,743.8797096804651,428.27035148549413,743.8797096014811,450.9742656467445,743.8797096019724,446.67370609122446,743.8797096055574,25.2130691524536,0.0,458.06069472498086,743.8797096056371,439.6416983020858,743.8797095962058,431.3515331170085,743.8797095968381,430.7196332417665,743.8797095965824,2.0460020752356083e-10,443.2758508520115,743.8797095970272,743.8797095988591,43.788207898620165,0.0,478.5853393775868,964.6199090914482,419.7399699928494,743.8797095983103,430.7922576016382,743.8797095974805,421.67196801964343,743.8797095976907,0.0,0.0,416.4847419435339,743.8797095960849,428.65341665150754,743.8797096006678,743.8797096298879,743.8797096350951,443.27585085201827,743.8797095970336,21.82775426128981,0.0,436.6898892173906,743.8797095962323,465.06966500163827,743.8797096400722,441.75087511049566,743.8797096039559,445.05210865085843,743.8797095987796,435.42938556927766,743.8797095995758,8.514915798333268e-11,1.3059652310420179e-10,2.224107637608258e-10,1.534499019331518e-11,0.10246461813418939,98981.89051469433,1.7537291006802684e-10,2.0461111375989898e-10,450.97426564674936,743.8797096019773,38.81729118608903,0.0,965.7286588578922,993.437455235696,443.3492896528541,743.8797096007136,465.22609460413,743.8797097902072,215.72792020103694,215.7279202137435,215.72792019701583,0.0,215.7279201989521,0.0,215.72792019717775,0.0,215.72792020035374,208.99847109514982,0.0,208.99847109590056,208.9984710953449,0.0,208.99847109707258,0.0,199.41180203965155,199.41180203941556,199.41180204042752,0.0,199.41180203995694,0.0,317.5184750982181,285.6533487958114,199.4118020529922,214.03446081274583,0.0,214.03446081263596,214.0344608124284,0.0,214.03446082696362,214.03446084872115,208.91547678820953,1.4853807084533173e-06,208.91547677149865,0.0,208.9154768549004,0.0,208.91547677212859,209.93329502617308,0.0,209.93329502771456,317.24312564867193,259.5400554652847,209.93329502774884,0.0,209.9332950425613,0.0,278.69590072239765,0.0
46,368.6705350825158,146.3355929713422,146.33559406203085,0.0,0.0,0.0,146.3355929697755,420.9140510713483,421.00227450178363,146.33559304022015,0.0,146.33559298540027,0.0,146.33559297892867,0.0,146.33559297963401,0.0,0.0,0.0,146.33559299590053,0.0,146.33559296782843,0.0,146.33559296888637,0.0,146.33559296849597,2.0460026626818093e-10,0.0,146.33559296926433,146.33559297136563,0.0,0.0,0.0,367.07579246269415,0.0,146.33559297080035,0.0,146.33559296897403,0.0,146.33559297025985,0.0,0.0,0.0,146.33559296753322,0.0,146.3355929724031,146.33559301109815,146.33559301624416,0.0,146.33559296926495,0.0,0.0,0.0,146.3355929677982,0.0,146.3355930709155,0.0,146.33559297697738,0.0,146.33559297203476,0.0,146.33559297342546,3.2929557024644317e-10,368.7617645018546,368.7758833679608,1.5344990193314352e-11,5.434391298349948e-10,99579.43463132314,368.7623117526312,368.77313812765334,0.0,146.33559297893996,0.0,0.0,385.19668781540537,403.3083654344883,0.0,146.33559297496834,0.0,146.33559327387601,603.0795034227963,603.0795034385325,603.0795034177198,0.0,603.0795034207852,0.0,603.0795034180071,0.0,603.0795034216479,543.3295785448291,0.0,543.3295785460201,543.3295785447042,0.0,543.3295785517777,0.0,536.9535222221767,536.9535222219334,536.9535222226289,0.0,536.9535222230618,0.0,655.0601952802664,285.65334879593917,536.9535222392676,563.9271885729479,0.0,563.92718857278,563.9271885723664,0.0,563.9271885910995,563.9271886036255,543.5579262370497,1.1385978625434789e-06,543.5579262162182,0.0,543.5579263478329,0.0,543.5579262172769,564.1387466493014,0.0,564.1387466496047,674.6370388051873,267.2516833659305,564.1387466565996,0.0,564.1387466888497,0.0,593.3659671741995,0.0
47,2.0460018770714562e-10,181.59464070235282,181.5946418402995,0.0,0.0,0.0,181.59464070054972,456.17751765606596,456.261322234555,181.5946407668627,0.0,181.59464070486973,0.0,171.08140703680166,0.0,171.0814070400198,0.0,0.0,0.0,171.08140703958412,0.0,171.08140703159623,0.0,171.08140703219502,0.0,171.0814070319599,2.3125590295722858,0.0,184.0125480172047,184.01254801824115,0.0,0.0,0.0,404.75274751157076,0.0,184.01254801780777,0.0,184.0125480176651,0.0,184.01254801748004,0.0,0.0,0.0,180.70200006703703,0.0,180.70200007007608,180.70200009219045,177.53040510340787,0.0,177.53040507424868,0.0,0.0,0.0,177.53040507340086,0.0,177.53040511749313,0.0,177.5304050806482,0.0,177.53040507559916,0.0,177.5304050761505,8.514911265710413e-11,1.3059650788292708e-10,1.7059522020422264e-10,1.5344990193314352e-11,1.333739749458547e-09,95529.2877915907,14.857831771401445,32.66299009527015,0.0,169.84646869023365,0.0,0.0,391.7132445931903,419.40421432313997,0.0,169.8464686891862,0.0,169.8464688064796,565.3500547286261,565.3500547379307,565.3500547250039,0.0,565.3500547267919,0.0,565.3500547251605,0.0,565.350054728144,496.7218050623545,0.0,496.7218050629352,496.72180506255245,0.0,496.7218050638824,0.0,490.53971043107543,490.5397104308891,490.5397104315119,0.0,490.5397104314477,0.0,608.6463834899223,285.6533487956955,490.53971044102093,519.7041795254106,0.0,519.7041795253095,519.7041795251164,0.0,519.7041795359322,519.7041795537262,499.9415560825399,1.1856713036726125e-06,499.94155606963693,0.0,499.9415561218373,0.0,499.94155607012,528.0741055094225,0.0,528.0741055108061,635.3839361315721,259.54005546382496,528.074105510619,0.0,528.0741055261675,0.0,542.394000854607,0.0
48,2.8015068024394243e-10,227.2552220243512,227.25522329065294,0.0,0.0,0.0,227.25522202379204,501.844583474106,501.9219035550044,227.25522210335538,0.0,227.25522204853047,0.0,211.78278206079273,0.0,211.7827820614432,0.0,49.03778300543684,0.0,211.78278210945305,0.0,211.78278204800222,0.0,211.78278204900877,0.0,211.78278204867044,2.0459987498255503e-10,0.0,221.2446284298268,221.24462843159165,0.0,19.049754592972395,0.0,441.98482792313763,0.0,221.24462843102955,0.0,221.24462842957522,0.0,221.24462843109893,0.0,0.0,0.0,230.88051728300943,0.0,230.8805172892811,230.88051732936054,219.7845876434555,0.0,219.78458758747487,0.0,23.677154418065136,0.0,219.78458758595843,0.0,219.78458771492578,0.0,219.78458759617453,0.0,219.78458759071498,0.0,219.78458759150277,3.6931991174778707e-10,0.09122941905476444,0.1053482851334389,1.534499019331518e-11,1.1434938764601299e-09,99452.40518598862,46.201592951179535,2.0459987376383344e-10,0.0,213.48603245808798,0.0,43.63956375966892,452.6409601738191,470.4588049119664,0.0,213.48603245372632,0.0,213.48603280385154,502.15204245646447,502.152042475338,502.1520424506848,0.0,502.1520424543092,0.0,502.15204245097215,0.0,502.15204245500723,441.2455073451217,0.0,441.24550734651496,441.24550734501366,0.0,441.24550735627776,0.0,432.185120855194,432.18512085495234,432.1851208563643,0.0,432.18512085616715,0.0,550.2917939133748,285.6533487959408,432.1851208735986,454.8314321220977,0.0,454.8314321219523,454.83143212147877,0.0,454.8314321414097,454.8314321569771,446.03313187020007,1.321016701679135e-06,446.0331318454764,0.0,446.0331319997253,0.0,446.03313184667553,467.858458732065,0.0,467.8584587323447,578.3567508872327,267.25168336615565,467.85845875298884,0.0,467.85845878195056,0.0,476.7832135589592,0.0
49,2.5412898591923026e-10,227.25522202195938,227.2552229080324,0.0,0.0,0.0,227.2552220203227,501.8431734670798,501.9219035543016,227.25522207217332,0.0,227.25522202380714,0.0,162.74499903632264,0.0,162.74499903834695,0.0,0.0,0.0,162.74499903787785,0.0,162.7449990316646,0.0,162.74499903216844,0.0,162.7449990320815,2.0459987079752405e-10,0.0,202.19487383859126,202.1948738394896,0.0,0.0,0.0,422.93507333299715,0.0,202.19487383914046,0.0,202.19487383918892,0.0,202.19487383879502,0.0,0.0,0.0,242.37039494487868,0.0,242.37039494699692,242.3703949657747,196.1074331964626,0.0,196.10743317147288,0.0,0.0,0.0,196.10743317062344,0.0,196.10743320879962,0.0,196.10743317611272,0.0,196.1074331725233,0.0,196.10743317304681,7.042945803026017e-10,0.0912294186846066,0.10534828479240449,1.534499019331518e-11,1.0564464487910992e-09,99306.26642768139,192.34035125844048,2.0459987036577548e-10,0.0,169.84646868978274,0.0,0.0,394.9243625154986,419.4042143232919,0.0,169.8464686885673,0.0,169.8464687728384,561.1811408799605,561.1811408882213,561.1811408770868,0.0,561.1811408785671,0.0,561.1811408772662,0.0,561.181140879471,461.27063365770124,0.0,461.2706336581528,461.27063365795823,0.0,461.27063365888205,0.0,438.54567108024503,438.54567108009496,438.5456710803509,0.0,438.5456710805356,0.0,556.6523441391522,285.65334879566325,438.5456710884256,460.727329661547,0.0,460.7273296615097,460.72732966130053,0.0,460.72732967028577,460.7273296836974,480.6514736886391,0.0,480.6514736775283,0.0,480.65147371522175,0.0,480.6514736779813,522.9516761312501,0.0,522.9516761321204,630.2615067536591,259.54005546384707,522.9516761319188,0.0,522.9516761456863,0.0,476.6780801163259,0.0
