,0 AC,1 AC,2 AC,3 AC,4 AC,43761 AC,43762 AC,43763 AC,43764 AC,43765 AC,43766 AC,43767 AC,43768 AC,43769 AC,43770 AC,43771 AC,43772 AC,43773 AC,43774 AC,48623 CH4,48624 CH4,48625 CH4,48626 CH4,48627 CH4,48628 CH4,48629 CH4,48630 CH4,48631 CH4,48632 CH4,48633 CH4,48634 CH4,49738 central_heat,49887 central_heat,5 AC,50660 central_heat,50907 central_heat,51511 central_heat,51723 central_heat,52023 rural_heat,52025 rural_heat,52027 rural_heat,52028 rural_heat,52030 rural_heat,52038 rural_heat,69893 land transport EV,69895 land transport EV,69898 land transport EV,69900 land transport EV,69906 land transport EV,69909 land transport EV,81398 CH4_for_industry,81398 rural_gas_boiler,81399 CH4_for_industry,81399 rural_gas_boiler,81400 CH4_for_industry,81400 rural_gas_boiler,81401 CH4_for_industry,81401 rural_gas_boiler,81402 CH4_for_industry,81402 rural_gas_boiler,81403 CH4_for_industry,81403 rural_gas_boiler,81404 CH4_for_industry,81404 rural_gas_boiler,81418 H2_for_industry,81418 H2_hgv_load,81419 H2_for_industry,81419 H2_hgv_load,81420 H2_for_industry,81420 H2_hgv_load,81421 H2_for_industry,81421 H2_hgv_load,81422 H2_for_industry,81422 H2_hgv_load,81423 H2_for_industry,81423 H2_hgv_load,81424 H2_for_industry,81424 H2_hgv_load,81425 central_heat,81426 central_heat,81427 central_heat,81430 central_heat,81431 central_heat,81432 central_heat,81433 central_heat,81434 central_heat,81435 central_heat,81436 central_heat,81437 central_heat,81439 central_heat,81440 central_heat,81441 central_heat,81442 central_heat,81444 central_heat,81445 central_heat,81446 central_heat,81447 central_heat,81448 central_heat,81449 central_heat,81452 central_heat
0,4233.041746949191,8752.859775238056,3083.5379990923866,9901.83748797855,2841.5726083296768,11764.125029266226,11888.885503890073,7289.034139215115,9465.530267418686,4168.553857473203,2702.2380368897866,69896.0,1728.6211226993307,47843.55607971482,1081.8212594447177,14346.55170165217,18771.669322396054,13509.760103310902,18023.411212603933,0.9706969895993292,2.085586873218721,0.2936574133891937,1.4445740898659323,0.40401140274444886,6.399054246083758,4.762978651282521,0.11818283369042204,3.473221362261058,0.3043044869307772,3.228605604171729,0.23925199029467273,24.363187398275414,23.057105991290058,4530.640526025733,5.302160042887226,157.757028261141,47.8065848927187,0.19291838124685376,816.28038405542,602.24342469937,457.810610939811,366.82098763727,413.485991064,959.895291332,9.673226968152449,15.95117624028353,19.029829251230694,28.975506438931916,12.427888558217091,30.799959666503128,3964.1103101904,12677.241619704082,1836.6106354009999,4716.983117556122,2568.9459106457,5801.698379288061,5741.729155885,13958.03245248796,1659.6967545717,4453.28478242261,1428.714955941,8185.63640152449,866.3623885984999,2804.78004475,383.0106281873,1065.5019071175284,177.9494552097,123.95026563698929,278.531855492,300.89394762517674,595.9653440101,771.2181537381738,127.3933594402,293.38607757652835,83.6584030525,401.0210954140298,69.8468110422,63.601302484286045,1142.244522688531,55.46670861870231,1271.9701385245348,41.025697555789776,224.95767097934285,697.384986958329,250.3297018978124,3.642561770603724,1810.7814220038504,29.689157444379756,3.77890163936699,57.69604301932329,58.106862413663016,106.8964696604142,1684.0756209443682,54.30363910784408,85.27640185066265,769.4373056538315,360.03260495586454,12.433503601005084,2.877779743056066,35.691256502732735
1,6687.661737359886,13370.791361229649,5251.737604871675,13988.398851927166,4532.223511451377,10875.11705176608,11464.468812699679,7128.180746341936,7974.459957905376,4023.806245976147,2367.2668035095576,69070.0,1445.2796412938117,38393.7937269906,1002.6854015682071,14291.908185126744,20020.536061509567,20393.223345553975,19632.351176723394,1.6074337901786084,3.623993915864248,0.48059690920742537,2.5178158924159884,0.693825452039935,11.599252205575516,7.527629213234558,0.20659194563708502,6.0908335378421175,0.5153254683115752,5.7663702843695885,0.41066540872707047,52.231747248311585,34.57454697938938,7349.732744743126,8.98065822744207,301.2894665031007,108.30461012505849,0.21372868636031336,1701.81023963414,1251.92366276953,946.18224332207,720.2241105221,801.660085884,1995.319599306,775.5527073778212,1118.173141872161,1391.8923691330128,2289.791395804088,819.4190057834494,1972.3068475120235,4351.6221341264,26523.450584612245,1949.9520858284,9438.816325431633,2742.8360477361,12477.06735969898,6063.5271993799,29319.971246758163,1774.7727349423,8665.872145566153,1745.1799763781,17181.261064784696,894.0853811454,5938.681216276326,400.448817195,1065.5019071175284,182.4694159382,123.95026563698929,286.5185011106,300.89394762517674,611.7321824294,771.2181537381738,131.55462138730002,293.38607757652835,98.2017328483,401.0210954140298,71.8374762782,63.601302484286045,2214.137947858495,85.61136920620956,2445.5518128497374,73.7593488272053,430.76598154612935,1376.2486233201137,558.8017200014442,7.416748786780987,3850.100828688134,40.8726937967032,5.173500817757121,137.67107382441492,116.38510298639589,152.03094879869928,3690.472514368526,103.28958537416126,196.76414567189775,1570.4077782375934,709.7656654884818,22.114541011442256,3.647928083415616,81.47736507205877
2,9732.462354108759,19029.874046001933,7965.592079607638,19069.19271950122,6520.788767355305,11878.228351286554,11273.879958162426,7482.293057424244,8784.442345527725,4135.846400161532,2632.378388678536,67568.0,1587.417107418155,39947.327519744176,1057.37664832503,15265.11440063638,20211.338053650536,20990.468266211366,20389.8077145823,1.6430168056010093,3.7099653274028683,0.49104372327048007,2.5777922901636305,0.7100212456179532,11.889856932715194,7.984077016640661,0.21153254713996172,6.2371145982878575,0.5271180375930928,5.908189195529982,0.4202445728434486,44.82622357529944,30.92693912271799,10855.635201845962,8.065368422771927,281.42760857696567,94.19114858493123,0.20846815915004668,1463.85491558244,1086.2284406246,817.36330598309,632.64120934283,717.192213813,1717.799897295,352.8533154251054,518.0468718500342,623.7946901884861,1014.2405145640951,384.43475650809705,936.0963665713789,4483.1252972549,22813.309870714285,1987.1123571265,8300.674880618368,2812.5552724725003,10711.694968965714,6150.8737649368,25183.987018510714,1858.114013233,7758.102953882255,1924.7206624596,14871.21540042653,937.2037388571999,5122.844794179694,399.7782444475,1065.5019071175284,180.8792621794,123.95026563698929,283.5423694676,300.89394762517674,602.2016035368,771.2181537381738,132.4377726181,293.38607757652835,104.6780041097,401.0210954140298,72.2393337934,63.601302484286045,1947.1592537584297,78.33549491297008,2132.2321653530585,65.02056163142666,377.4504646197451,1243.1293406857321,484.64838908870826,6.3319815596643165,3324.873536638662,37.17946822225448,4.824616215717526,116.83444832981958,104.38382551769936,137.35877017028696,3208.9344960336766,90.62238955439436,167.44588212405577,1368.1167835969338,623.6600230686344,19.45827793723396,3.311375008735967,72.35597957468013
3,4224.136667963043,8743.437937677592,3080.7466808511713,9901.156723987044,2852.824422043878,13259.750568321937,9874.622385764964,6681.807835552359,10773.739016139116,3901.8615982940128,2148.949622885798,74097.0,1266.325689090187,29544.085482531595,937.7433732444329,13731.716087898603,23035.216291446108,20173.776151043363,23001.13348661067,1.8583157829976031,4.589621071866201,0.5765831929823457,2.923341788917517,1.0444648942975436,14.059964402665587,10.958550984358947,0.24541403821347813,7.953279709892263,0.6659080497878783,7.307463330669683,0.4805108714701629,57.622355134488785,37.425930852367074,4508.556389786267,10.317215988910588,331.13936375710324,127.61491166444917,0.26117637163557156,2016.19081443941,1380.4396040525,1120.47334796835,852.62906261764,903.322421184,2248.984595866,66.92599949007854,90.60113636631286,115.67830125545152,205.5168884159648,63.13573948093108,175.2868159947684,5353.5767126009,29821.31215322449,2226.3550205936,11103.036733888775,3397.192307467,14561.694457814796,7334.3327218822005,34637.75833416429,2302.7317971579,9837.687619822225,2610.7076022119,18973.32462102041,1183.0582995723,7111.470807720817,435.4693424669,1065.5019071175284,189.1849622904,123.95026563698929,309.6709912173,300.89394762517674,644.3385257194999,771.2181537381738,142.8906690195,293.38607757652835,126.6440378828,401.0210954140298,79.4202588895,63.601302484286045,2446.625180065909,97.95525253717017,2756.288873266875,81.56737364151385,489.85571923995155,1554.588191714453,634.0318449016314,7.5757351457681485,4606.410357476302,45.87074818231537,5.779497644559682,161.32902304254412,133.47463593125704,169.53166583608703,4326.545753203669,116.34896584877754,227.07772216637824,1882.1480023467,834.9927787047145,25.365425035088652,3.9426335099541876,97.00747062516106
4,6737.177808724678,13555.38104150693,5221.133110909909,14102.003527349842,4509.006109229384,15299.618767604768,11575.780522496287,7829.972873769869,11171.297965567443,4363.0445619254715,2749.419777750745,80638.0,1882.1178197455893,42827.07753386801,1034.8391373009565,18369.090107364296,23177.09804128605,24237.22363829639,26076.748829734905,1.7037737949037932,4.18177848646282,0.5290708468520758,2.664518449276179,0.9514600031176592,12.758358212381982,9.313731308945751,0.22357407343311103,7.238299851837526,0.6082271852196351,6.639650176065216,0.43868614375642695,54.95576424492522,34.70281301607789,7466.519254800807,9.508617037326509,323.09841204661564,121.57015542496956,0.2269358215066655,1916.96665724412,1318.4482998095,1061.1270035705961,808.3319048519,863.067303025,2140.468836268,631.5150418579578,929.0792863847746,1135.050120293803,1835.9354984107194,689.5590558237454,1656.1017485836637,4968.8808633836,28403.282720561227,2089.0953641861,10549.570499917347,3139.6999968626,13840.8852639,7163.9054811314,32975.50084499551,2158.8308704007,9394.237775757643,2301.223396141,18101.582751387756,1263.0228342842,6756.741616800408,415.5866316977,1065.5019071175284,182.47212264459998,123.95026563698929,296.8795922461,300.89394762517674,625.9843133326,771.2181537381738,135.9710186319,293.38607757652835,112.4541035992,401.0210954140298,76.3693596205,63.601302484286045,2325.94839594092,90.80702896294733,2616.7374962611907,75.43052753745555,462.6567876611479,1495.7675739753115,607.1579381136057,7.469762204296823,4399.204606030269,41.60013505901982,5.236538209362681,155.6658223488398,126.67286150898059,155.4683622882585,4141.8705316170735,110.4185807251897,220.3320856721094,1784.34027268776,789.5044530573592,23.794295283250698,3.5412210819721954,93.3083718150531
5,4460.134887116043,9834.32373185839,3634.681122938226,12345.136588973548,3361.275004397585,14502.087433118266,10371.177053488165,7754.917842707328,9528.82470239255,4156.954759656559,2520.4256906084797,71761.0,1602.9710537003048,47117.65386786833,1020.5302407956567,14215.204033863058,20558.697721662007,18239.02772465244,22652.558448351876,1.1477949747578287,2.4786293535515775,0.36531723760112567,1.6743433989135297,0.5749150329648387,8.172187722375373,6.180391417691251,0.1411833827268184,4.39941929534625,0.4066784691713715,4.137498342793509,0.29954315309455215,30.682650018599503,27.247935974601003,4943.7004341085585,6.310043207273305,172.96962929553217,65.67077267298403,0.23018650127710663,961.914416986808,749.80829629971,604.5570503924951,442.21252704416,479.1038930914,1208.447672418,14.89186102952226,24.53857625409728,28.093394059687853,43.17802927439334,17.606378339551156,43.46743843262084,4693.8216270402,15918.729954836735,2070.6502458524,5604.222208473469,3029.2174151681,7422.726462688265,6598.0652323672,16564.800978272142,2050.9194154642,5081.547215690607,2040.7552549099,10263.01028067245,1075.9067893164001,3823.7377400883674,411.45705016709996,1065.5019071175284,186.24045221219998,123.95026563698929,294.83778886799996,300.89394762517674,619.2055867215,771.2181537381738,138.1968099005,293.38607757652835,104.7620975458,401.0210954140298,76.3593312747,63.601302484286045,1418.613117379746,69.84854732985171,1592.2892028504316,48.833686616868164,277.2404525999336,790.8598552747435,321.629418986247,4.386921853003974,2099.302718330711,34.00578182269056,4.08870592711367,80.63812476360869,65.20379709753311,122.27342024972818,2017.8161318099912,65.91523690312731,98.67007903095177,1058.6955035268659,465.9219855412779,14.437654850378276,3.266074525466449,42.42860315186559
6,13729.658279144482,29393.54974231448,11457.260804141557,27851.050987317296,9593.706693368355,15637.598000124453,11363.053608800325,9190.598171448455,11043.289216861576,4987.432705747677,2967.4411016338486,82849.0,1863.9385207777987,44823.72465644012,1096.4853961142946,17687.649280124067,24260.230428462994,24742.252281649602,26484.950301488156,1.754433588875498,3.920878788816509,0.556649758143788,2.6506136973047054,0.9117743938670986,13.346410005188401,9.668354444241956,0.2243444828845446,7.026599800137797,0.6371104854151384,6.691904122142661,0.4713405759896029,47.86856971959857,38.48668977442993,17039.39098195393,8.914185822766903,276.4347322951168,105.43456435210564,0.2811451394291089,1626.26639604032,1140.0008783731,933.10696273566,722.59338451004,748.136978994,1837.163215192,404.7724349172786,576.2772570311208,720.1260144397384,1196.5248501547612,420.90259627252817,1039.1042904059868,5275.4989916194,24266.16012472449,2201.6919577266,9270.756267070408,3318.2354470763,11753.474894873674,7591.9341938076,27842.587988704083,2303.7745348793,8156.290268158051,2511.0777666738,15610.051309319388,1435.2195302066,5914.809502591531,431.9500196632,1065.5019071175284,188.3890642014,123.95026563698929,308.6099940022,300.89394762517674,645.6743881324,771.2181537381738,141.3509301646,293.38607757652835,121.18958347,401.0210954140298,79.9299150858,63.601302484286045,2123.1608558183675,97.44503854375773,2389.026278553226,71.25238333948028,418.4467787744587,1320.8277990840425,501.40222175104066,6.7751404677105755,3765.615531401181,47.094956632518134,5.749974232874424,128.75968111211392,109.90794040869409,172.13648387567346,3652.0884497219054,97.62903827433178,187.21816004110985,1606.7190347899896,709.2205023046654,22.43198358142301,4.4426038639560375,79.01009800587875
7,7221.135791273866,15228.955045797597,5995.995763945582,17214.0157015473,5266.6508018540435,16363.497338291227,12883.243831172245,8231.022022331941,10178.885064144695,4847.975329440115,3087.515654053601,80968.0,1701.774533615002,49366.168164589915,1093.6506490572594,17052.117709672028,22545.20151385719,22118.401714150365,24479.56292242207,1.2161124162064083,2.641050256301509,0.3868644124185319,1.7842874206031698,0.6128509129587588,8.754889877532692,8.548550783181147,0.1505486843390282,4.695282839364125,0.4326288874455339,4.425166261065439,0.31889035603632354,51.17020708047984,34.118025421232026,8340.749537632302,9.1111590987653,305.3398530682405,114.1061245191923,0.23200446723486629,1702.4393283486,1226.9145515333,1000.36564024166,749.57613620794,803.992502532,1967.727526085,216.32128515536897,330.7060105757555,396.7507737635169,677.5643109861994,236.44011309591588,607.8607099548681,4851.8751104698,26098.72802920408,2076.3826094212,9767.990888438775,3085.1600025424,12755.476419808163,6764.037141964401,29318.70961375102,2081.8209599382003,8748.855726872796,2179.2338657105997,16898.23330337755,1097.3386722455,6376.973806904081,413.8362908582,1065.5019071175284,183.3021863044,123.95026563698929,294.9366888343,300.89394762517674,618.7490094589,771.2181537381738,136.2309907867,293.38607757652835,109.7971948135,401.0210954140298,75.3306286668,63.601302484286045,2195.248359481516,91.4907038686516,2437.728290089025,70.59501356798386,426.4937672167624,1391.629317721861,558.5888834059655,7.063148446877228,3894.20723223872,39.89719171919451,4.9944030985884975,144.3971503068084,117.1808513965958,150.2034102998281,3797.1091946611746,101.2485434640016,196.27829923483634,1698.564138427183,748.9604165815098,21.989789721028302,3.463588495472895,84.62726028549645
8,11407.950614417423,24670.36236918107,9563.377047075634,23992.85017529366,8007.264192432919,16166.749857542622,11073.420773590435,9606.524106479625,11363.370557356,5040.851083156814,2904.0787109570133,87505.0,1685.8468033886445,31523.099708823178,1052.4949962291284,16562.079975988367,25094.77256497398,23721.29514209128,24908.64900318269,2.1873861387848024,4.7348519703488545,0.6086674077444119,3.4297258892325297,0.8544824862371025,15.223972921285787,8.568601404819352,0.26983427132397203,7.949887774882063,0.7295071913136861,8.161865070789684,0.5743071982899647,63.85408986486494,51.150025538634665,14093.815706868247,12.152591122639631,356.048602699586,123.55524580051397,0.3585705460822671,2030.15183658625,1522.8209304601,1127.25468541008,894.86752586608,964.990393073,2431.292716748,697.6740319288801,1001.4830719159218,1236.1054174047895,2072.8787419634173,727.0368286977755,1823.3879838115536,5548.9639239382,32267.060982877552,2316.5724740466,11530.613891826531,3403.900350346,14534.204102663265,7759.4718210150995,34956.37856756796,2429.5264010603,10410.573420380408,2673.3750343687,20879.91469605,1436.0063043138,7010.813600065919,444.217151199,1065.5019071175284,195.4100950129,123.95026563698929,305.4046843475,300.89394762517674,644.5524921621,771.2181537381738,148.7991313528,293.38607757652835,128.6557785865,401.0210954140298,83.2523305908,63.601302484286045,2830.728836444121,126.00057440186437,3160.9485879660797,97.75986916857929,550.3031235231006,1656.9801069353184,676.450031579503,8.720253134331324,4591.694090021413,62.50558919888158,7.504787432336988,152.78214171094078,139.0065450686197,219.8020854660915,4403.920687249944,128.14094662400285,228.00585324054092,1891.4021700216945,865.2389519385111,28.27386242939689,5.788435574725839,95.53072138998768
9,10466.357192541815,21781.16203215704,8798.575813778547,22492.039066736103,7457.91550858618,17286.69717774009,12295.28471208714,9549.552024527171,11497.432375949224,5113.672815526148,3230.3985756672896,87229.0,1985.8355976018615,47119.14023861333,1100.168181671335,17850.597074462283,24058.291970520084,25421.805814990345,25309.74994550182,2.2779990571991986,4.9402277728860655,0.6333008671817248,3.57939428127363,0.8909033637375741,15.912114468644958,8.443522040503337,0.2816089615140436,8.297885730483463,0.7605631271753134,8.52693298910681,0.5990515142989563,59.45983275956675,40.78064985012919,12466.918630907838,10.742046788094989,341.79483452308176,117.18115920490551,0.25539843187599726,1856.23659579494,1403.28975226913,1027.6786954626,806.10770604832,884.834984599,2219.831548366,682.346933003515,1005.0202800149564,1215.8128410424106,2034.3906071114325,729.7492142341216,1814.4935664569493,5327.5804801439,29571.664770744897,2219.6896725400998,10526.403194004082,3280.3684039419,13461.509662354592,7306.9212862703,32060.727889998674,2270.1089573445997,9581.656744938,2487.920949266,19278.342536365308,1210.9978310208999,6439.748153707143,435.1309615837,1065.5019071175284,190.60925379789998,123.95026563698929,302.2639042343,300.89394762517674,637.8179777372001,771.2181537381738,143.3112043701,293.38607757652835,122.4582824212,401.0210954140298,79.20712357400001,63.601302484286045,2551.1652735004377,102.80088395785005,2808.213553466259,83.27345163028568,489.0574844613401,1538.0165508636676,642.1420507807559,8.304109477930147,4248.148766494932,48.18344203167642,5.700381145028869,145.9569569056757,130.2528078322117,171.01315884120817,4126.317251379981,113.91610306569689,216.73550039719345,1716.750718736846,782.1804460946338,24.399658155014016,4.190476554046109,91.21802577406524
10,4383.869927174314,9650.968433256856,3560.6290235312817,12213.231551637533,3300.9702007681035,14224.970526128951,9734.568789793137,8011.872526240646,10582.02402731338,3831.752674621129,2141.576015482712,72902.0,1245.6156332221872,35991.20265896921,971.4968231083403,12646.171502615496,21036.635048180033,17290.271765726808,20952.207779757107,2.287532888025552,4.861385826046635,0.6235822157229697,3.6631663222370587,0.9523580809244716,13.084175953437459,7.153311279133994,0.28207529120345987,8.751359428677224,0.7537910124910451,9.493370544928876,0.5622729091194201,44.90776293376792,35.00858899692314,4827.449861093435,9.032923370244259,249.65799961962992,82.06307138232799,0.2751458185474914,1325.13081834185,1077.2590561622,755.403323353496,630.86427719887,681.555298777,1600.200497238,29.668695858854335,43.320350570080336,60.143947373260744,81.53656550496817,31.212760045193136,63.680243785871426,5000.5559488608,21288.046803806123,2133.184204325,8130.035240257143,3217.5655024968,9736.034083316123,7019.4816561003,22818.56301152592,2156.007238599,7372.657889724664,2283.1481971965,14708.981539031633,1152.9965684066,4644.722746681633,423.7089141458,1065.5019071175284,186.5568584308,123.95026563698929,306.415794523,300.89394762517674,638.1896125899,771.2181537381738,138.8215783532,293.38607757652835,113.9486375913,401.0210954140298,76.8481918826,63.601302484286045,1994.767577078525,85.61395891644634,2045.052604723764,70.72380893994186,365.2079322364841,1160.6106198502423,432.87397897536096,6.420246143860803,2961.89530149759,45.777799233276546,5.234952082698396,100.61149140589488,98.23307105827207,156.0040241091933,3039.7930779882936,90.18767743624728,155.94422420888392,1251.5450284096573,586.2672980050579,19.073895065700558,4.262477247299814,64.57246984282249
11,9715.828597878724,21286.203199020783,8112.3758998742505,21194.980895887722,6875.094341292709,16220.92006024416,10971.348314541843,8824.161209757856,11664.033127405344,4642.520485805486,2797.9492986270825,78098.0,1715.3371796113347,44089.799144686374,1074.7336296436674,16771.388740627066,23955.462971885678,23609.590696171716,24128.102872476004,1.9771629073311403,4.173198219309224,0.5410785413896542,3.1401760248921673,0.8188478527106966,11.168073062422003,8.409310050174437,0.24186173277938963,7.496011634471054,0.6489436571675015,8.101841288079807,0.48350522827636766,64.53493143206066,44.342951960050094,12100.298760345644,11.992142224521281,367.35408532206634,137.29369937616414,0.28865834978579713,2121.78679897347,1549.4787790985,1198.74279150884,959.90579094577,1014.828350085,2509.795116592,528.7116584740579,767.2417240689974,954.0463555967435,1577.3319931016304,558.1077810379211,1363.248194695916,5264.0738083933,33407.03934972449,2220.3842414859,12491.482000968368,3233.2983444136,15734.35514132449,7320.5909487538,36656.11205774898,2293.1149115783,11055.031370923154,2488.4945662768,21238.65720402245,1301.4208354067,7484.113796608163,430.821371566,1065.5019071175284,190.4720935481,123.95026563698929,299.82284835350004,300.89394762517674,632.7671465449,771.2181537381738,143.4369891645,293.38607757652835,121.393473972,401.0210954140298,79.4314031734,63.601302484286045,2774.3335748610357,109.0294854748533,3136.5139362103882,93.17677929901144,556.6903600591804,1770.3531351753147,723.6310500504505,8.983473543500086,4806.233120307575,56.50087218703661,6.494616737498471,172.33789313441133,149.26107104642978,199.17675434939028,4941.724796390419,134.70997859433933,261.77888912181925,1985.8329344346537,910.2855504063558,28.571546064140904,5.094524479905621,110.65555373701886
12,4887.000085175622,10670.864383604985,3997.6917972806955,13036.583140093411,3636.8316781729263,11626.259127693764,12376.372704238596,7287.480809420923,9809.509651459979,4145.097565298076,2707.5620408549003,67172.0,1380.2929052598952,48276.992787249495,1095.1781395741984,15797.618323668306,20317.83690290566,15623.079393299335,18614.464680831436,1.0530308096567331,1.5459281977321309,0.26256680926041964,1.6048074568347919,0.4568679705522863,3.3728330817853514,5.756057748263119,0.08359961316270574,3.2650594174931764,0.3550272051450706,4.060521289215194,0.24836898021133172,33.87759912902024,25.689976367439,5479.239250478438,6.927572479947641,184.66515518116248,66.06272731766224,0.22579593850866955,911.049129363396,819.6900748723,607.38293218458,506.40689782675,518.023429807,1127.033456436,74.3162443874171,112.50421283571632,134.24828953685937,213.86643113131868,85.1595572050719,202.98690916743362,4757.5859995024,14909.932564438775,2085.8146288529,6485.140011645919,3025.6712395433,7507.460579091428,6696.4473805057,15632.767304718367,2093.9125710984,5644.31500440324,2096.5372630715,11212.88699087041,1104.6070996006001,3760.358031155204,411.9291163945,1065.5019071175284,185.75692728180002,123.95026563698929,292.6224096101,300.89394762517674,616.1038305119,771.2181537381738,137.5800131681,293.38607757652835,105.4776353092,401.0210954140298,75.9032956646,63.601302484286045,1529.496255047973,64.1371295418792,1389.3441211462837,52.82601270766028,259.22357563563685,891.3469343945412,271.1445154586933,4.773999654129704,1956.1431827528531,35.142798380851815,4.164428747733239,80.17190513475273,75.62966248370705,120.55038712504461,2450.7060128113853,69.72660345249703,123.57875286554228,1031.3395289330206,471.27361002991137,13.940890763840589,3.340614424253859,52.50410189590449
13,11097.15978430431,24578.987324674377,9283.901722533683,23295.36460805561,7731.394957020113,11685.83571953815,11774.475193127395,7394.0925422999735,10154.824655405253,4219.974194859683,2596.7045997127725,67978.0,1511.6158151941304,37383.21463931675,1101.9315918753543,18621.546368468393,22259.946679536028,17741.854527210155,19991.353485559805,1.7495694368629875,2.5913344672223286,0.41936490633745604,2.7973671681227894,0.7871775664982655,5.8690599570644935,9.485088137773069,0.14059551781917784,5.656704167908259,0.6060956035000856,7.271443124550429,0.42461961226683687,62.93721333689427,37.38926977661863,14199.063646197079,12.00962384783449,360.5700619986895,129.13602670610783,0.3059810290585699,1923.21173197715,1486.48406022296,1163.28048783616,921.7187914459,958.378028921,2215.603003763,357.4665166158229,511.7016566172242,636.3925921216141,1063.5615822226682,373.08278724731645,915.6714394951705,5375.182573402,29389.388519642856,2217.1817972103,12003.006116205102,3246.4169131337003,14803.250469734694,7386.1187671632,33112.2834345299,2321.6196040946,10413.054139907756,2617.1468080837,20421.37356469796,1331.1519143371,7268.394900193878,429.05229550940004,1065.5019071175284,186.1720920796,123.95026563698929,296.0861616878,300.89394762517674,622.5156177346,771.2181537381738,140.6126026883,293.38607757652835,126.0651460763,401.0210954140298,78.2646614985,63.601302484286045,2639.370639324965,95.52352600863513,2670.5172422588116,85.61116616726673,507.7563579026471,1665.4481283614855,638.4297843715208,8.89811927227784,4342.713004094943,54.97159628973296,5.768566864700624,162.31892138490542,140.63096766771906,196.40567796923506,4696.163126901326,124.0235311171996,240.23153657186023,1929.9396215952822,882.421035167911,26.56006703584492,5.08932211485858,102.24452831850694
14,9809.655586078185,19878.38074855117,8444.518959314226,21418.49457245022,6983.216201440089,12081.350892810784,11541.06714897752,7237.5022521002575,9810.17734849251,4175.785866665492,2747.7577266792796,59588.0,1649.2024841294678,50924.89353223257,1140.7857282825253,17564.817208691275,21605.080110531264,17752.95265257379,19592.876716430954,1.7834528559694334,2.642188701836303,0.426992416759475,2.8553797447821854,0.8032456179130283,5.990489979889074,10.090790746669255,0.1433681079518632,5.773046748587636,0.6183089330033867,7.427639789049964,0.4331933995636959,57.78613647894904,34.757826313155064,11269.372381603162,10.676487495828185,326.42880140518525,116.59373186308922,0.2456234984826839,1609.65260438635,1382.0051625495,1022.57068123893,820.0836946312,865.649811297,1952.429877654,436.6292593628168,656.3107447065413,782.2760102966568,1303.8505603746744,484.1489673280157,1203.9127164047677,5250.4012125311,25998.66738789796,2197.69797105,10734.798416422449,3174.0818694903996,13012.440094970918,7124.781983539599,27804.159433112553,2248.3937534169,9469.325872282643,2495.0904129577,19033.2089600551,1151.8922315071,6419.885984107959,429.4786956256,1065.5019071175284,188.4656056982,123.95026563698929,294.7542517311,300.89394762517674,624.0305067417,771.2181537381738,140.0247634453,293.38607757652835,121.0064553206,401.0210954140298,77.12785023309999,63.601302484286045,2476.5518085425524,88.91313105115734,2322.5713429835764,80.85339791220625,427.5683558482222,1517.1334594295213,533.0816493920873,8.244934221549046,3599.289824809918,44.51430043295021,5.368543164192265,147.26166839523844,127.92101553605795,156.35259768712456,4220.803987085591,108.52636286782078,220.50353198490444,1707.8736443046687,776.0754294790048,21.749016737590324,3.9113215300472732,93.91972709381388
15,5720.975839748503,12338.796799867538,4674.608024742045,14744.786349779759,4268.875133094378,8520.04391622213,9544.11140909592,6014.1860336810805,8475.156316491473,3326.2523664199043,1864.2349692253997,50779.0,957.2463629764462,25815.24833707246,988.6870647688861,15247.800603425472,20178.828667521666,14713.52034422215,22048.517525816944,1.4732101502701704,2.5734759776592684,0.3763343633498542,2.2938597260257123,0.9461956746516608,4.875759218706816,12.687178711268068,0.11413408345622009,6.463520600037058,0.7738600444202056,5.795679919716965,0.4784509070144749,57.31729499023048,35.30956042132272,6533.573035736929,10.72943062885982,328.3136477226724,136.46509141537697,0.30642035520021266,1752.08463366826,1379.5579922663,1200.69114816103,900.9831650021,911.282578254,1931.79543314,443.1082271616906,608.6796256900998,813.5837700483389,1254.6380759001186,447.14828840940027,1008.8666808903217,5216.7849581531,25688.446720418367,2147.4928844149,11677.74212947755,3090.9631199341,14882.4531809,6960.788781714799,29861.339119493878,2146.6540284253,10100.300761947501,2420.3085247323,18887.02539909694,1062.8828844933,7578.92366047398,430.6444577638,1065.5019071175284,187.4867304062,123.95026563698929,292.4520970945,300.89394762517674,623.5308240708,771.2181537381738,138.8322362614,293.38607757652835,121.0273180751,401.0210954140298,75.4713495571,63.601302484286045,2478.7909520524317,93.45833934682219,2288.2168486395217,83.08565713826168,425.29700788790745,1599.579184420378,494.86770071864925,8.008067392212588,3912.258459924201,50.419767650779285,5.882887493302771,170.94167237570085,137.01551469445678,183.72094919742378,4562.940653822584,116.3259314571395,238.7987325620493,2004.87100542983,911.9433428684076,24.879606136549434,4.765662008702352,100.99150836108718
16,10011.737446275503,21861.54240602323,8348.73608253157,21658.534722565877,7073.5583550251395,9832.921362704728,11241.402037069327,6896.831531554176,9472.324429178861,4133.291939604704,2585.9802710085487,56067.0,1576.8248458937392,39762.687893871655,1055.1069516567045,18780.60265772712,23296.98062754811,19194.299104495418,25349.766670322213,1.3614731731372607,2.3696344314652915,0.3494347584597495,2.1053153867977734,0.8667966468206253,4.475584417042113,10.779249099308323,0.10534128268514187,5.919996737818727,0.7092389731195996,5.298965708655785,0.4389085884604558,55.61867631712198,31.393406393584446,12495.186498522118,9.859432293542717,310.6055337784984,128.5897842867205,0.24204592612088227,1630.70977769605,1302.63710492364,1115.37398479761,830.2020801753999,846.799031437,1803.771986379,626.4716405328363,920.797236496117,1119.5831465538358,1845.3198943771422,676.2325510121882,1666.6647286722437,4807.0753850945,24003.458386193877,1989.6110128038001,10787.238036115306,2893.2331272675,13874.883156872755,6510.6728347374,27800.58215635204,1940.9215471934,9370.829509353776,2112.9794656236,17864.519813769388,949.6109822679999,7059.4546598781635,410.5876651071,1065.5019071175284,178.5398808649,123.95026563698929,286.1194123867,300.89394762517674,610.7088011885,771.2181537381738,130.19918086159998,293.38607757652835,108.5968534661,401.0210954140298,70.651496841,63.601302484286045,2328.3265855169543,83.29360749095166,2095.072769024165,76.54077207363892,389.9310295389911,1492.309802043534,467.85636807752974,7.701532927150526,3653.5255721707836,42.996580695442866,5.228532795369933,161.894861215483,128.05218025979582,156.66822575830483,4254.588719880325,104.3016603241873,225.01239309910116,1857.383956110745,841.5416466752723,22.4214973724862,3.924623320962407,94.75181568192095
17,4278.190925208363,9166.74022408981,3330.6671841424704,11872.035673139973,3142.532308146211,10768.774493267276,11246.096926652148,6429.567688186501,8885.64424228987,3827.395431098425,2336.5261543121787,52939.0,1569.4865577580204,45529.28557354451,1021.7704269834956,14605.876621325639,21193.725902459635,16684.24083025391,20577.074007319614,0.7903285285069591,1.1124496004194653,0.21442743054754815,1.1833422595323142,0.4020274599757252,2.6635142294642837,6.0165950146743095,0.0541464752247445,2.22125383668155,0.3995417031301296,2.7841947121777233,0.2779494046600095,20.98249308260192,13.960726030864532,4562.340706883216,4.777541486573826,104.06643419358062,40.18118727199901,0.1681223039486896,359.752504301135,505.99105341981,386.755957439968,326.4219024735,290.650749921,429.334612186,43.26505257471581,65.15971575854928,77.82854195893742,126.36231576348655,48.473343900361215,117.84616248983366,4251.5669066614,5855.245522979592,1868.636379847,4114.618820897959,2655.559411279,4143.694241041327,5931.202964482,5869.871019875714,1688.5342300621999,3402.3001060587144,1565.906116006,6908.282304813265,852.5938503434,2437.4631011998267,398.1342079049,1065.5019071175284,180.24234963569998,123.95026563698929,283.9868397915,300.89394762517674,608.7703316776,771.2181537381738,129.78733601640002,293.38607757652835,91.4101705662,401.0210954140298,70.8065689096,63.601302484286045,963.1818018412583,40.269533437664606,515.3147041272304,32.78507707802888,94.65502750147449,533.7808111592857,78.58252354189159,3.195638941989226,758.1556316656657,22.56295915051637,2.811141908492673,49.57027236480231,45.81144929355453,73.09774160093774,1526.697031443066,32.453917962422466,77.91490753022849,665.0134714097966,299.5810098438653,7.029504284811202,2.243467308221262,32.17616985475035
18,9819.510386310385,19997.4472589415,8155.014999418487,21282.21563049011,7016.700768933402,12973.493448434616,13006.271608402149,8014.179540243343,10495.052701707384,4819.519811163807,2817.3845581528885,65693.0,1883.5156635433,49210.11689366571,1200.6798727468279,20114.74897175899,25149.74432211883,25642.90152139452,25377.429746782065,1.1630734062509616,1.6450425966839384,0.3058675586723523,1.8409167874359635,0.626546103351609,4.158317717541287,9.424329113763035,0.07919816849064014,3.404017396565832,0.629228801326773,4.457755018272491,0.43804744546918356,39.36009804842386,22.457420490863775,11309.117867292514,7.259959249084762,194.19607681003882,76.11337702951113,0.17790912092595587,960.862303887905,915.10330720327,670.556613273254,539.23887102545,532.009451777,1089.691923609,688.8086912687868,1022.6648941974854,1241.9642725980957,2073.1823396763066,750.6965823890641,1854.465322663309,4745.7064733439,14541.901003867348,1997.7268014221997,6928.0859092989795,2857.9837407581,8219.084603551735,6402.5673705507,16276.135454233674,1867.7276109281,5940.33382407099,1967.3598543879,12534.486606185716,935.0665315605,4258.2489653157145,417.819674019,1065.5019071175284,184.92845853999998,123.95026563698929,289.8145223115,300.89394762517674,622.5984998165001,771.2181537381738,135.1868814417,293.38607757652835,107.7179110925,401.0210954140298,73.72215802550001,63.601302484286045,1698.5478559983833,59.948046992008294,1258.5624430776145,53.27811265493768,232.9720665452318,964.0858053520949,263.147410506438,5.279606056164121,2154.1060563062383,31.18643475593185,3.9205771246026373,94.52321396487208,80.48801914212127,105.6494485585524,2788.707575014092,68.40842111619659,142.3535291104222,1160.663720813556,512.97601230039,13.776905900360473,2.7842573265276727,62.09934747822665
19,6191.450089874121,12964.196319864759,5015.9108825436415,15264.422722953173,4483.176197143247,12974.492837785012,13819.805922397354,6867.991507417639,9459.341885776252,4598.849751117423,2916.447851634458,63703.0,1695.8180666999456,50937.84609188627,1137.2736006766097,17736.99211442446,22582.458557430327,21716.097102406467,21724.76318237221,0.8353105133812225,1.1767216844440798,0.225462212527934,1.2626968240990672,0.4291218476476606,2.84390363762365,8.347586999653332,0.057169655300032166,2.3639869920841154,0.4272598079084618,2.9861560773627973,0.297269663850864,41.609569760012846,21.296737607218002,6948.188456728902,7.368752143251934,208.2792732496805,82.76393889021679,0.16244086104153932,972.19643306223,982.6844229503,715.55620360193,566.36791267416,564.398431927,1125.735706235,226.54465826577507,349.5802088911878,405.24618524714606,679.8339384993305,259.4698215043172,654.0979150160565,4599.2203096854,15112.029458642857,1928.62924617,7376.491832558163,2893.5223100615,8703.965228383877,6344.0094656108995,16485.42081214898,1870.9250867751,6368.07735196329,1990.9264399048,13540.886206468367,944.0290041602,4563.584368546735,400.89378717579996,1065.5019071175284,174.7218233084,123.95026563698929,287.5621440345,300.89394762517674,606.2262031629,771.2181537381738,128.5726225517,293.38607757652835,105.1464960047,401.0210954140298,70.3397366863,63.601302484286045,1753.2768616026472,59.0461492515803,1245.1510163403868,54.42187667498639,226.2853252690527,1011.0247342886332,266.6026779204396,5.64339471187888,2154.883042524046,27.58860924378151,3.5268249049616975,104.53020052185133,86.15036140859509,94.67387182403665,2931.6850005186047,65.77981582050714,153.6287827955319,1206.2869856274951,533.3490053932292,13.113813059376286,2.3921516969016454,65.39421721811861
20,6094.293922772303,12291.796944184669,4673.903620548892,13081.022146877618,4140.575978827747,12498.570370960702,13059.896188663999,8478.463420099644,10387.561217884086,4938.503617550043,2702.5303049332383,71212.0,1654.7011169511895,38725.73572379869,1192.5347673023837,19062.60184356032,24271.259797142586,25368.940870714432,24740.756002868748,1.318208998551311,3.435088292058342,0.3655184349168676,2.092369002435692,0.7485305028966299,8.508509033250096,9.588845993992765,0.1702090678827087,6.336002352472288,0.6194657533430449,4.819642089655187,0.3956749578893057,43.14622474257325,22.95669189863645,6635.005141680796,8.274772887563685,206.3508695702164,89.74529973558339,0.18584655687169635,1237.78150571135,1031.1273464234,801.74183464608,597.27432694287,603.04284267,1309.55234011,197.15383698884398,268.4255016160896,354.51897244132124,581.0613683299161,192.08136779011693,468.77966808108613,5579.0906023945,17405.428289,2321.3092709945,7682.525419654082,3387.2060371566,10064.973041916122,7450.5941365614,20952.08286236857,2393.6475887957,6616.614331212842,2713.2744019778,14217.167854559184,1266.3396892744001,5073.866324470919,447.1436109264,1065.5019071175284,195.6299236439,123.95026563698929,307.02760816570003,300.89394762517674,644.5700264813,771.2181537381738,148.2957865579,293.38607757652835,131.7244580206,401.0210954140298,81.5912871277,63.601302484286045,1861.276889281902,63.92495335204081,1469.2258508017178,57.93835134377188,277.7630506708193,1039.9767312063511,317.1417791202761,5.919687377223299,2771.615879203624,33.18817684777749,4.112663202469588,114.13887759160343,88.60149683196347,121.61302551597521,3045.1472812244697,78.34915590409011,159.6736326133822,1345.055529700004,601.5740479725117,16.72618497158321,3.0085624432927243,66.14813867370019
21,9052.924495181462,17502.657172772568,7403.343723751112,17808.023386009783,6126.053965783333,13539.944482621504,13466.31456003552,8241.760354824095,10616.265401092218,5008.664752111886,3056.0173872500727,75000.0,1937.9760622824801,50175.81658661587,1197.9108173592165,19502.786751980875,23066.127103909814,25591.22915091623,24598.999887742626,1.3681825989099738,3.579593921720462,0.3787842071824135,2.179493407496263,0.7799617767076729,8.882678618158161,9.433767583796584,0.1773237199905327,6.608288434975061,0.6453490272001299,5.0284173462866635,0.41205851670465293,42.84609014058415,21.23067051043214,9898.129165109647,7.758015935930804,203.1400814792572,88.67526924577848,0.16861177730652674,1221.33942116217,1005.2760625081401,777.63316154395,578.1322414826,586.312822575,1284.320447971,539.8971539996564,783.9558450547047,967.2237912602723,1609.427692002966,577.2599099199288,1429.929741421598,5371.3347462624,17053.99776992857,2219.0520375491,7453.776647841837,3244.1216268992002,9836.79017174755,7236.4577901151,20710.612408126122,2302.5702538549,6428.493966775439,2607.3874779352,13805.869374909184,1230.3554612121,4920.279001752653,430.8482223871,1065.5019071175284,187.3288828497,123.95026563698929,295.9431559502,300.89394762517674,623.7197732579,771.2181537381738,141.5407084103,293.38607757652835,125.8822608335,401.0210954140298,77.7344671294,63.601302484286045,1816.3637195464623,60.66971854155364,1445.8758988921056,54.31893338341188,275.98090403489005,1018.2487431322388,325.83885918461795,5.8104637936342245,2790.1084473560677,30.675256914153497,3.909973319844154,111.70377140244827,86.02748119161737,113.21138619786022,2975.764520582596,78.50706086205966,152.96066025138038,1310.5576913231728,587.4022454211687,16.781163329584203,2.6782879719161565,64.43341898642439
22,4365.385927174315,9617.951433256856,3544.376023531282,12182.225551637533,3288.241200768103,9464.598568044643,11042.468112068203,6904.1690547709395,9372.311451982601,3692.3510517390496,2032.8867184190585,63529.0,1261.304795492433,38924.01626322052,1073.1322485852731,13892.064749235604,19438.95631471055,18259.275939277268,20110.111276457064,1.4166330649895629,4.488788633326231,0.4233982758615002,2.4254047493472664,0.8305488478683585,12.396952066958727,6.641255918906546,0.25004962206398246,7.925490896501859,0.6168989703635339,6.2545448120943385,0.399080700211043,25.748000433483185,19.962567750919693,4807.494861093435,5.892521734788259,141.2508906321067,57.59531104992148,0.21388110263893295,940.18957520331,631.73986276534,551.99247322837,434.53319909709,439.129073949,1003.597257318,29.185743741720216,41.96777127671521,53.755801004357636,92.59227015892975,28.55321902540163,73.05603438516846,4968.2906313202,13183.028428193878,2132.0720309961002,5488.545236414286,3216.9307583648,7003.86916570449,6970.7989425056,15969.42274138898,2157.8096674937,4748.234498708173,2270.4574646554,8591.09047805,1156.5619339594,3382.678357444388,421.66879780749997,1065.5019071175284,186.3631067334,123.95026563698929,305.4963460804,300.89394762517674,634.8929701771,771.2181537381738,138.8825591587,293.38607757652835,113.4237214717,401.0210954140298,76.9852989707,63.601302484286045,1187.784736756018,52.53675987903902,1266.2345866710361,42.981715986996136,241.84083252360264,736.0317031796044,258.6517555011277,3.901309787186845,2070.0898739648314,32.690146763247895,3.626944925560308,70.48254244620604,62.47454999570866,120.35857666913566,2050.3664571074505,62.99178957680322,102.9767016769963,912.2659958525257,428.5473179723134,13.887065556174004,3.2767178012408595,42.246998095732614
23,9734.356597878725,21320.741199020784,8128.31489987425,21227.252895887723,6886.6993412927095,12464.740955996647,12626.43658928703,8071.171042177294,10414.662717899511,4695.961570067317,2698.894990422292,71678.0,1752.4939485101518,49098.69676282411,1208.540625146802,18834.899029723558,22131.725258376027,25465.703319340446,24369.069970525044,1.2386661326765276,3.857247041238987,0.3713285999899771,2.090591554678354,0.7155572980961571,10.585327940415956,7.770005227564163,0.21470493157209122,6.795700035860195,0.5328633355127883,5.355414782872183,0.34512315867452564,48.46185791896906,28.12475073913231,12120.972760345645,9.116979560529547,275.49337750063324,111.14065596375443,0.20693243471022466,1672.624672303064,1156.75757142879,971.580256814586,729.13066610707,770.343248861,1822.113498121,552.6822987860069,781.6829425564501,984.2016596533358,1597.7834882545285,571.9565402536246,1386.096603827551,5241.3265857423,24126.70702327551,2230.6181152756,9478.364353555102,3302.5962553567,12678.770990573674,7352.7447996553,28589.572653509185,2298.9357544469,8389.253593105173,2472.3430278983,15867.717583052041,1314.7173344134,6084.195995626531,432.964366634,1065.5019071175284,191.8339102166,123.95026563698929,307.4839544324,300.89394762517674,643.6176719925,771.2181537381738,143.7757700087,293.38607757652835,120.8221462093,401.0210954140298,80.220091742,63.601302484286045,2056.184862843311,75.09237895082488,2154.986824725818,67.39064061773189,401.08725399714456,1331.7532818350824,499.1968898928036,6.893467926297983,3769.2637650993966,40.423830542325064,5.01067051525245,140.0901397454447,112.20439979073528,152.1605496000861,3779.674173238462,102.22579484908906,198.33086992323666,1606.1477079780182,736.4214159128151,21.87199290133273,3.6877894310417005,85.73805127797401
24,4901.928085175622,10697.767383604985,4011.0217972806954,13061.434140093412,3646.6256781729267,11884.547226385084,12637.711631522223,7314.825021844153,9383.252911269017,4314.352645320716,2662.7607158701385,69055.0,1642.118270547551,51645.650164535255,1155.796349672915,15953.095363773748,19068.142868879444,19214.388207530923,20524.93323679014,0.7865744504837342,1.888003042668075,0.2517751109221957,1.227834516136473,0.4781138365306719,4.684499248625252,5.0851351437459025,0.10357513448284839,3.587644861745004,0.3192490909359336,3.20178135226771,0.23065647333344122,22.507259707700758,18.087096319974886,5494.681250478438,5.09330235877077,124.61150474640405,52.18350620967619,0.1950567733612617,795.2031192061,550.49408384471,495.654083816023,386.50203550415,380.20079614,866.109148796,64.42629240441602,103.0024905775208,118.76945668412372,196.48065807996318,75.70019594140467,190.01752375869546,4657.2118467233,11383.975349510205,2003.6015804222,4877.035231363266,3005.7075166419,6129.573614350612,6679.2324789798,13499.430399555817,2017.1186355777,4166.555188574015,2054.450734697,7488.563842110204,1131.0516404784,3055.6114113462245,406.5476565748,1065.5019071175284,180.1999487556,123.95026563698929,296.34431743380003,300.89394762517674,619.8206177219,771.2181537381738,133.04679624710002,293.38607757652835,103.8598947723,401.0210954140298,73.72215163700001,63.601302484286045,1055.6688717379243,47.813977223816266,1102.317943111986,37.62342483569547,209.5177722393306,652.5252448372507,225.68658720773968,3.452676470185606,1753.783485168023,28.771607458145347,3.2503906058568557,63.35100229212848,55.68898184331776,106.02718919113526,1834.335384057754,54.890369140796864,92.7407915536317,837.0448341431879,385.94310624105583,11.892693509956757,2.8869867040848787,38.64392082830719
25,11078.58678430431,24546.16032467438,9269.437722533683,23263.58660805561,7718.6519570201135,13044.064249915653,13440.5206217808,8857.971692217136,10584.15206956907,5072.0895189709845,2894.7735852137293,74391.0,1794.749405032618,48103.94620237955,1225.0205566205639,20116.27883476635,22369.262082065605,25620.612929576935,25164.867950284766,1.2531291402318578,3.2286611124452755,0.39925867227792966,2.095021166387183,0.826761174265146,8.312852039820694,8.130013138904683,0.17781232045174186,6.257719711805588,0.5394366666069543,5.671507171247024,0.39161907816124303,52.18932579698648,32.920072446179965,14176.911646197079,10.12398879579353,301.6552721521334,123.91426768187193,0.2656057032858344,1777.26004999975,1257.3026564842,1098.88645835852,825.84834313209,845.487559188,1961.911807303,379.2382173743099,540.6912351601932,672.9467778894468,1111.1699349584524,396.6522262576036,967.0657671899244,5386.5732121418005,25975.18543682653,2200.2827098170997,10668.806377517347,3257.8935487687,13946.35886623949,7336.327670579401,30378.728641587757,2311.0210778269,9263.814858327836,2627.4192952136,17222.094209635714,1300.5793588703,6877.215273535408,432.2859438383,1065.5019071175284,186.8895721145,123.95026563698929,300.0842161075,300.89394762517674,630.1542153077,771.2181537381738,141.7694149968,293.38607757652835,126.6886410995,401.0210954140298,78.219227083,63.601302484286045,2267.0532313652493,87.02154751298299,2364.284866185309,75.3046047712628,436.55873046596525,1476.0670600333585,531.7538363885594,7.361525114266253,3975.917208464616,47.787233367143706,5.61414989008828,155.09790500583085,123.63201836650671,177.8352693162235,4229.766713162412,112.18063248814985,223.76215481954065,1830.097565086484,835.1065476483197,24.378887493160153,4.414676145860698,94.67997821424325
26,9819.189586078186,19899.233748551174,8456.189959314226,21437.58457245022,6990.523201440089,13074.825382487663,12495.22703990874,7952.737404223496,9803.744630802717,4750.8012558208175,2913.0851699930154,67620.0,1906.7771343046384,55475.76367516123,1191.6481750037854,17895.24047188289,21442.242136851288,24890.115649693475,23130.03016220592,1.2758248924433608,3.2938779970262484,0.4064330731302858,2.137205831481512,0.8437212729637436,8.489354811509354,8.62458957105884,0.18142362007995663,6.387606643637429,0.5501477852974105,5.7916480388657074,0.3994491728420233,43.01201232455766,25.825502744212688,11281.887381603161,8.093535119479046,250.3985891820671,102.68686546948267,0.21293461309337278,1450.62442181545,1029.2614439577,899.757619401326,679.00284081343,693.863395864,1608.242972449,413.2616888899356,629.662432000041,766.1009790046519,1226.2486782693304,466.3845751894405,1109.4091342266183,5370.4766220741,21280.453327336734,2223.5625703045,8797.07156817653,3234.6194874837,11454.07377589347,7291.6213446282,24805.539364475102,2262.9407678205002,7643.230487920312,2518.9514253966,14137.893962763266,1230.8647469462,5631.272295281429,440.8539815114,1065.5019071175284,192.9674860369,123.95026563698929,303.5943949553,300.89394762517674,642.6113774642,771.2181537381738,144.490929222,293.38607757652835,124.4901638152,401.0210954140298,79.6616432566,63.601302484286045,1858.2153970902116,69.85658747219395,1929.2618214564263,61.347690485077024,357.57274332496314,1226.8624837491448,441.2200654794502,6.041824528832593,3272.8497113278318,37.15369242673737,4.377531140051872,129.94221911907002,103.71587788056644,139.08575774332732,3510.780728516054,92.63688676606233,187.64926254975998,1499.8175580876396,680.9466016040878,19.476611607914524,3.3903666908146133,78.34455036736716
27,5713.685839748503,12326.866799867537,4668.161024742045,14732.90534977976,4264.258133094378,10484.591331489992,12628.383656966313,8200.103536714934,10181.885373014873,4170.675887338048,2246.604684645568,73879.0,1202.3709109907327,31311.57738129254,1088.5062129343155,16942.383485121783,23181.981295593345,22654.51685403304,23743.21322640041,1.398197642805482,3.047374438901042,0.420107767578388,2.3093250234102882,0.8753369301760792,8.057249072944737,6.582631281598342,0.1778878404663916,6.0038973539216505,0.7126499608268868,5.883400418900049,0.47948791286660414,50.367963726153555,32.14154355022296,6525.595035736929,9.75846293505148,306.7867992620562,126.92159114137763,0.27918381248075563,1753.63988636214,1227.88647711573,1116.57573592979,829.5094691415,854.446068794,1954.131448916,412.23673867667094,613.4662568198983,770.690232623514,1230.2299452484003,439.51065353816375,1029.8447361509898,5730.2575021952,25793.913996459185,2277.0644313629,10722.803758543878,3417.0678054176,14137.385607045919,7512.5191442546,29974.452843149287,2387.1308371911,9391.814788384327,2866.7291041831,16814.110684082654,1253.0408810731,7022.901074796122,449.3246579971,1065.5019071175284,190.658048581,123.95026563698929,308.1822632034,300.89394762517674,643.4526357064,771.2181537381738,144.806591485,293.38607757652835,137.6657436236,401.0210954140298,79.8509656141,63.601302484286045,2201.5864006982415,84.72592662193208,2337.2015994344506,72.62058487901211,433.0402924048651,1488.750241268641,521.6634851425079,7.187902284990049,3902.9503044881103,46.58418656888227,5.635814981305238,159.19432251824458,127.20069084947167,171.40906348176682,4195.673795806418,112.57500156554825,222.6254789605291,1853.9894203384222,842.1427855777881,23.76865688104826,4.287437254103082,93.86672021669133
28,10007.539446275505,21858.11740602323,8346.63108253157,21653.532722565877,7072.9203550251395,12338.910840331675,13653.648407165023,8488.425459563934,10610.454583934847,4526.091894903502,2711.789084480005,69070.0,1779.7516926728163,45268.81879328698,1181.0115809230506,20808.97388548759,23538.022864089296,26124.415907380502,25756.275399942286,1.293290692314839,2.8003835670091606,0.3892225137984055,2.119372540437561,0.8023897212344951,7.367393773973974,5.774720692615658,0.1632901429702035,5.502223032832858,0.6536021801127143,5.37869909519935,0.4398511730242212,47.26153342455629,28.73323278969108,12493.162498522119,8.983972354715146,288.57693090201997,119.24142269124715,0.2164047319137455,1641.02896214826,1151.85538962698,1044.56357803858,766.37558842432,797.588368591,1832.724332826,675.0044207070023,972.0505213090219,1197.1187171041965,1961.8160230577923,713.5317588274484,1727.3779865563847,5326.281451606,24246.53704227551,2132.4921172929,9978.245580937755,3162.6263009797003,13262.034918408674,7229.8158686307,28122.79553939643,2228.5936754413,8754.15159150502,2575.445247746,15817.372628971429,1288.744850105,6586.164763021632,428.2586092194,1065.5019071175284,183.3306900756,123.95026563698929,294.16459333200004,300.89394762517674,620.8267416493,771.2181537381738,138.1767597326,293.38607757652835,125.09814518760001,401.0210954140298,76.7520771313,63.601302484286045,2038.8262276822904,76.08515117099353,2173.695469958751,65.96555669989235,397.8063315309674,1390.3945925308283,496.13239440648306,6.821578681393507,3668.476246845971,39.797698043177746,4.879510014333612,152.37547284310222,119.0691356376372,149.54704748763933,3954.656661303064,103.76137124664002,212.24877872259077,1733.693470883447,783.3427743587855,21.8038457046922,3.5320419693006597,88.31193256011818
29,4449.9558871160425,9812.290731858391,3626.936122938226,12326.627588973548,3354.571004397585,9428.003977535864,10444.632696027229,6442.164756238537,8055.5399931152915,3755.4509957321825,2267.93602721185,54168.0,1244.4211230979931,44166.68526808503,990.6736827931925,14269.941681086657,21046.90158071674,17841.870288297367,19208.668328461084,0.719580259924433,0.9207895810884391,0.20993037347091062,1.0831895271454377,0.4751251231917743,2.7162723529932937,3.580810470673005,0.053190892518883766,2.0898664917611716,0.43675962057673356,3.1219534845436945,0.2897831981290119,11.043582927450089,11.604942934752618,4930.212434108558,3.1388679926120817,102.26050103661959,42.41561354565397,0.16946835527843157,370.114032868507,292.701776036706,414.314113138584,332.04823103095,279.6011074868,412.850818603,14.979510575212771,26.74916951780324,29.46717134671053,52.19189071608707,19.56312275584787,50.367883418512065,4727.5105048191,5396.101805734694,2044.5648645084,4192.703629841837,3004.9599571026997,4325.499728491836,6696.6231376698,6130.625971191224,2045.0450146558999,3305.7751314517654,2075.9666562383,3933.143641824898,1093.5460107058,2638.2226139464287,409.0954289631,1065.5019071175284,182.5296037024,123.95026563698929,291.8014208785,300.89394762517674,614.5006014625,771.2181537381738,134.9179126995,293.38607757652835,105.1709298448,401.0210954140298,74.4239511931,63.601302484286045,593.0738040755455,31.580161276925207,559.9728151522091,20.77330170360572,105.82714064962481,530.6967758143277,93.88625809588193,1.8624461273070751,784.4297826207375,20.044038713003935,3.042476785499583,52.54557059097999,45.97288388190211,73.30369421313281,1572.130288665993,32.663514734871725,76.86394572852286,728.0160510816922,314.5659257647712,6.872768915154973,2.1358925461223737,33.089513347137405
30,13757.43127914448,29447.69574231448,11484.133804141557,27900.948987317297,9614.072693368355,10510.05873452021,10924.264077456544,6813.482087607155,8992.184791339667,4111.9830347028765,2512.6617622019453,58187.0,1523.4171088660469,40460.09332167456,1083.5084816368608,17249.668482893154,23401.714270776378,22591.89333055637,22928.29329075438,1.0381486062829917,1.3150429881135466,0.2967304386689337,1.661776494655925,0.7448534280321976,4.220170037221635,4.8470930311304645,0.0771573425701728,3.1633556555360762,0.6874279459422374,4.993177978655526,0.455014866175274,30.683703754813656,20.960954830023205,17073.535981953926,6.424133880959406,195.6700281766167,81.36034275219154,0.19368923502408872,986.242873546614,733.86114048524,718.94804607284,553.98780684563,532.399057241,1108.654111132,424.38145624496974,608.1750915519951,753.4116649639909,1229.2972476994619,448.6893008965708,1082.2503945212811,5421.9673503478,14630.480144653062,2245.9694059053,7111.102382896939,3304.7189808111,8639.642591814285,7648.5164010036,16785.03001365959,2318.5942003805,5940.472230217806,2544.1218986685,10057.322056734694,1361.0497157296,4604.063126229388,442.3237121223,1065.5019071175284,192.97278408530002,123.95026563698929,308.52458232829997,300.89394762517674,652.0593653981999,771.2181537381738,143.5881132763,293.38607757652835,123.4336465385,401.0210954140298,80.2667504215,63.601302484286045,1381.8457181656256,54.117530847831304,1354.8385005998134,44.455229233772144,250.15357717377745,979.172840797205,290.0549519509248,5.078859072839528,2202.943170294804,29.61449992347982,4.170133532870231,101.99738993509433,83.23982731781774,109.54705798444826,2888.4320450900527,70.88483179808895,148.42897856416354,1260.226490356758,545.540383204499,14.286515607006148,2.8318838596906253,63.7335250072072
31,7222.834791273865,15231.921045797597,5997.012763945583,17217.504701547303,5267.237801854044,10486.169979960754,12584.16892822481,6521.642701679552,8703.05357735782,4259.636193773661,2764.9019432381738,57676.0,1423.9714551757977,43196.47184534218,1106.3849256020005,16939.366547758014,22269.340719715285,19466.718794569773,21515.011553627686,0.7554562721716525,0.9651889704835829,0.2197054821334604,1.1483478938499707,0.5055009470251479,2.885635858045405,4.44055550870151,0.0558899072370462,2.210758949618546,0.4649889786206144,3.332684003239025,0.30839098956282945,30.133630015387382,17.210128470478054,8343.642537632302,5.576731224935433,204.57944744263364,85.31063482449409,0.15596585647427166,963.4524152409,736.15139180958,747.08573065848,569.7259636879,548.630325495,1087.77934154,242.42751801060513,361.1968991761678,432.15568775101565,751.6053425502032,259.28401183721144,673.2256947997375,4830.0106313328,14422.348403608163,2040.5086401137999,7416.549206140817,3004.5264635327,8967.89577076255,6739.8573166721,16397.190043801325,2082.9774012936,6220.108325466592,2201.5912846216,10063.230556985714,1030.0787477201,4804.266054043062,407.0997386789,1065.5019071175284,178.9476464032,123.95026563698929,286.6061577191,300.89394762517674,606.9105126823999,771.2181537381738,131.7151635658,293.38607757652835,107.1162823644,401.0210954140298,71.9726093962,63.601302484286045,1299.9720347573914,47.39560896830966,1253.9513478196513,40.41708272915745,232.67629454796898,1007.0051754678949,282.2265226539647,4.324973882326479,2125.1114327665596,24.002254693835784,3.530295039226586,110.37899274569546,85.61533670935087,91.067436722315,2974.620370562848,65.47062486104313,158.48302411142362,1273.6848340120248,555.2309173261083,13.171797056750805,2.157577937463293,67.12611984735122
32,11409.218614417423,24673.795369181073,9564.643047075633,23997.640175293658,8009.991192432919,8874.978465416312,10350.18030364104,6287.190580404272,8453.871885595847,3706.617482343727,2153.138079920095,53905.0,1042.564228443251,26565.565302211304,1070.0333233569518,15156.597490485521,22606.25671810809,17577.17358458093,22223.715286964903,0.990997305929759,1.6419682255050747,0.3445200636231158,1.3116642700997674,0.751568878519189,6.1783884546588395,6.557399552844484,0.09757021129233666,3.1671920091501473,0.7830845501681586,4.62784306069945,0.5820940524303292,31.01850644727984,22.63704624591133,14096.992706868246,6.198583572860121,192.4733653065931,80.64092617507235,0.20002152215539454,986.85234505389,757.1260005655,741.47175136233,555.6023762489,540.573877212,1129.287056613,652.1330567523837,958.4246780297835,1165.5658103224414,1961.1958403384779,696.0545492488891,1708.2273708581342,5277.1405446322,14886.967065,2155.8159815115,7148.497349869388,3144.1788954602002,8791.178024533572,7156.0411080281,16753.205473308877,2118.0245148859,6036.3330395355515,2378.1850009199,10334.62075307245,1143.3747044787,4780.6463982304085,439.5669616446,1065.5019071175284,190.2558861778,123.95026563698929,302.2930005997,300.89394762517674,643.9959987949,771.2181537381738,140.0412240771,293.38607757652835,121.6106860992,401.0210954140298,77.5150516617,63.601302484286045,1393.2286054767067,60.68641527413813,1388.8970611891175,45.56369164711237,249.10944209613442,964.2900200905392,280.36982293306886,4.6295153641575135,2175.5562178007103,30.331769878971052,4.081259161381352,102.57739749411039,82.54486483794116,112.83584642227409,2773.4849764629275,68.8374477076817,143.37517204312704,1290.4530905967285,556.2476003913117,14.090461881759795,2.9193437137338236,61.09226293680051
33,10472.017192541814,21792.66503215704,8803.798813778547,22502.114066736103,7463.2335085861805,10168.518927386067,11738.162392690636,7240.822515074647,8755.653872488016,4492.482123048398,2850.8773685224483,58792.0,1630.2664825133484,42149.91809835,1154.8945507754286,17304.212588878996,23679.224414873323,20784.914916475045,23329.502972383867,1.0257686915826525,1.7029834621273927,0.356824427230093,1.3624719873772677,0.783186256154763,6.444326712026843,6.471204375955516,0.10130446438727891,3.2919573041347823,0.816641213015516,4.827960253602845,0.6072018204029691,28.442479714755883,16.849600092232993,12472.245630907839,5.2031793978637495,185.91570395455133,78.47027961194583,0.12057618119403962,886.44719300065,683.09312984699,669.754741913501,492.46864586672,488.04244035199997,1016.589010952,633.2092880513519,925.2100753710256,1134.4848565421999,1904.1024569558213,669.8765980972094,1688.7160556619056,5139.2447462313,13432.868061959183,2110.3429521799,6416.810337130612,3053.586384321,8070.250605357959,6881.8620280225,15133.804206159184,2038.5855761255,5495.805400340174,2250.2870603412,9369.96892912449,1015.4114944943,4333.323782311225,432.92712570690003,1065.5019071175284,188.2414504073,123.95026563698929,297.1798375892,300.89394762517674,636.5038066324,771.2181537381738,137.6106654348,293.38607757652835,116.30802077060001,401.0210954140298,75.5849032126,63.601302484286045,1210.5107519951491,46.07345520376882,1188.451528793161,37.35260086905661,212.316505604278,896.0410013257532,263.2115202475915,4.1606435385562754,1983.0949729912268,20.84416063637466,3.27908838677214,100.66789821258335,76.1369391896425,79.5801275775507,2592.0410239365065,57.42419231366248,138.1685749768094,1156.93012141831,500.44306809165704,11.438443000271162,1.90943876056605,58.66447995395904
34,4194.4212607698655,8965.80733602465,3253.1137209015706,11734.187722602906,3080.540359930619,8484.802473744385,10844.52738275571,6748.660755590785,8889.80270774794,3470.606596961412,1985.0202592054375,54042.0,1151.0672763506197,34041.03159831449,1008.5043432799133,13796.96406420528,22066.78270596529,16915.316314842123,22156.16581998489,1.1556532243880526,2.2897081417499248,0.3903795554588926,1.6510052581681907,0.6947520151338724,7.552961375400383,3.9643945060150694,0.13638523398033195,4.0757482956392135,0.7514464949919184,4.623554294853803,0.6039625768956622,11.430787244080202,11.845902205453186,4429.182378730578,2.9040285658489635,64.74847776186441,25.504316330348978,0.11995618254540279,378.172296380079,291.012527334977,266.972560507003,209.687503105578,200.4236140987,438.8218237474,14.454403472438571,16.884873551112833,23.38231234968407,31.90713969009812,13.686390121481963,28.690384079818614,4576.9839818225,5747.801078591837,1926.4207229936999,2633.5649761540817,2822.1067792777,3046.7465188581023,6248.6967396438,6421.859277387786,1768.3331893314,2182.590867134004,1872.1317686518,3935.2207672964287,885.7375343791999,1760.8624723001021,407.845022851,1065.5019071175284,178.9286537478,123.95026563698929,289.7594134698,300.89394762517674,616.3812468489,771.2181537381738,129.70816466280002,293.38607757652835,104.6714781635,401.0210954140298,70.7559639859,63.601302484286045,571.5153477279872,31.109461481035787,601.3785184369315,20.472615731747805,107.74718256485889,345.29054983784107,101.88260896504431,1.7878255477458151,824.5833518329623,16.922697551012156,2.143071057409146,30.217557457500597,28.806938234554355,59.95710784949349,946.1713127472228,29.766745919013207,44.27845705345257,492.3635247938836,197.87554101050972,6.035936289937231,1.7144143025274352,18.35398186018487
35,7436.163202847607,15467.820467479243,6087.018496484196,17329.099534103018,5326.994482008314,11723.421980775302,12428.509677166385,7779.8636514529235,9861.542638803188,4683.342701737413,2694.2607500476397,63495.0,1675.676015536679,45995.5016701985,1189.5084927950722,19187.69057040769,25071.55911696212,25262.616747888573,26083.77063829417,1.0147075631756568,1.9867858118004185,0.34242623920305415,1.4297556148228778,0.5985939801857988,6.457123441346093,4.431989609737533,0.1179740776076367,3.5207783428425485,0.6449490732704252,3.9598798291187274,0.5172225514515346,29.02519245581211,16.39771115302294,8546.850990577932,5.1218674845716485,197.75430664314572,78.14303394829716,0.0906599041843294,977.49697993744,730.54037539675,669.148751957125,479.16552436177,511.02339606,1135.681542424,655.0198784284294,983.3771573052509,1199.2339070917515,1994.9168563061394,716.4963730851887,1772.4986439889763,4997.7476480692,15047.00043252551,2077.9730414673,6341.195341328979,3010.2602220252,8391.261845367348,6722.5513942053,16748.62613720245,1940.6504683491,5674.821225834663,2147.640418473,10032.954127709183,972.5742982951,4318.028851764286,430.303542517,1065.5019071175284,188.4157248994,123.95026563698929,298.662697648,300.89394762517674,640.15189698,771.2181537381738,137.5568678655,293.38607757652835,115.4511470263,401.0210954140298,75.3246665401,63.601302484286045,1238.3556328347945,44.62468910507586,1307.3083454921775,37.86669939328438,229.72382172588493,906.9956061603851,297.649895621716,3.9683404982225756,2161.191623078439,19.480129849852165,3.002555435042817,102.44456201705839,76.95338667595475,74.18283482046078,2515.663146792811,61.06721430811952,132.71222196395377,1122.7382487539498,489.3669366266669,11.705843540372637,1.5976686586943176,57.73564591818068
36,4658.208746949192,9588.478775238056,3432.3779990923863,10641.727487978551,3128.444608329677,11400.151570259644,12464.615439304825,6955.42501576267,8849.72933127794,4153.911408512388,2563.166999554616,62036.0,1595.4105118770763,49381.86668807872,1127.8874023259746,15917.932575347082,20187.541348392348,19309.006309073666,20805.647858764212,0.7220396541135518,1.2272263755103179,0.24108291780644875,1.0174359386822511,0.2967644963244933,4.347092789208857,3.854693230697843,0.08262260355619666,1.9096783478395627,0.31100494487649005,2.422648519295044,0.21528682931076534,10.849724132298988,12.02903905050962,5028.585526025733,2.664869559282902,57.347308618142605,20.161942183800576,0.10350547462835372,345.211208180436,283.896205816934,203.658991224599,175.40882659602,192.6669365563,440.31249400629997,128.70242814300582,204.1290199975483,233.37460546262446,356.92035696131643,158.57235747826053,360.44148298504297,4839.7804349229,5788.944593663266,2046.9116539124,2197.237875882959,2976.6978290668,2491.78268320101,6587.7023666229,5900.482984133163,1984.3625932208,2090.875542882835,2115.567908166,3833.826343010612,1003.0531921047,1244.2015248127552,420.6939241053,1065.5019071175284,186.4122797865,123.95026563698929,294.1300534031,300.89394762517674,624.4823366014,771.2181537381738,138.1098214361,293.38607757652835,111.6563285692,401.0210954140298,75.213260284,63.601302484286045,554.4438954048873,31.080736302357593,618.2843829349904,20.780925012046954,106.83676674087934,316.46014411704164,107.79464923916959,1.6682886807274262,752.6095081957245,17.344455269342983,2.391200390628952,23.430052940805194,26.043410788292018,55.92131815479897,774.9671885176676,28.359632851615736,35.47754380518258,354.9573182061577,161.509564119489,5.793018060779076,1.5956254329922386,14.871685916940626
37,6729.513737359885,13445.90236122965,5290.309604871675,14057.763851927166,4561.555511451377,12430.455289327621,13109.707324255509,8517.308186606406,9900.66370732384,4880.111279945386,2768.815505629801,69779.0,1712.4601077319944,44669.30344696967,1190.9687496246618,19794.64115820548,23297.493210086926,25558.79118496168,25526.486631947362,1.1402907891897698,2.0114249641121216,0.38182722041454176,1.7153678271258257,0.49234480151373017,7.744310902495405,5.676685576855661,0.13978630490139904,3.1534652333636446,0.5279133617137337,4.252249614806451,0.36564297977144666,35.113799162065625,20.860457424419735,7394.323744743126,6.226041684252271,208.14638887987456,70.28614918216186,0.1071507903978129,1048.34387953287,850.10885710254,620.6081783571,489.742969759,550.171381618,1352.571514485,702.9291121028364,1064.2436322243884,1271.7723990647937,2105.3873744262382,786.0838350715057,1890.3085629043635,5799.052445144001,18023.278962061224,2289.2655554884,6459.715732943878,3449.3852457387,8132.258867638776,7542.696525925,18219.963283639387,2397.185920827,5969.472087072643,2933.3871860912,11689.529816908163,1193.3029100931,3974.6132281827554,449.7463339066,1065.5019071175284,189.4720159979,123.95026563698929,306.7413172554,300.89394762517674,643.1964276817,771.2181537381738,145.0789800426,293.38607757652835,141.0666838902,401.0210954140298,78.9280999831,63.601302484286045,1463.3671357808278,55.945090768847514,1629.4382730143905,46.21700070654994,276.2931281519547,944.2333953607908,379.6129069228363,4.777715450320549,2293.094069483515,25.403003866690522,3.4701841774427997,91.0972226041204,78.71960127904268,85.99654977821555,2515.1836008946602,68.67813683847096,134.4358269368328,1036.782620092159,452.47165372070697,13.048583267850866,1.9534526618145294,55.19517405480332
38,9706.476354108758,18976.692046001932,7945.365079607638,19022.201719501223,6501.778767355306,12779.57363211095,12414.552957099706,7726.022798051408,9369.885835076651,4551.833651602669,2775.5452557274575,64324.0,1843.640652143387,52249.91973383511,1175.8335358997558,17900.884875629803,21652.074905851743,24720.497198647758,22700.67795009715,1.1636640834242387,2.05524864517949,0.3896924901551357,1.7543706319388652,0.503274493357417,7.934158991075112,5.9774991464516924,0.1429808067186607,3.2229722696924994,0.5400349408882787,4.354493939210499,0.3740453922216583,28.91644706945005,18.473069564229807,10821.881201845963,5.551881001608292,169.49749874120138,56.260844696463735,0.11238199958619707,847.78335249461,687.23052483331,501.13433773842,399.24655150325,450.663940817,1092.386607352,332.6866637431085,473.50789883721154,573.9450052364555,943.4577513895929,358.2192313267151,862.1856111867819,5809.3673647312,14517.901391729592,2343.9309083305,5255.835301501021,3426.6146338317003,6529.392460819796,7826.8219289061,14693.451946662959,2444.006764387,4890.186084283219,2889.6168902718,9453.200375158776,1341.2653470834,3193.434382254592,458.72790284589996,1065.5019071175284,197.8500567164,123.95026563698929,308.4158394029,300.89394762517674,656.1169599250001,771.2181537381738,149.6083345702,293.38607757652835,138.3048528135,401.0210954140298,82.6235401615,63.601302484286045,1224.8278097871596,49.48469822275804,1361.0092774844738,40.123130721006284,231.18145364705703,788.4590524238704,308.4051907187683,4.268882256200345,1882.7107634810407,23.48617317468336,3.223011468221714,71.11583491055212,65.64442106828176,78.74312571535506,2073.252312661554,58.09166272627919,105.21692469393317,853.9083470408814,374.71967387817256,11.150696707998513,1.8982534778596893,45.82463831003181
39,5719.900839748503,12337.089799867537,4674.243024742044,14742.77134977976,4268.333133094378,10627.92985912448,12215.101205928207,8352.0770671001,10034.490038922653,4020.8143789503556,2125.4470398507324,70917.0,1182.0789221686107,29647.022638583505,1087.8349047038782,16641.029858041842,21500.04354723765,22579.514187669036,22462.280765793344,1.4660774237191585,2.7435680984579824,0.46657367486822904,2.5402122403591103,0.6777636058836066,8.836349475501835,9.41672936230077,0.18628817828947783,4.409395773341465,0.5640283237226767,5.0058495660956135,0.40465363929429976,44.819241913464055,28.52985647484868,6531.854035736929,8.290335296021624,247.29910723543745,83.8981445302101,0.19867298337576048,1359.38800541355,1078.95291879055,748.649437608136,650.86639742635,716.113687508,1770.166434469,488.98018687497824,647.2649227111833,865.3006248229649,1375.2338118179468,464.87192464544205,1108.299037968507,6074.5481651653,23597.514055438776,2353.4932911631,8533.717654327551,3565.0465382442003,10113.727998397755,7865.180128963,23807.947084792857,2497.64233126,7718.785701387602,3086.5244359034,14821.832557822449,1300.3478561361,4692.502931696735,462.9361967429,1065.5019071175284,193.34972106490002,123.95026563698929,309.8432579941,300.89394762517674,649.4958596232001,771.2181537381738,149.11810953170001,293.38607757652835,147.4989000568,401.0210954140298,81.9517570111,63.601302484286045,1905.090220265874,76.48319855696714,2200.8700211063115,63.65916142213768,385.75255120715843,1213.0919338680094,515.9223503253941,6.178299734855939,2991.4548613835896,37.9424260242552,4.7685481494663735,105.1678659599864,101.51205332187338,126.1144300936115,3317.6709473245432,95.61435205781342,177.66121071937948,1230.9294379933824,558.6359928497886,18.43039744248347,3.2548480951827483,73.12178777297753
40,10023.758446275504,21888.250406023228,8360.04608253157,21682.653722565876,7082.88035502514,12106.846449141265,13286.535766398221,8407.968171215827,10382.377093117833,4613.105076797854,2722.174273750067,67831.0,1744.5584411617333,44102.040776898124,1161.8262484115746,20319.630784923378,21464.194360704074,25655.17362789632,24621.39775595924,1.3549898944453056,2.524239352116194,0.43145761484708617,2.3292370520213934,0.6228058111654304,8.075555653259197,8.098123781154824,0.17092561459863906,4.052903751106303,0.5185128161633092,4.581050860067299,0.37183069757077175,42.11787227011586,25.183791568826166,12509.493498522117,7.3778676863785195,230.48870996828677,78.3321752091962,0.13603973722873425,1251.517945278656,1013.10159986646,688.19817979315,595.6011573509,661.73125623,1650.41053753,686.4067500121891,960.2978417435661,1196.81109954766,1994.281690467993,701.6624656845815,1738.5398085699417,5668.9156536577,22031.3614312449,2219.5768612527,7838.481392952041,3348.9138479142002,9355.608762139796,7655.6670223101,21969.6730244449,2336.9128322965,7161.532396849633,2773.4919276525,13921.713489939797,1338.3795961456,4323.887178587041,444.4958832597,1065.5019071175284,187.2421819139,123.95026563698929,301.5774633004,300.89394762517674,637.419923913,771.2181537381738,142.4917765294,293.38607757652835,134.0281335518,401.0210954140298,79.1040225425,63.601302484286045,1765.6576279415917,67.31184325672692,2025.0594724867185,57.561402214679866,356.51677868842006,1124.0823642582425,486.412282444783,5.832948212997598,2756.6027939552323,32.29979202516328,4.250635650526373,99.97045303834395,95.0576487529497,103.68031026745847,3079.717771441391,87.21226536218184,164.62843083153632,1133.0017396736555,510.64441214185166,16.265679382658664,2.4514720859882617,67.61359801614552
41,4434.533887116043,9784.927731858392,3613.244122938226,12300.973588973548,3343.943004397585,10848.93325240338,11709.833459160614,6879.1781978151985,9057.857131098383,3878.720427263428,2305.6765608037153,58738.0,1571.5282077188294,48095.14922827491,1084.3438267792033,14714.129915238182,18967.905888042245,18082.600264894987,19342.578426774005,0.8382260351717944,1.6234439705261823,0.2701109985334825,1.2375156084182881,0.40682732166287994,4.767638552844836,5.460914078395756,0.0843805651544765,3.3055132456922593,0.33496513096492253,2.853665367410913,0.24079502241353118,18.625963193865257,15.846426979218613,4913.668434108558,4.056991376509841,91.67044414444948,22.21908650879354,0.14216972201597355,429.885906282928,447.64787917294,243.592197887388,216.86450627019,245.5956395859,564.525491453,20.062303661805345,31.347502749151317,35.604189127188874,58.835439246409805,23.15457532161963,64.95587990962667,5023.2457524058,7493.701142530613,2140.6625728445997,2741.5113762091837,3172.6972007457002,3015.5624638630043,6929.0193445857,7212.312177386653,2117.4385086397,2651.351876399402,2209.833700964,6103.564385091837,1098.9676462697,1527.0279148904083,430.56330307679997,1065.5019071175284,190.4783597102,123.95026563698929,306.9018110592,300.89394762517674,643.7075387414,771.2181537381738,140.9527427121,293.38607757652835,112.5305271693,401.0210954140298,77.66479447020001,63.601302484286045,857.0926555834441,42.07657263518121,715.7250020368471,30.564319325305153,118.26720620104557,407.7091920885905,107.92576509369259,2.775108766749057,876.0604208939665,20.978931464435956,2.7619892124765975,26.343767842162087,32.06992991257663,73.40671242889704,930.9762300862511,31.938769504624272,41.43638576750811,435.8615670827263,195.40338458475046,6.917997487688108,2.120061659167543,17.045968710681844
42,13773.987279144481,29473.05874231448,11498.565804141557,27925.0489873173,9626.856693368354,12668.630916550013,13292.283300682713,8393.366718648385,10487.047284028518,4706.620063987491,2730.0919431242173,69414.0,1770.9244310545184,49098.92075366959,1216.7574595214078,19657.247146320435,22340.54122951788,25746.732542545677,24213.202696149056,1.2366102287211538,2.490389770166049,0.39739600779147477,1.919921417305538,0.6306100639332691,7.651539282258434,8.33399002003265,0.12932905303916856,5.1967970199155005,0.517153871526141,4.544406036325151,0.37307117443816523,33.629483030658754,23.14868481995054,17087.65698195393,6.249281399776562,184.86749990310085,70.86631066777213,0.16364778059948157,1016.51158984763,793.00312676856,613.04553661949,480.23045074001,511.54953864099997,1214.954112083,414.6385486405343,600.3206149283214,747.6773515625391,1242.1910521463142,438.53606084670173,1074.6927189966664,5647.2958745884,16062.248166306123,2281.2338056188,6205.099536872449,3416.6665209715,7849.138786801633,7877.2941449018,17513.09741830847,2393.4440778075,5550.288258916367,2734.6394128656,10849.044274705102,1467.7513365600998,3818.0816453972448,447.1144647553,1065.5019071175284,191.3747395052,123.95026563698929,309.4032540342,300.89394762517674,650.9941343962,771.2181537381738,144.8750871348,293.38607757652835,131.3286092183,401.0210954140298,81.3668445942,63.601302484286045,1470.343446651375,60.432505406675716,1528.7589554502176,48.98349216220023,273.41304160009696,897.6553302312391,337.23609862149533,4.689650028661239,2300.1804519888346,30.69257244086396,3.910378278650141,85.25671353036849,74.1752241365923,107.82851234914722,2475.258190213159,70.03506543023491,126.10258352276252,1035.131265832012,474.0048497357638,14.11486380527762,2.8706368236550146,53.86471806786445
43,7214.107791273866,15216.596045797598,5989.591763945583,17202.9737015473,5262.265801854043,12838.939642580735,14219.055534292009,7250.701357924781,9598.346272998586,4543.334041619456,2861.1853867579143,68361.0,1649.7174051382385,51348.61378926072,1168.4292334338647,17682.212080878715,21219.627506370733,21536.979369439272,21305.524271407034,0.8830906187697795,1.7210762635053107,0.2844453748242375,1.314365676659711,0.43202892280806265,5.092412997860652,7.411594646727233,0.08944250090634243,3.5185027677919565,0.35548256643016185,3.044070452028351,0.2556914831080585,34.528354260416855,20.483709258231038,8333.525537632302,6.227044553653655,191.26556059360635,68.30951962802179,0.13090425067593373,1002.378053816396,830.99088084367,601.00672230816,474.04317645289,517.456141208,1219.040655967,227.25896465301048,346.2858866734896,411.0665658650687,665.618966164242,258.8724746997468,633.640260566026,5138.9963720085,16227.992611622449,2137.3530249373,6210.068989846939,3171.3663385437,7842.96291767598,6998.6064722928,17247.99874444653,2149.8458380327,5665.608993523934,2356.3241830517,11397.793398993368,1121.4093616718,3792.5198912617348,426.72149099,1065.5019071175284,185.9394732279,123.95026563698929,297.9597606125,300.89394762517674,627.0575866156,771.2181537381738,138.9150811096,293.38607757652835,117.8586236392,401.0210954140298,76.45456841309999,63.601302484286045,1460.3919743909144,54.76292812754578,1446.7658838466748,46.77966360450545,254.9947334700425,899.6814472533105,328.5211576166463,5.053461474934855,2233.1931961173736,24.6693089898276,3.2681744387359686,88.1888350933963,74.88954182802907,89.59214183048267,2446.4396656448844,65.00329302404455,129.97874590068196,998.8722042419869,452.2512556117951,13.15615356378258,2.1358009203701402,54.30952453381504
44,11395.446614417422,24644.932369181075,9553.740047075635,23971.97617529366,7999.392192432919,12687.521878754545,12999.726312342984,8905.955497786152,10519.754996604228,4870.532662099987,2709.4939279242317,75608.0,1690.0601212521615,39745.209013940155,1192.1876516737664,19266.3128214992,24680.550123303146,25281.72041139066,24837.45554287901,1.4139094283594682,3.5980358077227867,0.4662472382292863,2.2707574090855336,0.7960305367185613,11.338452408703706,10.802723148945928,0.19729929813359118,6.340001530994972,0.6246593949424684,5.54891496541772,0.46366198990826046,44.70108418252539,32.467872611924065,14080.111706868247,8.637896601675696,258.48214669998663,94.67928280066619,0.24190990498572354,1486.223724864016,1064.29244466737,846.73470048295,657.0407837949,709.683398837,1691.746473038,678.9116354882717,965.6266855406575,1199.975847454043,2037.3424047814915,700.5586464302614,1759.6166976324748,5551.8074804245,22375.291247438778,2338.8988927794003,8515.58680002245,3433.2734101949,10929.669938875102,7764.6168274854,25454.061592005102,2444.7679636530997,7694.887190810504,2667.4317851776,14573.47559037551,1439.3135438699,5300.390211387959,446.0236871081,1065.5019071175284,196.8186281527,123.95026563698929,309.0649680668,300.89394762517674,649.4964855657,771.2181537381738,149.4251159746,293.38607757652835,128.2626262654,401.0210954140298,83.49121549380001,63.601302484286045,1933.5822650160883,83.56367646942888,2119.8084901447264,65.95353629595569,376.4039508076892,1225.0209629599342,450.9151647822925,5.912299820296801,3341.221550747119,42.86965135206877,5.255647428245501,116.89099613435314,101.7737167297487,156.03788376591197,3281.111066360572,95.672102990166,169.3427786364402,1418.775501976573,644.1869392481957,20.400232801642563,4.041879380663548,70.54321279347005
45,10480.307192541815,21800.277032157042,8811.659813778548,22511.5530667361,7466.92450858618,13579.289001633811,13420.21692551758,8775.869428745162,10716.78941887537,4775.181232338564,2993.258381299338,75443.0,1953.4814654041907,50575.86707318058,1200.9930740046743,19615.90710741519,23878.41427696299,25493.97607347445,25067.146443744074,1.4684202670157294,3.75035063606351,0.4842332262564065,2.366330865954734,0.8297231653718554,11.8452370133697,10.634449707144272,0.2056884133579557,6.612857933146914,0.6508215525480225,5.79202325413424,0.48324193304860386,41.03901032017427,25.62983709322723,12477.723630907838,7.217063645814398,243.63599544076925,86.19694176496075,0.17165631889915217,1369.83284680255,967.35124247931,758.68201364611,584.96280132856,643.227064479,1528.290424165,678.1699843034148,993.8097478238633,1206.626301538432,1979.751006074177,734.6608595725847,1774.922288009664,5319.6899076462,20253.184082530614,2240.3763023589,7655.89404080102,3294.1905110196003,9993.69310804704,7282.7633260299,23453.651128209185,2285.5885747913,6981.295754527745,2480.9037662593,13283.334310454082,1213.8761794297,4802.487188854796,435.3871649772,1065.5019071175284,191.6434500745,123.95026563698929,303.6162052952,300.89394762517674,638.5412251766,771.2181537381738,143.9212291419,293.38607757652835,121.9732839194,401.0210954140298,79.3695309421,63.601302484286045,1716.5970556396774,66.93775348077138,1857.3064757209488,56.11720375969478,333.288162150905,1123.7354079002703,419.8760520303292,5.57735918638418,3133.1450515884053,32.330171135442235,3.9774895309781657,109.54840231144672,92.664377054138,120.60556510932498,3024.4855425364385,83.44593053581339,161.17426515159949,1276.7077654090074,574.5269444164412,17.415615083505447,2.9008475162488794,69.25393988110262
46,4370.674927174315,9627.417433256856,3548.906023531282,12191.109551637534,3291.859200768103,9211.937137130713,10231.47824364542,7151.6680181986285,8004.5847690298215,3508.51874941178,2001.7458141795037,59427.0,1129.9753815021702,39773.87879495572,978.6413615939127,13013.470969275655,20363.338080094636,17468.74747331827,18698.928449738956,1.758689513249698,4.244054882811455,0.5829489927681548,2.73263596394459,0.9657030498948708,14.069887847823088,9.004484981332109,0.23153199296275237,7.623561804243477,0.6536407940521444,6.722687462463264,0.49663373490568635,27.61508131204424,24.577064042519055,4813.269861093435,5.954478743123908,175.19403644786274,60.781187969941826,0.22383884875876175,959.08063025601,687.80703867449,581.521658097945,443.468885561895,477.100390357,1093.384301967,24.73002444251324,40.01560223742854,48.36090476348181,72.43611839335063,29.730636297084857,59.625507221964654,4958.4263503922,14404.379555765307,2126.1888904316997,5683.336535489796,3168.4689774171998,7253.423301059184,6875.494531786199,16365.02919157296,2143.805685873,5152.803465380997,2262.5605393407,9367.65002067551,1082.8017278219,3614.376334280408,419.0841112858,1065.5019071175284,185.2523301152,123.95026563698929,299.7388532155,300.89394762517674,625.8204545132,771.2181537381738,137.7740030331,293.38607757652835,112.9015235315,401.0210954140298,75.7196581876,63.601302484286045,1273.8415411933006,60.5679258275366,1411.3004085897533,45.94581123454325,253.5574009394535,805.4497102203285,281.13094908723,4.009339813016391,2117.95302817865,33.20662281664882,3.7541441561528854,73.8504653995792,67.53735944715534,121.80621954134726,2072.236158230603,63.68361185394529,103.68140983044186,976.6806775244856,447.82427226398863,14.147653164084055,3.357604053027423,43.89557246000728
47,9746.884597878725,21343.567199020785,8140.0498998742505,21247.891895887722,6896.424341292709,10895.713665681604,11054.034549182881,7740.075894291948,9280.389488120125,3944.2425919953785,2421.4583623149006,64456.0,1537.4732965404278,46013.04372185067,1079.3009386276126,16035.209019477545,22757.87225305872,21665.946438123585,22613.709294291883,1.5287196808668604,3.649720204484973,0.5066227942391434,2.351114355409209,0.8301639837763225,12.0039270096703,10.720513812945109,0.19900254077605617,6.539673274906317,0.5640192934901112,5.7523856263964275,0.4278451888945117,52.15986541218106,33.33500879359663,12132.947760345645,9.051937207613715,295.8192024241891,116.73002895073611,0.21537786121816163,1711.63385171108,1231.1403990976,1026.4102414518,741.63571394833,800.145294655,1951.013117467,559.9086135458201,801.1747228002641,999.3285430941469,1635.9307286839176,591.095126682194,1416.9756992172333,5215.9650658304,25867.46208360204,2179.0702187045,9682.842858006123,3248.296318798,13208.339298059183,7340.6745173038,29328.72825641939,2230.4978111375,8671.50906555199,2418.5228607137,16912.57808250306,1242.1357855344,6491.027411636531,430.1113382453,1065.5019071175284,187.4759763966,123.95026563698929,305.4187976184,300.89394762517674,641.2771924437,771.2181537381738,138.8972659662,293.38607757652835,118.4586391226,401.0210954140298,77.2491917056,63.601302484286045,2185.1307292141973,85.11502356127069,2374.668865530519,71.72169984409027,421.43800430379025,1389.450567975946,539.2918205100059,7.212599031474355,3865.543042882999,40.867578278326036,4.982170521761477,150.07144285539087,116.79356893748867,153.57957991569418,3818.347088711332,106.05835306214497,202.17241947345315,1717.5947079756731,771.2026538333192,22.345002864839586,3.677630879871759,85.22940657266928
48,4897.883085175622,10690.174383604985,4007.6527972806953,13054.539140093411,3644.2686781729267,10994.140342795654,12335.305354250995,7539.2856504277015,9238.27440797594,4009.8031761100847,2611.4335502073786,66864.0,1417.5343077995144,51327.569703870526,1111.470270220048,15521.956121909992,20882.439722310406,17325.83275146583,20195.05394347366,1.005325141175366,2.4474967942902803,0.32595314762966543,1.5185948943360572,0.4736908738564578,7.453609997471513,6.403234529044311,0.13328564829804102,4.032867247307708,0.31228177784728167,3.503117300784072,0.24409939103089728,24.422463145236847,21.873258712062754,5490.655250478439,5.169178894689603,166.20015921275981,63.987560493113406,0.19298586911171897,908.75567060786,614.98091217779,565.3884029254,396.74563549779,448.113711662,1039.909984837,75.12071930180537,118.38914723867492,138.164128278906,235.19424207834527,86.78448987008596,221.76212953950744,4497.6107736758,13605.630428867347,1999.7296935388,5066.348070161224,2930.7225481794,7192.468194530204,6470.688365742,15521.66742606745,1996.505407007,4728.889522540732,1929.6098790931999,8375.24500869551,995.5091688532,3488.3820000483674,400.0663509584,1065.5019071175284,180.9541194306,123.95026563698929,290.6052523246,300.89394762517674,612.1017936708,771.2181537381738,131.5005858913,293.38607757652835,96.4792800267,401.0210954140298,72.0665681266,63.601302484286045,1138.548879218252,55.11951976860751,1316.7559278640938,40.74298401656201,239.3567869865694,744.8025240325472,253.34263943227856,3.4924285105537836,1977.047429924638,30.383116139098505,3.657242775063847,78.1145077567791,61.358401926591576,111.56160854720835,1853.5507354265028,63.35568948511934,93.87132271102291,951.1572263241922,446.56833005734455,13.469300771121786,2.9566817127666347,39.23361654678536
49,11076.23678430431,24540.739324674378,9265.764722533682,23258.985608055613,7716.091957020113,10762.386350181623,11826.022099184753,7420.682328159744,9626.177879766692,4038.248630173406,2481.6221338989544,70146.0,1465.7269057644937,39529.6010789558,1154.2147834757984,15713.934751314762,22274.280805675888,19525.189163365445,22692.99286813251,1.6606880294708684,4.271065372867736,0.5374612907512317,2.636742778323882,0.8185206619771668,13.472038954437185,10.792203249978558,0.23316658685865194,7.087222651204624,0.5264557229838127,6.232932344702765,0.4166648532743832,57.28524527589437,40.45475680506123,14174.79664619708,10.356742382196183,334.7467479162325,126.84356566257523,0.2758515098250331,1975.09639625754,1370.85577441657,1125.46572852437,846.15117257377,901.811754644,2198.40561238,402.30641072566505,569.1581293021445,706.5171894030645,1176.5691724566277,415.2586534214206,1017.9037387021817,4837.7179093495,29140.5532227449,2068.2425568385,11012.866071819388,3013.6618456627,14474.738806618367,6812.502343619,33775.28553823775,2015.6834329459,9831.615562745174,2152.2243780849,18814.77350197347,1105.3158488222998,7070.0555991401025,417.6573489102,1065.5019071175284,184.8731380566,123.95026563698929,295.5186748575,300.89394762517674,627.1252910941,771.2181537381738,135.1515487644,293.38607757652835,111.3433712226,401.0210954140298,74.6611975398,63.601302484286045,2461.9794751274553,102.65251974818827,2740.3015003507458,83.29927082528616,483.7649437285971,1566.6979828939736,608.3356494338659,7.984175869064586,4500.224339659023,50.78130305458353,6.1584207261365425,157.9857608813378,132.15516106030225,189.75638014105704,4308.725208430394,116.96819213382152,226.99906397193905,1881.6288590404945,847.8166757775969,26.272834459908204,4.773474574744407,96.54870048014111
